DateG,Day,City,Holiday Name,Type of Public Holiday,School,Cloudy,Widespread Dust,Blowing Dust,Fog,Mist,Rain,Match,Event,Effect on City,Pay Day,days till next payday,days after payday,days after school,days before school,is_payday,is_holiday,has_event,has_match,is_weekend,has_rain,bad_weather,payday_window,is_vacation,impact_score,impact_level,stable_weather,rain_or_mist,dust,fog
2022-01-01,Saturday,Riyadh,No Holiday,,False,False,False,False,True,False,True,"Preimer League, KSA League",FALSE,FALSE,FALSE,26.0,30.0,Vacation,Vacation,0,0,0,1,1,1,1,0,1,5,Medium,0,1,0,1
2022-02-01,Sunday,Riyadh,No Holiday,,True,False,False,False,True,False,True,Preimer League,FALSE,FALSE,FALSE,25.0,29.0,Vacation,Vacation,0,0,0,1,0,1,1,0,1,4,Medium,0,1,0,1
2022-03-01,Monday,Riyadh,No Holiday,,True,False,False,False,False,False,False,,FALSE,FALSE,FALSE,24.0,28.0,Vacation,Vacation,0,0,0,0,0,0,0,0,1,0,Low,1,0,0,0
2022-04-01,Tuesday,Riyadh,No Holiday,,True,False,False,False,False,False,False,,FALSE,FALSE,FALSE,23.0,27.0,Vacation,Vacation,0,0,0,0,0,0,0,0,1,0,Low,1,0,0,0
2022-05-01,Wednesday,Riyadh,No Holiday,,True,False,False,False,False,False,False,Preimer League,FALSE,FALSE,FALSE,22.0,26.0,Vacation,Vacation,0,0,0,1,0,0,0,0,1,2,Low,1,0,0,0
2022-06-01,Thursday,Riyadh,No Holiday,,False,False,False,False,False,False,False,KSA League,FALSE,FALSE,FALSE,21.0,25.0,Vacation,Vacation,0,0,0,1,1,0,0,0,1,3,Medium,1,0,0,0
2022-07-01,Friday,Riyadh,No Holiday,,False,False,False,False,False,False,False,,FALSE,FALSE,FALSE,20.0,24.0,Vacation,Vacation,0,0,0,0,1,0,0,0,1,1,Low,1,0,0,0
2022-08-01,Saturday,Riyadh,No Holiday,,False,False,False,False,False,False,False,,FALSE,FALSE,FALSE,19.0,23.0,Vacation,Vacation,0,0,0,0,1,0,0,0,1,1,Low,1,0,0,0
2022-09-01,Sunday,Riyadh,No Holiday,,False,False,False,False,False,False,False,,FALSE,FALSE,FALSE,18.0,22.0,Vacation,Vacation,0,0,0,0,0,0,0,0,1,0,Low,1,0,0,0
2022-10-01,Monday,Riyadh,No Holiday,,False,False,False,False,False,False,False,,FALSE,FALSE,FALSE,17.0,21.0,Vacation,Vacation,0,0,0,0,0,0,0,0,1,0,Low,1,0,0,0
2022-11-01,Tuesday,Riyadh,No Holiday,,False,False,False,False,False,False,False,,FALSE,FALSE,FALSE,16.0,20.0,Vacation,Vacation,0,0,0,0,0,0,0,0,1,0,Low,1,0,0,0
2022-12-01,Wednesday,Riyadh,No Holiday,,False,False,False,False,False,False,False,"Preimer League, La liga",FALSE,FALSE,FALSE,15.0,19.0,Vacation,Vacation,0,0,0,1,0,0,0,0,1,2,Low,1,0,0,0
,Thursday,Riyadh,No Holiday,,False,False,False,False,False,False,False,Preimer League,FALSE,FALSE,FALSE,14.0,18.0,Vacation,Vacation,0,0,0,1,1,0,0,0,1,3,Medium,1,0,0,0
,Friday,Riyadh,No Holiday,,False,False,True,True,False,False,True,,الحفلة الكورية (ستراي كيدز – تشونغها),حفلة لفرقة ستراي كيدز والمغنية تشونغها، تستهدف محبي الموسيقى الكورية في بوليفارد الرياض,FALSE,13.0,17.0,Vacation,Vacation,0,0,1,0,1,1,1,0,1,6,High,0,1,1,0
,Saturday,Riyadh,No Holiday,,False,False,True,False,True,False,True,Preimer League,FALSE,FALSE,FALSE,12.0,16.0,Vacation,Vacation,0,0,0,1,1,1,1,0,1,6,High,0,1,1,1
,Sunday,Riyadh,No Holiday,,True,False,False,False,True,False,False,La liga,FALSE,FALSE,FALSE,11.0,15.0,1,53,0,0,0,1,0,0,1,0,0,3,Medium,0,0,0,1
,Monday,Riyadh,No Holiday,,True,False,False,False,False,False,False,,FALSE,FALSE,FALSE,10.0,14.0,2,52,0,0,0,0,0,0,0,0,0,0,Low,1,0,0,0
,Tuesday,Riyadh,No Holiday,,True,True,False,False,True,False,True,,FALSE,FALSE,FALSE,9.0,13.0,3,51,0,0,0,0,0,1,1,0,0,2,Low,0,1,0,1
,Wednesday,Riyadh,No Holiday,,True,True,False,False,False,False,False,,FALSE,FALSE,FALSE,8.0,12.0,4,50,0,0,0,0,0,0,0,0,0,0,Low,1,0,0,0
,Thursday,Riyadh,No Holiday,,True,False,False,True,False,False,False,Preimer League,FALSE,FALSE,FALSE,7.0,11.0,5,49,0,0,0,1,1,0,1,0,0,4,Medium,0,0,1,0
,Friday,Riyadh,No Holiday,,False,False,True,True,False,False,False,KSA League,FALSE,FALSE,FALSE,6.0,10.0,6,48,0,0,0,1,1,0,1,0,0,4,Medium,0,0,1,0
,Saturday,Riyadh,No Holiday,,False,False,False,False,False,False,False,,FALSE,FALSE,FALSE,5.0,9.0,7,47,0,0,0,0,1,0,0,0,0,1,Low,1,0,0,0
,Sunday,Riyadh,No Holiday,,True,False,False,False,False,False,False,Preimer League,FALSE,FALSE,FALSE,4.0,8.0,8,46,0,0,0,1,0,0,0,0,0,2,Low,1,0,0,0
,Monday,Riyadh,No Holiday,,True,False,False,False,False,False,False,,FALSE,FALSE,FALSE,3.0,7.0,9,45,0,0,0,0,0,0,0,1,0,2,Low,1,0,0,0
,Tuesday,Riyadh,No Holiday,,True,False,False,False,False,False,False,,FALSE,FALSE,FALSE,2.0,6.0,10,44,0,0,0,0,0,0,0,1,0,2,Low,1,0,0,0
,Wednesday,Riyadh,No Holiday,,True,False,True,False,False,False,False,,FALSE,FALSE,FALSE,1.0,5.0,11,43,0,0,0,0,0,0,1,1,0,3,Medium,0,0,1,0
,Thursday,Riyadh,No Holiday,,True,False,True,True,False,False,False,World Cup,FALSE,FALSE,TRUE,31.0,4.0,12,42,1,0,0,1,1,0,1,1,0,8,High,0,0,1,0
,Friday,Riyadh,No Holiday,,False,False,True,True,False,False,False,,FALSE,FALSE,FALSE,30.0,3.0,13,41,0,0,0,0,1,0,1,1,0,4,Medium,0,0,1,0
,Saturday,Riyadh,No Holiday,,False,False,False,False,False,False,False,,FALSE,FALSE,FALSE,29.0,2.0,14,40,0,0,0,0,1,0,0,1,0,3,Medium,1,0,0,0
,Sunday,Riyadh,No Holiday,,True,False,True,False,False,False,False,,FALSE,FALSE,FALSE,28.0,1.0,15,39,0,0,0,0,0,0,1,1,0,3,Medium,0,0,1,0
,Monday,Riyadh,No Holiday,,True,False,False,False,False,False,False,,FALSE,FALSE,FALSE,27.0,0.0,16,38,0,0,0,0,0,0,0,1,0,2,Low,1,0,0,0
2022-01-02,Tuesday,Riyadh,No Holiday,,True,False,False,False,False,False,False,World Cup,FALSE,FALSE,FALSE,26.0,27.0,17,37,0,0,0,1,0,0,0,0,0,2,Low,1,0,0,0
2022-02-02,Wednesday,Riyadh,No Holiday,,False,False,False,False,False,False,False,,FALSE,FALSE,FALSE,25.0,26.0,18,36,0,0,0,0,0,0,0,0,0,0,Low,1,0,0,0
2022-03-02,Thursday,Riyadh,No Holiday,,False,False,False,False,False,False,False,,FALSE,FALSE,FALSE,24.0,25.0,19,35,0,0,0,0,1,0,0,0,0,1,Low,1,0,0,0
2022-04-02,Friday,Riyadh,No Holiday,,False,False,False,False,False,False,False,,FALSE,FALSE,FALSE,23.0,24.0,20,34,0,0,0,0,1,0,0,0,0,1,Low,1,0,0,0
2022-05-02,Saturday,Riyadh,No Holiday,,False,False,False,False,False,False,False,KSA League,FALSE,FALSE,FALSE,22.0,23.0,21,33,0,0,0,1,1,0,0,0,0,3,Medium,1,0,0,0
2022-06-02,Sunday,Riyadh,No Holiday,,True,False,False,False,False,False,False,"KSA League, La liga",FALSE,FALSE,FALSE,21.0,22.0,22,32,0,0,0,1,0,0,0,0,0,2,Low,1,0,0,0
2022-07-02,Monday,Riyadh,No Holiday,,True,False,False,False,False,False,False,,FALSE,FALSE,FALSE,20.0,21.0,23,31,0,0,0,0,0,0,0,0,0,0,Low,1,0,0,0
2022-08-02,Tuesday,Riyadh,No Holiday,,True,False,False,False,False,False,False,,FALSE,FALSE,FALSE,19.0,20.0,24,30,0,0,0,0,0,0,0,0,0,0,Low,1,0,0,0
2022-09-02,Wednesday,Riyadh,No Holiday,,True,False,False,False,False,False,False,,FALSE,FALSE,FALSE,18.0,19.0,25,29,0,0,0,0,0,0,0,0,0,0,Low,1,0,0,0
2022-10-02,Thursday,Riyadh,No Holiday,,True,False,False,False,False,False,False,,FALSE,FALSE,FALSE,17.0,18.0,26,28,0,0,0,0,1,0,0,0,0,1,Low,1,0,0,0
2022-11-02,Friday,Riyadh,No Holiday,,False,False,False,False,False,False,False,KSA League,FALSE,FALSE,FALSE,16.0,17.0,27,27,0,0,0,1,1,0,0,0,0,3,Medium,1,0,0,0
2022-12-02,Saturday,Riyadh,No Holiday,,False,False,False,False,False,False,False,,FALSE,FALSE,FALSE,15.0,16.0,28,26,0,0,0,0,1,0,0,0,0,1,Low,1,0,0,0
,Sunday,Riyadh,No Holiday,,True,False,False,False,False,False,False,,FALSE,FALSE,FALSE,14.0,15.0,29,25,0,0,0,0,0,0,0,0,0,0,Low,1,0,0,0
,Monday,Riyadh,No Holiday,,True,False,False,False,False,False,False,,FALSE,FALSE,FALSE,13.0,14.0,30,24,0,0,0,0,0,0,0,0,0,0,Low,1,0,0,0
,Tuesday,Riyadh,No Holiday,,True,False,False,False,False,False,False,UEFA CL,FALSE,FALSE,FALSE,12.0,13.0,31,23,0,0,0,1,0,0,0,0,0,2,Low,1,0,0,0
,Wednesday,Riyadh,No Holiday,,True,False,False,False,False,False,False,UEFA CL,FALSE,FALSE,FALSE,11.0,12.0,32,22,0,0,0,1,0,0,0,0,0,2,Low,1,0,0,0
,Thursday,Riyadh,No Holiday,,True,False,False,False,False,False,False,KSA League,FALSE,FALSE,FALSE,10.0,11.0,33,21,0,0,0,1,1,0,0,0,0,3,Medium,1,0,0,0
,Friday,Riyadh,No Holiday,,False,False,False,False,False,False,False,,FALSE,FALSE,FALSE,9.0,10.0,34,20,0,0,0,0,1,0,0,0,0,1,Low,1,0,0,0
,Saturday,Riyadh,No Holiday,,False,False,True,True,False,False,False,Preimer League,FALSE,FALSE,FALSE,8.0,9.0,35,19,0,0,0,1,1,0,1,0,0,4,Medium,0,0,1,0
,Sunday,Riyadh,No Holiday,,True,False,True,False,False,False,False,,FALSE,FALSE,FALSE,7.0,8.0,36,18,0,0,0,0,0,0,1,0,0,1,Low,0,0,1,0
,Monday,Riyadh,No Holiday,,True,False,True,True,False,False,False,KSA League,FALSE,FALSE,FALSE,6.0,7.0,37,17,0,0,0,1,0,0,1,0,0,3,Medium,0,0,1,0
,Tuesday,Riyadh,Founding Day,Founding Day is a national holiday in Saudi Arabia,False,False,True,False,False,False,False,UEFA CL,إعلان يوم التأسيس كإجازة رسمية في السعودية,تعزيز الهوية الوطنية والتراث، مع إقامة فعاليات ثقافية وترفيهية في الرياض.,FALSE,5.0,6.0,38,16,0,1,1,1,0,0,1,0,0,9,High,0,0,1,0
,Wednesday,Riyadh,No Holiday,,False,False,False,False,False,False,False,UEFA CL,FALSE,FALSE,FALSE,4.0,5.0,39,15,0,0,0,1,0,0,0,1,0,4,Medium,1,0,0,0
,Thursday,Riyadh,No Holiday,,False,False,False,False,False,False,False,,FALSE,FALSE,FALSE,3.0,4.0,40,14,0,0,0,0,1,0,0,1,0,3,Medium,1,0,0,0
,Friday,Riyadh,No Holiday,,False,False,False,False,False,False,False,,FALSE,FALSE,FALSE,2.0,3.0,41,13,0,0,0,0,1,0,0,1,0,3,Medium,1,0,0,0
,Saturday,Riyadh,No Holiday,,False,False,False,False,False,False,False,KSA League,FALSE,FALSE,FALSE,1.0,2.0,42,12,0,0,0,1,1,0,0,1,0,5,Medium,1,0,0,0
,Sunday,Riyadh,No Holiday,,True,False,False,False,False,False,False,Preimer League,FALSE,FALSE,TRUE,31.0,1.0,43,11,1,0,0,1,0,0,0,1,0,6,High,1,0,0,0
,Monday,Riyadh,No Holiday,,True,False,False,False,False,False,False,,FALSE,FALSE,FALSE,30.0,0.0,44,10,0,0,0,0,0,0,0,1,0,2,Low,1,0,0,0
2022-01-03,Tuesday,Riyadh,No Holiday,,True,False,False,False,False,False,False,,FALSE,FALSE,FALSE,29.0,30.0,45,9,0,0,0,0,0,0,0,0,0,0,Low,1,0,0,0
2022-02-03,Wednesday,Riyadh,No Holiday,,True,False,False,False,False,False,False,,FALSE,FALSE,FALSE,28.0,29.0,46,8,0,0,0,0,0,0,0,0,0,0,Low,1,0,0,0
2022-03-03,Thursday,Riyadh,No Holiday,,True,False,True,False,False,False,False,KSA League,FALSE,FALSE,FALSE,27.0,28.0,47,7,0,0,0,1,1,0,1,0,0,4,Medium,0,0,1,0
2022-04-03,Friday,Riyadh,No Holiday,,False,False,True,True,False,False,False,,FALSE,FALSE,FALSE,26.0,27.0,48,6,0,0,0,0,1,0,1,0,0,2,Low,0,0,1,0
2022-05-03,Saturday,Riyadh,No Holiday,,False,False,True,False,False,False,False,,FALSE,FALSE,FALSE,25.0,26.0,49,5,0,0,0,0,1,0,1,0,0,2,Low,0,0,1,0
2022-06-03,Sunday,Riyadh,No Holiday,,True,False,True,False,False,False,False,Preimer League,FALSE,FALSE,FALSE,24.0,25.0,50,4,0,0,0,1,0,0,1,0,0,3,Medium,0,0,1,0
2022-07-03,Monday,Riyadh,No Holiday,,True,False,True,True,False,False,False,,FALSE,FALSE,FALSE,23.0,24.0,51,3,0,0,0,0,0,0,1,0,0,1,Low,0,0,1,0
2022-08-03,Tuesday,Riyadh,No Holiday,,True,False,True,False,False,False,False,"UEFA CL, KSA League",FALSE,FALSE,FALSE,22.0,23.0,52,2,0,0,0,1,0,0,1,0,0,3,Medium,0,0,1,0
2022-09-03,Wednesday,Riyadh,No Holiday,,True,False,False,False,False,False,False,UEFA CL,FALSE,FALSE,FALSE,21.0,22.0,53,1,0,0,0,1,0,0,0,0,0,2,Low,1,0,0,0
2022-10-03,Thursday,Riyadh,No Holiday,,False,False,False,False,False,False,False,,FALSE,FALSE,FALSE,20.0,21.0,Vacation	,Vacation,0,0,0,0,1,0,0,0,0,1,Low,1,0,0,0
2022-11-03,Friday,Riyadh,No Holiday,,False,False,True,True,False,False,False,,FALSE,FALSE,FALSE,19.0,20.0,Vacation	,Vacation,0,0,0,0,1,0,1,0,0,2,Low,0,0,1,0
2022-12-03,Saturday,Riyadh,No Holiday,,False,False,True,False,False,False,False,Preimer League,FALSE,FALSE,FALSE,18.0,19.0,Vacation	,Vacation,0,0,0,1,1,0,1,0,0,4,Medium,0,0,1,0
,Sunday,Riyadh,No Holiday,,False,False,True,False,False,False,False,KSA League,FALSE,FALSE,FALSE,17.0,18.0,Vacation	,Vacation,0,0,0,1,0,0,1,0,0,3,Medium,0,0,1,0
,Monday,Riyadh,No Holiday,,False,False,True,False,False,False,False,,FALSE,FALSE,FALSE,16.0,17.0,Vacation	,Vacation,0,0,0,0,0,0,1,0,0,1,Low,0,0,1,0
,Tuesday,Riyadh,No Holiday,,False,False,False,True,False,False,False,UEFA CL,FALSE,FALSE,FALSE,15.0,16.0,Vacation	,Vacation,0,0,0,1,0,0,1,0,0,3,Medium,0,0,1,0
,Wednesday,Riyadh,No Holiday,,False,False,False,True,False,False,False,"UEFA CL, Preimer League",FALSE,FALSE,FALSE,14.0,15.0,Vacation	,Vacation,0,0,0,1,0,0,1,0,0,3,Medium,0,0,1,0
,Thursday,Riyadh,No Holiday,,False,False,False,False,False,False,False,KSA League,FALSE,FALSE,FALSE,13.0,14.0,Vacation	,Vacation,0,0,0,1,1,0,0,0,0,3,Medium,1,0,0,0
,Friday,Riyadh,No Holiday,,False,False,False,False,False,False,False,KSA League,FALSE,FALSE,FALSE,12.0,13.0,Vacation	,Vacation,0,0,0,1,1,0,0,0,0,3,Medium,1,0,0,0
,Saturday,Riyadh,No Holiday,,False,False,False,False,False,False,False,,FALSE,FALSE,FALSE,11.0,12.0,Vacation	,Vacation,0,0,0,0,1,0,0,0,0,1,Low,1,0,0,0
,Sunday,Riyadh,No Holiday,,True,False,False,False,False,False,False,La liga,FALSE,FALSE,FALSE,10.0,11.0,1,102,0,0,0,1,0,0,0,0,0,2,Low,1,0,0,0
,Monday,Riyadh,No Holiday,,True,False,False,False,False,False,False,,FALSE,FALSE,FALSE,9.0,10.0,2,101,0,0,0,0,0,0,0,0,0,0,Low,1,0,0,0
,Tuesday,Riyadh,No Holiday,,True,False,False,False,False,False,False,,FALSE,FALSE,FALSE,8.0,9.0,3,100,0,0,0,0,0,0,0,0,0,0,Low,1,0,0,0
,Wednesday,Riyadh,No Holiday,,True,False,False,False,False,False,False,,FALSE,FALSE,FALSE,7.0,8.0,4,99,0,0,0,0,0,0,0,0,0,0,Low,1,0,0,0
,Thursday,Riyadh,No Holiday,,True,False,False,False,False,False,False,World Cup,FALSE,FALSE,FALSE,6.0,7.0,5,98,0,0,0,1,1,0,0,0,0,3,Medium,1,0,0,0
,Friday,Riyadh,No Holiday,,False,False,False,False,False,False,False,,FALSE,FALSE,FALSE,5.0,6.0,6,97,0,0,0,0,1,0,0,0,0,1,Low,1,0,0,0
,Saturday,Riyadh,No Holiday,,False,False,False,False,False,False,False,,FALSE,FALSE,FALSE,4.0,5.0,7,96,0,0,0,0,1,0,0,1,0,3,Medium,1,0,0,0
,Sunday,Riyadh,No Holiday,,True,False,False,False,False,False,False,,FALSE,FALSE,TRUE,31.0,4.0,8,95,1,0,0,0,0,0,0,1,0,4,Medium,1,0,0,0
,Monday,Riyadh,No Holiday,,True,False,False,False,False,False,False,,FALSE,FALSE,FALSE,30.0,3.0,9,94,0,0,0,0,0,0,0,1,0,2,Low,1,0,0,0
,Tuesday,Riyadh,No Holiday,,True,False,False,False,False,False,False,World Cup,FALSE,FALSE,FALSE,29.0,2.0,10,93,0,0,0,1,0,0,0,1,0,4,Medium,1,0,0,0
,Wednesday,Riyadh,No Holiday,,True,False,False,False,False,False,False,,FALSE,FALSE,FALSE,28.0,1.0,11,92,0,0,0,0,0,0,0,1,0,2,Low,1,0,0,0
,Thursday,Riyadh,No Holiday,,True,False,False,False,False,False,False,,FALSE,FALSE,FALSE,27.0,0.0,12,91,0,0,0,0,1,0,0,1,0,3,Medium,1,0,0,0
2022-01-04,Friday,Riyadh,No Holiday,,False,False,False,False,False,False,False,,FALSE,FALSE,FALSE,26.0,29.0,13,90,0,0,0,0,1,0,0,0,0,1,Low,1,0,0,0
2022-02-04,Saturday,Riyadh,No Holiday,,False,False,False,False,False,False,False,,FALSE,FALSE,FALSE,25.0,28.0,14,89,0,0,0,0,1,0,0,0,0,1,Low,1,0,0,0
2022-03-04,Sunday,Riyadh,No Holiday,,True,False,False,False,False,False,False,"KSA League, La liga",FALSE,FALSE,FALSE,24.0,27.0,15,88,0,0,0,1,0,0,0,0,0,2,Low,1,0,0,0
2022-04-04,Monday,Riyadh,No Holiday,,True,False,False,False,False,False,False,,FALSE,FALSE,FALSE,23.0,26.0,16,87,0,0,0,0,0,0,0,0,0,0,Low,1,0,0,0
2022-05-04,Tuesday,Riyadh,No Holiday,,True,False,False,False,False,False,False,UEFA CL,FALSE,FALSE,FALSE,22.0,25.0,17,86,0,0,0,1,0,0,0,0,0,2,Low,1,0,0,0
2022-06-04,Wednesday,Riyadh,No Holiday,,True,False,False,False,False,False,False,UEFA CL,FALSE,FALSE,FALSE,21.0,24.0,18,85,0,0,0,1,0,0,0,0,0,2,Low,1,0,0,0
2022-07-04,Thursday,Riyadh,No Holiday,,True,False,False,False,False,False,False,,FALSE,FALSE,FALSE,20.0,23.0,19,84,0,0,0,0,1,0,0,0,0,1,Low,1,0,0,0
2022-08-04,Friday,Riyadh,No Holiday,,False,False,False,False,False,False,False,KSA League,FALSE,FALSE,FALSE,19.0,22.0,20,83,0,0,0,1,1,0,0,0,0,3,Medium,1,0,0,0
2022-09-04,Saturday,Riyadh,No Holiday,,False,False,False,False,False,False,False,,FALSE,FALSE,FALSE,18.0,21.0,21,82,0,0,0,0,1,0,0,0,0,1,Low,1,0,0,0
2022-10-04,Sunday,Riyadh,No Holiday,,True,False,True,False,False,False,False,Preimer League,FALSE,FALSE,FALSE,17.0,20.0,22,81,0,0,0,1,0,0,1,0,0,3,Medium,0,0,1,0
2022-11-04,Monday,Riyadh,No Holiday,,True,False,True,True,False,False,False,KSA League,FALSE,FALSE,FALSE,16.0,19.0,23,80,0,0,0,1,0,0,1,0,0,3,Medium,0,0,1,0
2022-12-04,Tuesday,Riyadh,No Holiday,,True,False,False,True,False,False,False,UEFA CL,FALSE,FALSE,FALSE,15.0,18.0,24,79,0,0,0,1,0,0,1,0,0,3,Medium,0,0,1,0
,Wednesday,Riyadh,No Holiday,,True,False,True,True,False,False,False,UEFA CL,FALSE,FALSE,FALSE,14.0,17.0,25,78,0,0,0,1,0,0,1,0,0,3,Medium,0,0,1,0
,Thursday,Riyadh,No Holiday,,True,False,True,True,False,False,False,,FALSE,FALSE,FALSE,13.0,16.0,26,77,0,0,0,0,1,0,1,0,0,2,Low,0,0,1,0
,Friday,Riyadh,No Holiday,,False,False,True,True,False,False,False,KSA League,FALSE,FALSE,FALSE,12.0,15.0,27,76,0,0,0,1,1,0,1,0,0,4,Medium,0,0,1,0
,Saturday,Riyadh,No Holiday,,False,False,True,False,False,False,False,Preimer League,FALSE,FALSE,FALSE,11.0,14.0,28,75,0,0,0,1,1,0,1,0,0,4,Medium,0,0,1,0
,Sunday,Riyadh,No Holiday,,True,False,False,False,False,False,False,La liga,FALSE,FALSE,FALSE,10.0,13.0,29,74,0,0,0,1,0,0,0,0,0,2,Low,1,0,0,0
,Monday,Riyadh,No Holiday,,True,False,False,False,False,False,False,,FALSE,FALSE,FALSE,9.0,12.0,30,73,0,0,0,0,0,0,0,0,0,0,Low,1,0,0,0
,Tuesday,Riyadh,No Holiday,,True,False,False,False,False,False,False,"Preimer League, KSA League",FALSE,FALSE,FALSE,8.0,11.0,31,72,0,0,0,1,0,0,0,0,0,2,Low,1,0,0,0
,Wednesday,Riyadh,No Holiday,,True,False,False,False,False,False,False,Preimer League,FALSE,FALSE,FALSE,7.0,10.0,32,71,0,0,0,1,0,0,0,0,0,2,Low,1,0,0,0
,Thursday,Riyadh,No Holiday,,True,False,True,True,False,False,False,,FALSE,FALSE,FALSE,6.0,9.0,33,70,0,0,0,0,1,0,1,0,0,2,Low,0,0,1,0
,Friday,Riyadh,No Holiday,,False,False,True,True,False,False,False,,FALSE,FALSE,FALSE,5.0,8.0,34,69,0,0,0,0,1,0,1,0,0,2,Low,0,0,1,0
,Saturday,Riyadh,No Holiday,,False,False,True,True,False,False,False,"Preimer League, KSA League",FALSE,FALSE,FALSE,4.0,7.0,35,68,0,0,0,1,1,0,1,0,0,4,Medium,0,0,1,0
,Sunday,Riyadh,No Holiday,,True,False,True,True,False,False,False,,FALSE,FALSE,FALSE,3.0,6.0,36,67,0,0,0,0,0,0,1,1,0,3,Medium,0,0,1,0
,Monday,Riyadh,No Holiday,,False,True,False,True,False,False,True,,FALSE,FALSE,FALSE,2.0,5.0,37,66,0,0,0,0,0,1,1,1,0,4,Medium,0,1,1,0
,Tuesday,Riyadh,No Holiday,,False,False,True,False,False,False,False,UEFA CL,FALSE,FALSE,FALSE,1.0,4.0,38,65,0,0,0,1,0,0,1,1,0,5,Medium,0,0,1,0
,Wednesday,Riyadh,No Holiday,,False,False,True,True,False,False,False,"UEFA CL, KSA League",FALSE,FALSE,TRUE,31.0,3.0,39,64,1,0,0,1,0,0,1,1,0,7,High,0,0,1,0
,Thursday,Riyadh,No Holiday,,False,False,True,True,False,False,True,Preimer League,FALSE,FALSE,FALSE,30.0,2.0,40,63,0,0,0,1,1,1,1,1,0,7,High,0,1,1,0
,Friday,Riyadh,No Holiday,,False,True,False,False,False,False,True,,FALSE,FALSE,FALSE,29.0,1.0,41,62,0,0,0,0,1,1,0,1,0,4,Medium,0,1,0,0
,Saturday,Riyadh,Eid al-Fitr Holiday,Eid al-Fitr Holiday is a national holiday in Saudi Arabia,False,False,False,False,False,False,False,,FALSE,FALSE,FALSE,28.0,0.0,42,61,0,1,0,0,1,0,0,1,0,6,High,1,0,0,0
2022-01-05,Sunday,Riyadh,Eid al-Fitr Holiday,Eid al-Fitr Holiday is a national holiday in Saudi Arabia,False,False,True,True,False,False,False,,FALSE,FALSE,FALSE,27.0,30.0,43,60,0,1,0,0,0,0,1,0,0,4,Medium,0,0,1,0
2022-02-05,Monday,Riyadh,Eid al-Fitr Holiday,Eid al-Fitr Holiday is a national holiday in Saudi Arabia,False,False,True,False,False,False,False,,FALSE,FALSE,FALSE,26.0,29.0,44,59,0,1,0,0,0,0,1,0,0,4,Medium,0,0,1,0
2022-03-05,Tuesday,Riyadh,Eid al-Fitr Holiday,Eid al-Fitr Holiday is a national holiday in Saudi Arabia,False,False,False,False,False,False,False,"UEFA CL, KSA League",FALSE,FALSE,FALSE,25.0,28.0,45,58,0,1,0,1,0,0,0,0,0,5,Medium,1,0,0,0
2022-04-05,Wednesday,Riyadh,Eid al-Fitr Holiday,Eid al-Fitr Holiday is a national holiday in Saudi Arabia,False,False,False,False,False,False,False,UEFA CL,FALSE,FALSE,FALSE,24.0,27.0,46,57,0,1,0,1,0,0,0,0,0,5,Medium,1,0,0,0
2022-05-05,Thursday,Riyadh,Eid al-Fitr Holiday,Eid al-Fitr Holiday is a national holiday in Saudi Arabia,False,False,False,False,False,False,False,,FALSE,FALSE,FALSE,23.0,26.0,47,56,0,1,0,0,1,0,0,0,0,4,Medium,1,0,0,0
2022-06-05,Friday,Riyadh,Eid al-Fitr Holiday,Eid al-Fitr Holiday is a national holiday in Saudi Arabia,False,False,True,True,False,False,False,KSA League,FALSE,FALSE,FALSE,22.0,25.0,48,55,0,1,0,1,1,0,1,0,0,7,High,0,0,1,0
2022-07-05,Saturday,Riyadh,Eid al-Fitr Holiday,Eid al-Fitr Holiday is a national holiday in Saudi Arabia,False,False,True,True,False,False,False,"Preimer League, KSA League",FALSE,FALSE,FALSE,21.0,24.0,49,54,0,1,0,1,1,0,1,0,0,7,High,0,0,1,0
2022-08-05,Sunday,Riyadh,No Holiday,,True,False,False,False,False,False,False,La liga,FALSE,FALSE,FALSE,20.0,23.0,50,53,0,0,0,1,0,0,0,0,0,2,Low,1,0,0,0
2022-09-05,Monday,Riyadh,No Holiday,,True,False,False,False,False,False,False,,FALSE,FALSE,FALSE,19.0,22.0,51,52,0,0,0,0,0,0,0,0,0,0,Low,1,0,0,0
2022-10-05,Tuesday,Riyadh,No Holiday,,True,False,False,False,False,False,False,,FALSE,FALSE,FALSE,18.0,21.0,52,51,0,0,0,0,0,0,0,0,0,0,Low,1,0,0,0
2022-11-05,Wednesday,Riyadh,No Holiday,,True,False,False,False,False,False,False,KSA League,FALSE,FALSE,FALSE,17.0,20.0,53,50,0,0,0,1,0,0,0,0,0,2,Low,1,0,0,0
2022-12-05,Thursday,Riyadh,No Holiday,,True,False,False,False,False,False,False,Preimer League,FALSE,FALSE,FALSE,16.0,19.0,54,49,0,0,0,1,1,0,0,0,0,3,Medium,1,0,0,0
,Friday,Riyadh,No Holiday,,False,False,True,True,False,False,False,,FALSE,FALSE,FALSE,15.0,18.0,55,48,0,0,0,0,1,0,1,0,0,2,Low,0,0,1,0
,Saturday,Riyadh,No Holiday,,False,False,True,True,False,False,False,,FALSE,FALSE,FALSE,14.0,17.0,56,47,0,0,0,0,1,0,1,0,0,2,Low,0,0,1,0
,Sunday,Riyadh,No Holiday,,True,False,False,False,False,False,False,,FALSE,FALSE,FALSE,13.0,16.0,57,46,0,0,0,0,0,0,0,0,0,0,Low,1,0,0,0
,Monday,Riyadh,No Holiday,,True,False,False,False,False,False,False,,FALSE,FALSE,FALSE,12.0,15.0,58,45,0,0,0,0,0,0,0,0,0,0,Low,1,0,0,0
,Tuesday,Riyadh,No Holiday,,True,False,True,False,False,False,False,,FALSE,FALSE,FALSE,11.0,14.0,59,44,0,0,0,0,0,0,1,0,0,1,Low,0,0,1,0
,Wednesday,Riyadh,No Holiday,,True,False,True,False,False,False,False,,FALSE,FALSE,FALSE,10.0,13.0,60,43,0,0,0,0,0,0,1,0,0,1,Low,0,0,1,0
,Thursday,Riyadh,No Holiday,,True,False,False,False,False,False,False,KSA League,FALSE,FALSE,FALSE,9.0,12.0,61,42,0,0,0,1,1,0,0,0,0,3,Medium,1,0,0,0
,Friday,Riyadh,No Holiday,,False,False,False,False,False,False,False,,FALSE,FALSE,FALSE,8.0,11.0,62,41,0,0,0,0,1,0,0,0,0,1,Low,1,0,0,0
,Saturday,Riyadh,No Holiday,,False,False,True,False,False,False,False,KSA League,FALSE,FALSE,FALSE,7.0,10.0,63,40,0,0,0,1,1,0,1,0,0,4,Medium,0,0,1,0
,Sunday,Riyadh,No Holiday,,True,False,True,False,False,False,False,,FALSE,FALSE,FALSE,6.0,9.0,64,39,0,0,0,0,0,0,1,0,0,1,Low,0,0,1,0
,Monday,Riyadh,No Holiday,,True,False,True,True,False,False,False,KSA League,FALSE,FALSE,FALSE,5.0,8.0,65,38,0,0,0,1,0,0,1,0,0,3,Medium,0,0,1,0
,Tuesday,Riyadh,No Holiday,,True,False,True,True,False,False,False,,FALSE,FALSE,FALSE,4.0,7.0,66,37,0,0,0,0,0,0,1,0,0,1,Low,0,0,1,0
,Wednesday,Riyadh,No Holiday,,False,False,True,False,False,False,False,,FALSE,FALSE,FALSE,3.0,6.0,67,36,0,0,0,0,0,0,1,1,0,3,Medium,0,0,1,0
,Thursday,Riyadh,No Holiday,,False,False,False,False,False,False,False,,FALSE,FALSE,TRUE,31.0,5.0,68,35,1,0,0,0,1,0,0,1,0,5,Medium,1,0,0,0
,Friday,Riyadh,No Holiday,,False,False,False,False,False,False,False,,FALSE,FALSE,FALSE,30.0,4.0,69,34,0,0,0,0,1,0,0,1,0,3,Medium,1,0,0,0
,Saturday,Riyadh,No Holiday,,False,False,True,False,False,False,False,"UEFA CL, KSA League",FALSE,FALSE,FALSE,29.0,3.0,70,33,0,0,0,1,1,0,1,1,0,6,High,0,0,1,0
,Sunday,Riyadh,No Holiday,,True,False,False,False,False,False,False,KSA League,FALSE,FALSE,FALSE,28.0,2.0,71,32,0,0,0,1,0,0,0,1,0,4,Medium,1,0,0,0
,Monday,Riyadh,No Holiday,,True,False,False,False,False,False,False,,FALSE,FALSE,FALSE,27.0,1.0,72,31,0,0,0,0,0,0,0,1,0,2,Low,1,0,0,0
,Tuesday,Riyadh,No Holiday,,True,False,False,False,False,False,False,,FALSE,FALSE,FALSE,26.0,0.0,73,30,0,0,0,0,0,0,0,1,0,2,Low,1,0,0,0
2022-01-06,Wednesday,Riyadh,No Holiday,,True,False,True,True,False,False,False,,FALSE,FALSE,FALSE,25.0,29.0,74,29,0,0,0,0,0,0,1,0,0,1,Low,0,0,1,0
2022-02-06,Thursday,Riyadh,No Holiday,,True,False,False,False,False,False,False,,FALSE,FALSE,FALSE,24.0,28.0,75,28,0,0,0,0,1,0,0,0,0,1,Low,1,0,0,0
2022-03-06,Friday,Riyadh,No Holiday,,False,False,False,False,False,False,False,,FALSE,FALSE,FALSE,23.0,27.0,76,27,0,0,0,0,1,0,0,0,0,1,Low,1,0,0,0
2022-04-06,Saturday,Riyadh,No Holiday,,False,False,False,False,False,False,False,,FALSE,FALSE,FALSE,22.0,26.0,77,26,0,0,0,0,1,0,0,0,0,1,Low,1,0,0,0
2022-05-06,Sunday,Riyadh,No Holiday,,True,False,False,False,False,False,False,,FALSE,FALSE,FALSE,21.0,25.0,78,25,0,0,0,0,0,0,0,0,0,0,Low,1,0,0,0
2022-06-06,Monday,Riyadh,No Holiday,,True,False,False,False,False,False,False,,FALSE,FALSE,FALSE,20.0,24.0,79,24,0,0,0,0,0,0,0,0,0,0,Low,1,0,0,0
2022-07-06,Tuesday,Riyadh,No Holiday,,True,False,False,False,False,False,False,,FALSE,FALSE,FALSE,19.0,23.0,80,23,0,0,0,0,0,0,0,0,0,0,Low,1,0,0,0
2022-08-06,Wednesday,Riyadh,No Holiday,,True,False,False,False,False,False,False,,FALSE,FALSE,FALSE,18.0,22.0,81,22,0,0,0,0,0,0,0,0,0,0,Low,1,0,0,0
2022-09-06,Thursday,Riyadh,No Holiday,,True,False,False,False,False,False,False,,FALSE,FALSE,FALSE,17.0,21.0,82,21,0,0,0,0,1,0,0,0,0,1,Low,1,0,0,0
2022-10-06,Friday,Riyadh,No Holiday,,False,False,False,False,False,False,False,,FALSE,FALSE,FALSE,16.0,20.0,83,20,0,0,0,0,1,0,0,0,0,1,Low,1,0,0,0
2022-11-06,Saturday,Riyadh,No Holiday,,False,False,False,False,False,False,False,,FALSE,FALSE,FALSE,15.0,19.0,84,19,0,0,0,0,1,0,0,0,0,1,Low,1,0,0,0
2022-12-06,Sunday,Riyadh,No Holiday,,True,False,False,False,False,False,False,,FALSE,FALSE,FALSE,14.0,18.0,85,18,0,0,0,0,0,0,0,0,0,0,Low,1,0,0,0
,Monday,Riyadh,No Holiday,,True,False,False,False,False,False,False,,FALSE,FALSE,FALSE,13.0,17.0,86,17,0,0,0,0,0,0,0,0,0,0,Low,1,0,0,0
,Tuesday,Riyadh,No Holiday,,True,False,False,False,False,False,False,,FALSE,FALSE,FALSE,12.0,16.0,87,16,0,0,0,0,0,0,0,0,0,0,Low,1,0,0,0
,Wednesday,Riyadh,No Holiday,,False,False,False,False,False,False,False,,FALSE,FALSE,FALSE,11.0,15.0,88,15,0,0,0,0,0,0,0,0,0,0,Low,1,0,0,0
,Thursday,Riyadh,No Holiday,,False,False,False,False,False,False,False,,FALSE,FALSE,FALSE,10.0,14.0,89,14,0,0,0,0,1,0,0,0,0,1,Low,1,0,0,0
,Friday,Riyadh,No Holiday,,False,False,True,False,False,False,False,,FALSE,FALSE,FALSE,9.0,13.0,90,13,0,0,0,0,1,0,1,0,0,2,Low,0,0,1,0
,Saturday,Riyadh,No Holiday,,False,False,True,True,False,False,False,,FALSE,FALSE,FALSE,8.0,12.0,91,12,0,0,0,0,1,0,1,0,0,2,Low,0,0,1,0
,Sunday,Riyadh,No Holiday,,True,False,True,False,False,False,False,,FALSE,FALSE,FALSE,7.0,11.0,92,11,0,0,0,0,0,0,1,0,0,1,Low,0,0,1,0
,Monday,Riyadh,No Holiday,,True,False,False,False,False,False,False,,FALSE,FALSE,FALSE,6.0,10.0,93,10,0,0,0,0,0,0,0,0,0,0,Low,1,0,0,0
,Tuesday,Riyadh,No Holiday,,True,False,False,False,False,False,False,,FALSE,FALSE,FALSE,5.0,9.0,94,9,0,0,0,0,0,0,0,0,0,0,Low,1,0,0,0
,Wednesday,Riyadh,No Holiday,,True,False,False,False,False,False,False,,FALSE,FALSE,FALSE,4.0,8.0,95,8,0,0,0,0,0,0,0,0,0,0,Low,1,0,0,0
,Thursday,Riyadh,No Holiday,,True,False,True,False,False,False,False,KSA League,FALSE,FALSE,FALSE,3.0,7.0,96,7,0,0,0,1,1,0,1,1,0,6,High,0,0,1,0
,Friday,Riyadh,No Holiday,,False,False,False,False,False,False,False,,FALSE,FALSE,FALSE,2.0,6.0,97,6,0,0,0,0,1,0,0,1,0,3,Medium,1,0,0,0
,Saturday,Riyadh,No Holiday,,False,False,False,False,False,False,False,,FALSE,FALSE,FALSE,1.0,5.0,98,5,0,0,0,0,1,0,0,1,0,3,Medium,1,0,0,0
,Sunday,Riyadh,No Holiday,,True,False,True,False,False,False,False,,FALSE,FALSE,FALSE,0.0,4.0,99,4,0,0,0,0,0,0,1,1,0,3,Medium,0,0,1,0
,Monday,Riyadh,No Holiday,,True,False,True,False,False,False,False,KSA League,FALSE,FALSE,TRUE,31.0,3.0,100,3,1,0,0,1,0,0,1,1,0,7,High,0,0,1,0
,Tuesday,Riyadh,No Holiday,,True,False,False,False,False,False,False,,FALSE,FALSE,FALSE,30.0,2.0,101,2,0,0,0,0,0,0,0,1,0,2,Low,1,0,0,0
,Wednesday,Riyadh,No Holiday,,True,False,False,False,False,False,False,,FALSE,FALSE,FALSE,29.0,1.0,102,1,0,0,0,0,0,0,0,1,0,2,Low,1,0,0,0
,Thursday,Riyadh,No Holiday,,False,False,False,False,False,False,False,,FALSE,FALSE,FALSE,28.0,0.0,Vacation	,Vacation,0,0,0,0,1,0,0,1,0,3,Medium,1,0,0,0
2022-01-07,Friday,Riyadh,No Holiday,,False,False,False,False,False,False,False,,FALSE,FALSE,FALSE,27.0,30.0,Vacation	,Vacation,0,0,0,0,1,0,0,0,0,1,Low,1,0,0,0
2022-02-07,Saturday,Riyadh,No Holiday,,False,False,False,False,False,False,False,,FALSE,FALSE,FALSE,26.0,29.0,Vacation	,Vacation,0,0,0,0,1,0,0,0,0,1,Low,1,0,0,0
2022-03-07,Sunday,Riyadh,No Holiday,,False,False,False,False,False,False,False,,FALSE,FALSE,FALSE,25.0,28.0,Vacation	,Vacation,0,0,0,0,0,0,0,0,0,0,Low,1,0,0,0
2022-04-07,Monday,Riyadh,No Holiday,,False,False,False,False,False,False,False,,FALSE,FALSE,FALSE,24.0,27.0,Vacation	,Vacation,0,0,0,0,0,0,0,0,0,0,Low,1,0,0,0
2022-05-07,Tuesday,Riyadh,No Holiday,,False,False,False,False,False,False,False,,FALSE,FALSE,FALSE,23.0,26.0,Vacation	,Vacation,0,0,0,0,0,0,0,0,0,0,Low,1,0,0,0
2022-06-07,Wednesday,Riyadh,No Holiday,,False,False,False,False,False,False,False,,FALSE,FALSE,FALSE,22.0,25.0,Vacation	,Vacation,0,0,0,0,0,0,0,0,0,0,Low,1,0,0,0
2022-07-07,Thursday,Riyadh,No Holiday,,False,False,False,False,False,False,False,,FALSE,FALSE,FALSE,21.0,24.0,Vacation	,Vacation,0,0,0,0,1,0,0,0,0,1,Low,1,0,0,0
2022-08-07,Friday,Riyadh,Arafat Day,Arafat Day is a national holiday in Saudi Arabia,False,False,False,False,False,False,False,,FALSE,FALSE,FALSE,20.0,23.0,Vacation	,Vacation,0,1,0,0,1,0,0,0,0,4,Medium,1,0,0,0
2022-09-07,Saturday,Riyadh,Eid al-Adha Holiday,Eid al-Adha (Id ul-Adha) is an Islamic festival falling on the 10th day of the month of Dhul Hijja (Thou al-Hijja) to commemorate the willingness of Ibrahim (Abraham) to sacrifice his son.,False,False,False,False,False,False,False,,FALSE,FALSE,FALSE,19.0,22.0,Vacation	,Vacation,0,1,0,0,1,0,0,0,0,4,Medium,1,0,0,0
2022-10-07,Sunday,Riyadh,Eid al-Adha Holiday,Eid al-Adha Holiday is a national holiday in Saudi Arabia,False,False,False,False,False,False,False,,FALSE,FALSE,FALSE,18.0,21.0,Vacation	,Vacation,0,1,0,0,0,0,0,0,0,3,Medium,1,0,0,0
2022-11-07,Monday,Riyadh,Eid al-Adha Holiday,Eid al-Adha Holiday is a national holiday in Saudi Arabia,False,False,False,False,False,False,False,,FALSE,FALSE,FALSE,17.0,20.0,Vacation	,Vacation,0,1,0,0,0,0,0,0,0,3,Medium,1,0,0,0
2022-12-07,Tuesday,Riyadh,Eid al-Adha Holiday,Eid al-Adha Holiday is a national holiday in Saudi Arabia,False,False,True,True,False,False,False,,FALSE,FALSE,FALSE,16.0,19.0,Vacation	,Vacation,0,1,0,0,0,0,1,0,0,4,Medium,0,0,1,0
,Wednesday,Riyadh,Eid al-Adha Holiday,Eid al-Adha Holiday is a national holiday in Saudi Arabia,False,False,True,True,False,False,False,,FALSE,FALSE,FALSE,15.0,18.0,Vacation	,Vacation,0,1,0,0,0,0,1,0,0,4,Medium,0,0,1,0
,Thursday,Riyadh,No Holiday,,False,False,True,True,False,False,False,,FALSE,FALSE,FALSE,14.0,17.0,Vacation	,Vacation,0,0,0,0,1,0,1,0,0,2,Low,0,0,1,0
,Friday,Riyadh,No Holiday,,False,False,False,False,False,False,False,,FALSE,FALSE,FALSE,13.0,16.0,Vacation	,Vacation,0,0,0,0,1,0,0,0,0,1,Low,1,0,0,0
,Saturday,Riyadh,No Holiday,,False,False,False,False,False,False,False,,FALSE,FALSE,FALSE,12.0,15.0,Vacation	,Vacation,0,0,0,0,1,0,0,0,0,1,Low,1,0,0,0
,Sunday,Riyadh,No Holiday,,False,False,False,False,False,False,False,,FALSE,FALSE,FALSE,11.0,14.0,Vacation	,Vacation,0,0,0,0,0,0,0,0,0,0,Low,1,0,0,0
,Monday,Riyadh,No Holiday,,False,False,False,False,False,False,False,,FALSE,FALSE,FALSE,10.0,13.0,Vacation	,Vacation,0,0,0,0,0,0,0,0,0,0,Low,1,0,0,0
,Tuesday,Riyadh,No Holiday,,False,False,False,False,False,False,False,,FALSE,FALSE,FALSE,9.0,12.0,Vacation	,Vacation,0,0,0,0,0,0,0,0,0,0,Low,1,0,0,0
,Wednesday,Riyadh,No Holiday,,False,False,False,False,False,False,False,,FALSE,FALSE,FALSE,8.0,11.0,Vacation	,Vacation,0,0,0,0,0,0,0,0,0,0,Low,1,0,0,0
,Thursday,Riyadh,No Holiday,,False,False,True,False,False,False,False,,FALSE,FALSE,FALSE,7.0,10.0,Vacation	,Vacation,0,0,0,0,1,0,1,0,0,2,Low,0,0,1,0
,Friday,Riyadh,No Holiday,,False,False,False,False,False,False,False,,FALSE,FALSE,FALSE,6.0,9.0,Vacation	,Vacation,0,0,0,0,1,0,0,0,0,1,Low,1,0,0,0
,Saturday,Riyadh,No Holiday,,False,False,False,False,False,False,False,,FALSE,FALSE,FALSE,5.0,8.0,Vacation	,Vacation,0,0,0,0,1,0,0,0,0,1,Low,1,0,0,0
,Sunday,Riyadh,No Holiday,,False,False,False,False,False,False,False,,FALSE,FALSE,FALSE,4.0,7.0,Vacation	,Vacation,0,0,0,0,0,0,0,0,0,0,Low,1,0,0,0
,Monday,Riyadh,No Holiday,,False,False,True,False,False,False,False,,FALSE,FALSE,FALSE,3.0,6.0,Vacation	,Vacation,0,0,0,0,0,0,1,1,0,3,Medium,0,0,1,0
,Tuesday,Riyadh,No Holiday,,False,False,False,False,False,False,False,,FALSE,FALSE,FALSE,2.0,5.0,Vacation	,Vacation,0,0,0,0,0,0,0,1,0,2,Low,1,0,0,0
,Wednesday,Riyadh,No Holiday,,False,False,False,False,False,False,False,,FALSE,FALSE,TRUE,31.0,4.0,Vacation	,Vacation,1,0,0,0,0,0,0,1,0,4,Medium,1,0,0,0
,Thursday,Riyadh,No Holiday,,False,True,False,False,False,False,False,,FALSE,FALSE,FALSE,30.0,3.0,Vacation	,Vacation,0,0,0,0,1,0,0,1,0,3,Medium,1,0,0,0
,Friday,Riyadh,No Holiday,,False,False,False,False,False,False,False,,FALSE,FALSE,FALSE,29.0,2.0,Vacation	,Vacation,0,0,0,0,1,0,0,1,0,3,Medium,1,0,0,0
,Saturday,Riyadh,No Holiday,,False,False,False,False,False,False,False,,FALSE,FALSE,FALSE,28.0,1.0,Vacation	,Vacation,0,0,0,0,1,0,0,1,0,3,Medium,1,0,0,0
,Sunday,Riyadh,No Holiday,,False,True,False,True,False,False,False,,FALSE,FALSE,FALSE,27.0,0.0,Vacation	,Vacation,0,0,0,0,0,0,1,1,0,3,Medium,0,0,1,0
2022-01-08,Monday,Riyadh,No Holiday,,False,True,False,False,False,False,False,,FALSE,FALSE,FALSE,26.0,30.0,Vacation	,Vacation,0,0,0,0,0,0,0,0,0,0,Low,1,0,0,0
2022-02-08,Tuesday,Riyadh,No Holiday,,False,False,False,False,False,False,False,,FALSE,FALSE,FALSE,25.0,29.0,Vacation	,Vacation,0,0,0,0,0,0,0,0,0,0,Low,1,0,0,0
2022-03-08,Wednesday,Riyadh,No Holiday,,False,False,True,False,False,False,False,,FALSE,FALSE,FALSE,24.0,28.0,Vacation	,Vacation,0,0,0,0,0,0,1,0,0,1,Low,0,0,1,0
2022-04-08,Thursday,Riyadh,No Holiday,,False,False,False,False,False,False,False,,FALSE,FALSE,FALSE,23.0,27.0,Vacation	,Vacation,0,0,0,0,1,0,0,0,0,1,Low,1,0,0,0
2022-05-08,Friday,Riyadh,No Holiday,,False,False,False,False,False,False,False,,FALSE,FALSE,FALSE,22.0,26.0,Vacation	,Vacation,0,0,0,0,1,0,0,0,0,1,Low,1,0,0,0
2022-06-08,Saturday,Riyadh,No Holiday,,False,False,True,False,False,False,False,,FALSE,FALSE,FALSE,21.0,25.0,Vacation	,Vacation,0,0,0,0,1,0,1,0,0,2,Low,0,0,1,0
2022-07-08,Sunday,Riyadh,No Holiday,,False,False,True,False,False,False,False,,FALSE,FALSE,FALSE,20.0,24.0,Vacation	,Vacation,0,0,0,0,0,0,1,0,0,1,Low,0,0,1,0
2022-08-08,Monday,Riyadh,No Holiday,,False,False,False,False,False,False,False,,FALSE,FALSE,FALSE,19.0,23.0,Vacation	,Vacation,0,0,0,0,0,0,0,0,0,0,Low,1,0,0,0
2022-09-08,Tuesday,Riyadh,No Holiday,,False,False,True,True,False,False,False,,FALSE,FALSE,FALSE,18.0,22.0,Vacation	,Vacation,0,0,0,0,0,0,1,0,0,1,Low,0,0,1,0
2022-10-08,Wednesday,Riyadh,No Holiday,,False,False,True,True,False,False,False,,FALSE,FALSE,FALSE,17.0,21.0,Vacation	,Vacation,0,0,0,0,0,0,1,0,0,1,Low,0,0,1,0
2022-11-08,Thursday,Riyadh,No Holiday,,False,False,True,True,False,False,False,,FALSE,FALSE,FALSE,16.0,20.0,Vacation	,Vacation,0,0,0,0,1,0,1,0,0,2,Low,0,0,1,0
2022-12-08,Friday,Riyadh,No Holiday,,False,False,True,True,False,False,False,,FALSE,FALSE,FALSE,15.0,19.0,Vacation	,Vacation,0,0,0,0,1,0,1,0,0,2,Low,0,0,1,0
,Saturday,Riyadh,No Holiday,,False,False,True,True,False,False,False,,FALSE,FALSE,FALSE,14.0,18.0,Vacation	,Vacation,0,0,0,0,1,0,1,0,0,2,Low,0,0,1,0
,Sunday,Riyadh,No Holiday,,False,False,True,True,False,False,False,Preimer League,FALSE,FALSE,FALSE,13.0,17.0,Vacation	,Vacation,0,0,0,1,0,0,1,0,0,3,Medium,0,0,1,0
,Monday,Riyadh,No Holiday,,False,False,True,False,False,False,False,,FALSE,FALSE,FALSE,12.0,16.0,Vacation	,Vacation,0,0,0,0,0,0,1,0,0,1,Low,0,0,1,0
,Tuesday,Riyadh,No Holiday,,False,False,False,False,False,False,False,,FALSE,FALSE,FALSE,11.0,15.0,Vacation	,Vacation,0,0,0,0,0,0,0,0,0,0,Low,1,0,0,0
,Wednesday,Riyadh,No Holiday,,False,False,True,True,False,False,False,,FALSE,FALSE,FALSE,10.0,14.0,Vacation	,Vacation,0,0,0,0,0,0,1,0,0,1,Low,0,0,1,0
,Thursday,Riyadh,No Holiday,,False,False,False,False,False,False,False,,FALSE,FALSE,FALSE,9.0,13.0,Vacation	,Vacation,0,0,0,0,1,0,0,0,0,1,Low,1,0,0,0
,Friday,Riyadh,No Holiday,,False,False,False,False,False,False,False,,FALSE,FALSE,FALSE,8.0,12.0,Vacation	,Vacation,0,0,0,0,1,0,0,0,0,1,Low,1,0,0,0
,Saturday,Riyadh,No Holiday,,False,False,False,False,False,False,False,,FALSE,FALSE,FALSE,7.0,11.0,Vacation	,Vacation,0,0,0,0,1,0,0,0,0,1,Low,1,0,0,0
,Sunday,Riyadh,No Holiday,,False,False,False,False,False,False,False,,FALSE,FALSE,FALSE,6.0,10.0,Vacation	,Vacation,0,0,0,0,0,0,0,0,0,0,Low,1,0,0,0
,Monday,Riyadh,No Holiday,,False,False,False,False,False,False,False,Preimer League,FALSE,FALSE,FALSE,5.0,9.0,Vacation	,Vacation,0,0,0,1,0,0,0,0,0,2,Low,1,0,0,0
,Tuesday,Riyadh,No Holiday,,False,False,False,False,False,False,False,,FALSE,FALSE,FALSE,4.0,8.0,Vacation	,Vacation,0,0,0,0,0,0,0,0,0,0,Low,1,0,0,0
,Wednesday,Riyadh,No Holiday,,False,False,False,False,False,False,False,,FALSE,FALSE,FALSE,3.0,7.0,Vacation	,Vacation,0,0,0,0,0,0,0,1,0,2,Low,1,0,0,0
,Thursday,Riyadh,No Holiday,,False,False,False,False,False,False,False,KSA League,FALSE,FALSE,FALSE,2.0,6.0,Vacation	,Vacation,0,0,0,1,1,0,0,1,0,5,Medium,1,0,0,0
,Friday,Riyadh,No Holiday,,False,False,False,False,False,False,False,KSA League,FALSE,FALSE,FALSE,1.0,5.0,Vacation	,Vacation,0,0,0,1,1,0,0,1,0,5,Medium,1,0,0,0
,Saturday,Riyadh,No Holiday,,False,False,False,False,False,False,False,KSA League,FALSE,FALSE,FALSE,0.0,4.0,Vacation	,Vacation,0,0,0,1,1,0,0,1,0,5,Medium,1,0,0,0
,Sunday,Riyadh,No Holiday,,True,False,False,False,False,False,False,,FALSE,FALSE,TRUE,31.0,3.0,1,88,1,0,0,0,0,0,0,1,0,4,Medium,1,0,0,0
,Monday,Riyadh,No Holiday,,True,False,False,False,False,False,False,,FALSE,FALSE,FALSE,30.0,2.0,2,87,0,0,0,0,0,0,0,1,0,2,Low,1,0,0,0
,Tuesday,Riyadh,No Holiday,,True,False,False,False,False,False,False,,FALSE,FALSE,FALSE,29.0,1.0,3,86,0,0,0,0,0,0,0,1,0,2,Low,1,0,0,0
,Wednesday,Riyadh,No Holiday,,True,False,False,False,False,False,False,KSA League,FALSE,FALSE,FALSE,28.0,0.0,4,85,0,0,0,1,0,0,0,1,0,4,Medium,1,0,0,0
2022-01-09,Thursday,Riyadh,No Holiday,,True,False,False,False,False,False,False,,FALSE,FALSE,FALSE,27.0,29.0,5,84,0,0,0,0,1,0,0,0,0,1,Low,1,0,0,0
2022-02-09,Friday,Riyadh,No Holiday,,False,False,False,False,False,False,False,,FALSE,FALSE,FALSE,26.0,28.0,6,83,0,0,0,0,1,0,0,0,0,1,Low,1,0,0,0
2022-03-09,Saturday,Riyadh,No Holiday,,False,False,False,False,False,False,False,"KSA League, La liga",FALSE,FALSE,FALSE,25.0,27.0,7,82,0,0,0,1,1,0,0,0,0,3,Medium,1,0,0,0
2022-04-09,Sunday,Riyadh,No Holiday,,True,False,False,False,False,False,False,"Preimer League, KSA League",FALSE,FALSE,FALSE,24.0,26.0,8,81,0,0,0,1,0,0,0,0,0,2,Low,1,0,0,0
2022-05-09,Monday,Riyadh,No Holiday,,True,False,False,False,False,False,False,,FALSE,FALSE,FALSE,23.0,25.0,9,80,0,0,0,0,0,0,0,0,0,0,Low,1,0,0,0
2022-06-09,Tuesday,Riyadh,No Holiday,,True,False,False,False,False,False,False,UEFA CL,FALSE,FALSE,FALSE,22.0,24.0,10,79,0,0,0,1,0,0,0,0,0,2,Low,1,0,0,0
2022-07-09,Wednesday,Riyadh,No Holiday,,True,False,False,False,False,False,False,UEFA CL,FALSE,FALSE,FALSE,21.0,23.0,11,78,0,0,0,1,0,0,0,0,0,2,Low,1,0,0,0
2022-08-09,Thursday,Riyadh,No Holiday,,True,False,False,False,False,False,False,,FALSE,FALSE,FALSE,20.0,22.0,12,77,0,0,0,0,1,0,0,0,0,1,Low,1,0,0,0
2022-09-09,Friday,Riyadh,No Holiday,,False,False,False,False,False,False,False,KSA League,FALSE,FALSE,FALSE,19.0,21.0,13,76,0,0,0,1,1,0,0,0,0,3,Medium,1,0,0,0
2022-10-09,Saturday,Riyadh,No Holiday,,False,False,False,False,False,False,False,KSA League,FALSE,FALSE,FALSE,18.0,20.0,14,75,0,0,0,1,1,0,0,0,0,3,Medium,1,0,0,0
2022-11-09,Sunday,Riyadh,No Holiday,,True,False,False,False,False,False,False,,FALSE,FALSE,FALSE,17.0,19.0,15,74,0,0,0,0,0,0,0,0,0,0,Low,1,0,0,0
2022-12-09,Monday,Riyadh,No Holiday,,True,False,False,False,False,False,False,,FALSE,FALSE,FALSE,16.0,18.0,16,73,0,0,0,0,0,0,0,0,0,0,Low,1,0,0,0
,Tuesday,Riyadh,No Holiday,,True,False,False,False,False,False,False,UEFA CL,FALSE,FALSE,FALSE,15.0,17.0,17,72,0,0,0,1,0,0,0,0,0,2,Low,1,0,0,0
,Wednesday,Riyadh,No Holiday,,True,False,False,False,False,False,False,UEFA CL,FALSE,FALSE,FALSE,14.0,16.0,18,71,0,0,0,1,0,0,0,0,0,2,Low,1,0,0,0
,Thursday,Riyadh,No Holiday,,True,False,False,False,False,False,False,KSA League,FALSE,FALSE,FALSE,13.0,15.0,19,70,0,0,0,1,1,0,0,0,0,3,Medium,1,0,0,0
,Friday,Riyadh,No Holiday,,False,False,False,False,False,False,False,KSA League,FALSE,FALSE,FALSE,12.0,14.0,20,69,0,0,0,1,1,0,0,0,0,3,Medium,1,0,0,0
,Saturday,Riyadh,No Holiday,,False,False,False,False,False,False,False,,FALSE,FALSE,FALSE,11.0,13.0,21,68,0,0,0,0,1,0,0,0,0,1,Low,1,0,0,0
,Sunday,Riyadh,No Holiday,,True,False,False,False,False,False,False,La liga,FALSE,FALSE,FALSE,10.0,12.0,22,67,0,0,0,1,0,0,0,0,0,2,Low,1,0,0,0
,Monday,Riyadh,No Holiday,,True,False,False,False,False,False,False,,FALSE,FALSE,FALSE,9.0,11.0,23,66,0,0,0,0,0,0,0,0,0,0,Low,1,0,0,0
,Tuesday,Riyadh,No Holiday,,True,False,False,False,False,False,False,,FALSE,FALSE,FALSE,8.0,10.0,24,65,0,0,0,0,0,0,0,0,0,0,Low,1,0,0,0
,Wednesday,Riyadh,No Holiday,,False,False,False,False,False,False,False,,FALSE,FALSE,FALSE,7.0,9.0,25,64,0,0,0,0,0,0,0,0,0,0,Low,1,0,0,0
,Thursday,Riyadh,Day off for Saudi National Day,Saudi National Day is a national holiday in Saudi Arabia,False,False,False,False,False,False,False,,FALSE,FALSE,FALSE,6.0,8.0,26,63,0,1,0,0,1,0,0,0,0,4,Medium,1,0,0,0
,Friday,Riyadh,No Holiday,,False,False,False,False,False,False,False,,FALSE,FALSE,FALSE,5.0,7.0,27,62,0,0,0,0,1,0,0,0,0,1,Low,1,0,0,0
,Saturday,Riyadh,No Holiday,,False,False,False,False,False,False,False,,FALSE,FALSE,FALSE,4.0,6.0,28,61,0,0,0,0,1,0,0,0,0,1,Low,1,0,0,0
,Sunday,Riyadh,No Holiday,,True,False,True,False,False,False,False,,FALSE,FALSE,FALSE,3.0,5.0,29,60,0,0,0,0,0,0,1,1,0,3,Medium,0,0,1,0
,Monday,Riyadh,No Holiday,,True,False,True,False,False,False,False,,FALSE,FALSE,FALSE,2.0,4.0,30,59,0,0,0,0,0,0,1,1,0,3,Medium,0,0,1,0
,Tuesday,Riyadh,No Holiday,,True,False,True,False,False,False,False,,FALSE,FALSE,TRUE,31.0,3.0,31,58,1,0,0,0,0,0,1,1,0,5,Medium,0,0,1,0
,Wednesday,Riyadh,No Holiday,,True,False,False,False,False,False,False,,FALSE,FALSE,FALSE,30.0,2.0,32,57,0,0,0,0,0,0,0,1,0,2,Low,1,0,0,0
,Thursday,Riyadh,No Holiday,,True,False,False,False,False,False,False,,مهرجان القهوة السعودية,فعالية تركز على تاريخ القهوة السعودية وطرق تحضيرها، مع مشاركة أفضل صناع القهوة المحليين، مركز ذي أرينا,FALSE,29.0,1.0,33,56,0,0,1,0,1,0,0,1,0,6,High,1,0,0,0
,Friday,Riyadh,No Holiday,,False,False,False,False,False,False,False,,FALSE,FALSE,FALSE,28.0,0.0,34,55,0,0,0,0,1,0,0,1,0,3,Medium,1,0,0,0
2022-01-10,Saturday,Riyadh,No Holiday,,False,False,False,False,False,False,False,Preimer League,FALSE,FALSE,FALSE,27.0,30.0,35,54,0,0,0,1,1,0,0,0,0,3,Medium,1,0,0,0
2022-02-10,Sunday,Riyadh,No Holiday,,True,False,False,False,False,False,False,"Preimer League, KSA League",FALSE,FALSE,FALSE,26.0,29.0,36,53,0,0,0,1,0,0,0,0,0,2,Low,1,0,0,0
2022-03-10,Monday,Riyadh,No Holiday,,True,False,False,False,False,False,False,,FALSE,FALSE,FALSE,25.0,28.0,37,52,0,0,0,0,0,0,0,0,0,0,Low,1,0,0,0
2022-04-10,Tuesday,Riyadh,No Holiday,,True,False,False,False,False,False,False,UEFA CL,FALSE,FALSE,FALSE,24.0,27.0,38,51,0,0,0,1,0,0,0,0,0,2,Low,1,0,0,0
2022-05-10,Wednesday,Riyadh,No Holiday,,True,False,False,False,False,False,False,UEFA CL,FALSE,FALSE,FALSE,23.0,26.0,39,50,0,0,0,1,0,0,0,0,0,2,Low,1,0,0,0
2022-06-10,Thursday,Riyadh,No Holiday,,True,False,False,False,False,False,False,KSA League,FALSE,FALSE,FALSE,22.0,25.0,40,49,0,0,0,1,1,0,0,0,0,3,Medium,1,0,0,0
2022-07-10,Friday,Riyadh,No Holiday,,False,False,False,False,False,False,False,KSA League,FALSE,FALSE,FALSE,21.0,24.0,41,48,0,0,0,1,1,0,0,0,0,3,Medium,1,0,0,0
2022-08-10,Saturday,Riyadh,No Holiday,,False,False,False,False,False,False,False,,FALSE,FALSE,FALSE,20.0,23.0,42,47,0,0,0,0,1,0,0,0,0,1,Low,1,0,0,0
2022-09-10,Sunday,Riyadh,No Holiday,,True,False,False,False,False,False,False,Preimer League,FALSE,FALSE,FALSE,19.0,22.0,43,46,0,0,0,1,0,0,0,0,0,2,Low,1,0,0,0
2022-10-10,Monday,Riyadh,No Holiday,,True,False,False,False,False,False,False,KSA League,FALSE,FALSE,FALSE,18.0,21.0,44,45,0,0,0,1,0,0,0,0,0,2,Low,1,0,0,0
2022-11-10,Tuesday,Riyadh,No Holiday,,True,False,False,False,False,False,False,"UEFA CL, KSA League",FALSE,FALSE,FALSE,17.0,20.0,45,44,0,0,0,1,0,0,0,0,0,2,Low,1,0,0,0
2022-12-10,Wednesday,Riyadh,No Holiday,,True,False,False,False,False,False,False,UEFA CL,FALSE,FALSE,FALSE,16.0,19.0,46,43,0,0,0,1,0,0,0,0,0,2,Low,1,0,0,0
,Thursday,Riyadh,No Holiday,,True,False,False,False,False,False,False,,FALSE,FALSE,FALSE,15.0,18.0,47,42,0,0,0,0,1,0,0,0,0,1,Low,1,0,0,0
,Friday,Riyadh,No Holiday,,False,False,False,False,False,False,False,,FALSE,FALSE,FALSE,14.0,17.0,48,41,0,0,0,0,1,0,0,0,0,1,Low,1,0,0,0
,Saturday,Riyadh,No Holiday,,False,False,False,False,False,False,False,KSA League,FALSE,FALSE,FALSE,13.0,16.0,49,40,0,0,0,1,1,0,0,0,0,3,Medium,1,0,0,0
,Sunday,Riyadh,No Holiday,,False,False,False,False,False,False,False,"Preimer League, KSA League, La liga",FALSE,FALSE,FALSE,12.0,15.0,50,39,0,0,0,1,0,0,0,0,0,2,Low,1,0,0,0
,Monday,Riyadh,No Holiday,,True,False,False,False,False,False,False,,FALSE,FALSE,FALSE,11.0,14.0,51,38,0,0,0,0,0,0,0,0,0,0,Low,1,0,0,0
,Tuesday,Riyadh,No Holiday,,True,False,False,False,False,False,False,,FALSE,FALSE,FALSE,10.0,13.0,52,37,0,0,0,0,0,0,0,0,0,0,Low,1,0,0,0
,Wednesday,Riyadh,No Holiday,,True,False,False,False,False,False,False,Preimer League,FALSE,FALSE,FALSE,9.0,12.0,53,36,0,0,0,1,0,0,0,0,0,2,Low,1,0,0,0
,Thursday,Riyadh,No Holiday,,True,False,False,False,False,False,False,,إطلاق موسم الرياض 2022,جذب أكثر من 20 مليون زائر، مما أدى إلى زيادة كبيرة في الحركة السياحية والاقتصادية.,FALSE,8.0,11.0,54,35,0,0,1,0,1,0,0,0,0,4,Medium,1,0,0,0
,Friday,Riyadh,No Holiday,,False,False,False,False,False,False,False,,FALSE,FALSE,FALSE,7.0,10.0,55,34,0,0,0,0,1,0,0,0,0,1,Low,1,0,0,0
,Saturday,Riyadh,No Holiday,,False,False,False,False,False,False,False,"Preimer League, La liga",FALSE,FALSE,FALSE,6.0,9.0,56,33,0,0,0,1,1,0,0,0,0,3,Medium,1,0,0,0
,Sunday,Riyadh,No Holiday,,True,False,False,False,False,False,False,,FALSE,FALSE,FALSE,5.0,8.0,57,32,0,0,0,0,0,0,0,0,0,0,Low,1,0,0,0
,Monday,Riyadh,No Holiday,,True,False,False,False,False,False,False,,FALSE,FALSE,FALSE,4.0,7.0,58,31,0,0,0,0,0,0,0,0,0,0,Low,1,0,0,0
,Tuesday,Riyadh,No Holiday,,True,False,False,False,False,False,False,UEFA CL,FALSE,FALSE,FALSE,3.0,6.0,59,30,0,0,0,1,0,0,0,1,0,4,Medium,1,0,0,0
,Wednesday,Riyadh,No Holiday,,True,False,False,False,False,False,False,UEFA CL,FALSE,FALSE,FALSE,2.0,5.0,60,29,0,0,0,1,0,0,0,1,0,4,Medium,1,0,0,0
,Thursday,Riyadh,No Holiday,,True,False,False,False,False,False,False,,FALSE,FALSE,TRUE,31.0,4.0,61,28,1,0,0,0,1,0,0,1,0,5,Medium,1,0,0,0
,Friday,Riyadh,No Holiday,,False,False,False,False,False,False,False,,FALSE,FALSE,FALSE,30.0,3.0,62,27,0,0,0,0,1,0,0,1,0,3,Medium,1,0,0,0
,Saturday,Riyadh,No Holiday,,False,False,False,False,False,False,False,,FALSE,FALSE,FALSE,29.0,2.0,63,26,0,0,0,0,1,0,0,1,0,3,Medium,1,0,0,0
,Sunday,Riyadh,No Holiday,,True,False,False,False,False,False,False,,FALSE,FALSE,FALSE,28.0,1.0,64,25,0,0,0,0,0,0,0,1,0,2,Low,1,0,0,0
,Monday,Riyadh,No Holiday,,True,False,False,False,False,False,False,,FALSE,FALSE,FALSE,27.0,0.0,65,24,0,0,0,0,0,0,0,1,0,2,Low,1,0,0,0
2022-01-11,Tuesday,Riyadh,No Holiday,,True,False,False,False,False,False,False,UEFA CL,FALSE,FALSE,FALSE,26.0,29.0,66,23,0,0,0,1,0,0,0,0,0,2,Low,1,0,0,0
2022-02-11,Wednesday,Riyadh,No Holiday,,True,False,False,False,False,False,False,UEFA CL,FALSE,FALSE,FALSE,25.0,28.0,67,22,0,0,0,1,0,0,0,0,0,2,Low,1,0,0,0
2022-03-11,Thursday,Riyadh,No Holiday,,True,False,False,True,False,False,False,,مهرجان نور الرياض,انتشرت الأعمال في 40 موقعًا بالرياض، بما في ذلك منتزه الملك عبد الله ووادي حنيفة وحي جاكس و تجاوز عدد الزوار 2.5 مليون زائر,FALSE,24.0,27.0,68,21,0,0,1,0,1,0,1,0,0,5,Medium,0,0,1,0
2022-04-11,Friday,Riyadh,No Holiday,,False,False,True,False,False,False,False,,FALSE,FALSE,FALSE,23.0,26.0,69,20,0,0,0,0,1,0,1,0,0,2,Low,0,0,1,0
2022-05-11,Saturday,Riyadh,No Holiday,,False,False,False,False,False,False,False,,FALSE,FALSE,FALSE,22.0,25.0,70,19,0,0,0,0,1,0,0,0,0,1,Low,1,0,0,0
2022-06-11,Sunday,Riyadh,No Holiday,,True,False,False,False,False,False,False,Preimer League,FALSE,FALSE,FALSE,21.0,24.0,71,18,0,0,0,1,0,0,0,0,0,2,Low,1,0,0,0
2022-07-11,Monday,Riyadh,No Holiday,,True,False,False,False,False,False,False,,FALSE,FALSE,FALSE,20.0,23.0,72,17,0,0,0,0,0,0,0,0,0,0,Low,1,0,0,0
2022-08-11,Tuesday,Riyadh,No Holiday,,True,False,False,True,False,False,False,,FALSE,FALSE,FALSE,19.0,22.0,73,16,0,0,0,0,0,0,1,0,0,1,Low,0,0,1,0
2022-09-11,Wednesday,Riyadh,No Holiday,,True,False,False,False,False,False,False,Preimer League,FALSE,FALSE,FALSE,18.0,21.0,74,15,0,0,0,1,0,0,0,0,0,2,Low,1,0,0,0
2022-10-11,Thursday,Riyadh,No Holiday,,False,False,False,False,False,False,False,,FALSE,FALSE,FALSE,17.0,20.0,75,14,0,0,0,0,1,0,0,0,0,1,Low,1,0,0,0
2022-11-11,Friday,Riyadh,No Holiday,,False,False,True,False,False,False,False,,FALSE,FALSE,FALSE,16.0,19.0,76,13,0,0,0,0,1,0,1,0,0,2,Low,0,0,1,0
2022-12-11,Saturday,Riyadh,No Holiday,,False,False,False,False,False,False,False,,FALSE,FALSE,FALSE,15.0,18.0,77,12,0,0,0,0,1,0,0,0,0,1,Low,1,0,0,0
,Sunday,Riyadh,No Holiday,,True,False,False,False,False,False,False,,FALSE,FALSE,FALSE,14.0,17.0,78,11,0,0,0,0,0,0,0,0,0,0,Low,1,0,0,0
,Monday,Riyadh,No Holiday,,True,False,False,False,False,False,False,,FALSE,FALSE,FALSE,13.0,16.0,79,10,0,0,0,0,0,0,0,0,0,0,Low,1,0,0,0
,Tuesday,Riyadh,No Holiday,,True,False,False,False,False,False,False,,FALSE,FALSE,FALSE,12.0,15.0,80,9,0,0,0,0,0,0,0,0,0,0,Low,1,0,0,0
,Wednesday,Riyadh,No Holiday,,True,False,False,False,False,False,False,National Cup,FALSE,FALSE,FALSE,11.0,14.0,81,8,0,0,0,1,0,0,0,0,0,2,Low,1,0,0,0
,Thursday,Riyadh,No Holiday,,True,False,False,False,False,False,False,,FALSE,FALSE,FALSE,10.0,13.0,82,7,0,0,0,0,1,0,0,0,0,1,Low,1,0,0,0
,Friday,Riyadh,No Holiday,,True,False,False,False,False,False,False,,FALSE,FALSE,FALSE,9.0,12.0,83,6,0,0,0,0,1,0,0,0,0,1,Low,1,0,0,0
,Saturday,Riyadh,No Holiday,,False,False,False,False,True,False,False,,FALSE,FALSE,FALSE,8.0,11.0,84,5,0,0,0,0,1,0,1,0,0,2,Low,0,0,0,1
,Sunday,Riyadh,No Holiday,,False,False,False,False,False,False,False,World Cup,FALSE,FALSE,FALSE,7.0,10.0,85,4,0,0,0,1,0,0,0,0,0,2,Low,1,0,0,0
,Monday,Riyadh,No Holiday,,True,False,False,False,False,False,False,World Cup,FALSE,FALSE,FALSE,6.0,9.0,86,3,0,0,0,1,0,0,0,0,0,2,Low,1,0,0,0
,Tuesday,Riyadh,No Holiday,,True,False,False,False,False,False,False,World Cup,FALSE,FALSE,FALSE,5.0,8.0,87,2,0,0,0,1,0,0,0,0,0,2,Low,1,0,0,0
,Wednesday,Riyadh,Public holiday,It's a holiday to celebrate KSA victory over Argentina.,False,False,False,False,False,False,False,World Cup,FALSE,FALSE,FALSE,4.0,7.0,88,1,0,1,0,1,0,0,0,0,0,5,Medium,1,0,0,0
,Thursday,Riyadh,No Holiday,,False,False,False,False,False,False,False,World Cup,FALSE,FALSE,FALSE,3.0,6.0,Vacation	,Vacation,0,0,0,1,1,0,0,1,0,5,Medium,1,0,0,0
,Friday,Riyadh,No Holiday,,False,False,False,False,False,False,False,World Cup,FALSE,FALSE,FALSE,2.0,5.0,Vacation	,Vacation,0,0,0,1,1,0,0,1,0,5,Medium,1,0,0,0
,Saturday,Riyadh,No Holiday,,False,False,False,False,False,False,False,World Cup,FALSE,FALSE,FALSE,1.0,4.0,Vacation	,Vacation,0,0,0,1,1,0,0,1,0,5,Medium,1,0,0,0
,Sunday,Riyadh,No Holiday,,False,False,False,False,False,False,False,World Cup,FALSE,FALSE,TRUE,31.0,3.0,Vacation	,Vacation,1,0,0,1,0,0,0,1,0,6,High,1,0,0,0
,Monday,Riyadh,No Holiday,,False,False,False,False,False,False,False,World Cup,FALSE,FALSE,FALSE,30.0,2.0,Vacation	,Vacation,0,0,0,1,0,0,0,1,0,4,Medium,1,0,0,0
,Tuesday,Riyadh,No Holiday,,False,False,False,False,False,False,False,World Cup,FALSE,FALSE,FALSE,29.0,1.0,Vacation	,Vacation,0,0,0,1,0,0,0,1,0,4,Medium,1,0,0,0
,Wednesday,Riyadh,No Holiday,,False,False,False,False,False,False,False,World Cup,FALSE,FALSE,FALSE,28.0,0.0,Vacation	,Vacation,0,0,0,1,0,0,0,1,0,4,Medium,1,0,0,0
2022-01-12,Thursday,Riyadh,No Holiday,,False,False,False,False,False,False,False,World Cup,FALSE,FALSE,FALSE,27.0,30.0,Vacation	,Vacation,0,0,0,1,1,0,0,0,0,3,Medium,1,0,0,0
2022-02-12,Friday,Riyadh,No Holiday,,False,False,False,False,False,False,False,World Cup,FALSE,FALSE,FALSE,26.0,29.0,Vacation	,Vacation,0,0,0,1,1,0,0,0,0,3,Medium,1,0,0,0
2022-03-12,Saturday,Riyadh,No Holiday,,False,False,False,False,False,False,False,World Cup,FALSE,FALSE,FALSE,25.0,28.0,Vacation	,Vacation,0,0,0,1,1,0,0,0,0,3,Medium,1,0,0,0
2022-04-12,Sunday,Riyadh,No Holiday,,True,False,False,False,False,False,False,World Cup,FALSE,FALSE,FALSE,24.0,27.0,1,88,0,0,0,1,0,0,0,0,0,2,Low,1,0,0,0
2022-05-12,Monday,Riyadh,No Holiday,,True,False,False,False,False,False,False,World Cup,FALSE,FALSE,FALSE,23.0,26.0,2,87,0,0,0,1,0,0,0,0,0,2,Low,1,0,0,0
2022-06-12,Tuesday,Riyadh,No Holiday,,True,False,False,False,False,False,False,World Cup,FALSE,FALSE,FALSE,22.0,25.0,3,86,0,0,0,1,0,0,0,0,0,2,Low,1,0,0,0
2022-07-12,Wednesday,Riyadh,No Holiday,,True,False,False,False,True,False,False,,قمة الرياض العربية-الصينية,شارك فيها قادة دول مجلس التعاون الخليجي والعالم العربي، وأبرمت اتفاقيات تعزز التعاون الاقتصادي والأمني .,FALSE,21.0,24.0,4,85,0,0,1,0,0,0,1,0,0,4,Medium,0,0,0,1
2022-08-12,Thursday,Riyadh,No Holiday,,True,False,True,False,True,False,False,,FALSE,FALSE,FALSE,20.0,23.0,5,84,0,0,0,0,1,0,1,0,0,3,Medium,0,0,1,1
2022-09-12,Friday,Riyadh,No Holiday,,False,True,False,False,False,False,False,World Cup,FALSE,FALSE,FALSE,19.0,22.0,6,83,0,0,0,1,1,0,0,0,0,3,Medium,1,0,0,0
2022-10-12,Saturday,Riyadh,No Holiday,,False,False,False,False,True,False,False,World Cup,FALSE,FALSE,FALSE,18.0,21.0,7,82,0,0,0,1,1,0,1,0,0,4,Medium,0,0,0,1
2022-11-12,Sunday,Riyadh,No Holiday,,True,False,False,False,True,False,False,,FALSE,FALSE,FALSE,17.0,20.0,8,81,0,0,0,0,0,0,1,0,0,1,Low,0,0,0,1
2022-12-12,Monday,Riyadh,No Holiday,,True,False,False,False,False,False,False,,FALSE,FALSE,FALSE,16.0,19.0,9,80,0,0,0,0,0,0,0,0,0,0,Low,1,0,0,0
,Tuesday,Riyadh,No Holiday,,True,False,False,False,False,False,False,World Cup,FALSE,FALSE,FALSE,15.0,18.0,10,79,0,0,0,1,0,0,0,0,0,2,Low,1,0,0,0
,Wednesday,Riyadh,No Holiday,,True,False,False,False,False,False,False,World Cup,FALSE,FALSE,FALSE,14.0,17.0,11,78,0,0,0,1,0,0,0,0,0,2,Low,1,0,0,0
,Thursday,Riyadh,No Holiday,,True,False,False,False,False,False,False,,FALSE,FALSE,FALSE,13.0,16.0,12,77,0,0,0,0,1,0,0,0,0,1,Low,1,0,0,0
,Friday,Riyadh,No Holiday,,False,False,False,False,False,False,False,,FALSE,FALSE,FALSE,12.0,15.0,13,76,0,0,0,0,1,0,0,0,0,1,Low,1,0,0,0
,Saturday,Riyadh,No Holiday,,False,False,False,False,True,False,False,World Cup,FALSE,FALSE,FALSE,11.0,14.0,14,75,0,0,0,1,1,0,1,0,0,4,Medium,0,0,0,1
,Sunday,Riyadh,No Holiday,,False,False,False,False,False,False,False,World Cup,FALSE,FALSE,FALSE,10.0,13.0,15,74,0,0,0,1,0,0,0,0,0,2,Low,1,0,0,0
,Monday,Riyadh,No Holiday,,True,False,False,False,False,False,False,,FALSE,FALSE,FALSE,9.0,12.0,16,73,0,0,0,0,0,0,0,0,0,0,Low,1,0,0,0
,Tuesday,Riyadh,No Holiday,,True,False,False,False,False,False,False,,FALSE,FALSE,FALSE,8.0,11.0,17,72,0,0,0,0,0,0,0,0,0,0,Low,1,0,0,0
,Wednesday,Riyadh,No Holiday,,True,False,False,False,False,False,False,KSA League,FALSE,FALSE,FALSE,7.0,10.0,18,71,0,0,0,1,0,0,0,0,0,2,Low,1,0,0,0
,Thursday,Riyadh,No Holiday,,True,False,False,False,False,False,False,KSA League,FALSE,FALSE,FALSE,6.0,9.0,19,70,0,0,0,1,1,0,0,0,0,3,Medium,1,0,0,0
,Friday,Riyadh,No Holiday,,False,False,True,True,False,False,False,,FALSE,FALSE,FALSE,5.0,8.0,20,69,0,0,0,0,1,0,1,0,0,2,Low,0,0,1,0
,Saturday,Riyadh,No Holiday,,False,False,False,False,False,False,False,,FALSE,FALSE,FALSE,4.0,7.0,21,68,0,0,0,0,1,0,0,0,0,1,Low,1,0,0,0
,Sunday,Riyadh,No Holiday,,True,False,False,False,False,False,False,,FALSE,FALSE,FALSE,3.0,6.0,22,67,0,0,0,0,0,0,0,1,0,2,Low,1,0,0,0
,Monday,Riyadh,No Holiday,,True,False,False,False,False,False,False,KSA League,FALSE,FALSE,FALSE,2.0,5.0,23,66,0,0,0,1,0,0,0,1,0,4,Medium,1,0,0,0
,Tuesday,Riyadh,No Holiday,,True,False,False,True,False,False,False,,FALSE,FALSE,TRUE,31.0,4.0,24,65,1,0,0,0,0,0,1,1,0,5,Medium,0,0,1,0
,Wednesday,Riyadh,No Holiday,,True,False,False,False,False,False,False,,FALSE,FALSE,FALSE,30.0,3.0,25,64,0,0,0,0,0,0,0,1,0,2,Low,1,0,0,0
,Thursday,Riyadh,No Holiday,,True,False,False,False,False,False,False,,FALSE,FALSE,FALSE,29.0,2.0,26,63,0,0,0,0,1,0,0,1,0,3,Medium,1,0,0,0
,Friday,Riyadh,No Holiday,,False,True,False,False,True,False,True,,FALSE,FALSE,FALSE,28.0,1.0,27,62,0,0,0,0,1,1,1,1,0,5,Medium,0,1,0,1
,Saturday,Riyadh,No Holiday,,False,False,False,False,True,False,False,,FALSE,FALSE,FALSE,27.0,0.0,28,61,0,0,0,0,1,0,1,1,0,4,Medium,0,0,0,1
2023-01-01,Sunday,Riyadh,No Holiday,,True,False,False,False,True,False,True,,FALSE,FALSE,FALSE,26.0,30.0,29,60,0,0,0,0,0,1,1,0,0,2,Low,0,1,0,1
2023-02-01,Monday,Riyadh,No Holiday,,True,False,False,False,True,False,True,,FALSE,FALSE,FALSE,25.0,29.0,30,59,0,0,0,0,0,1,1,0,0,2,Low,0,1,0,1
2023-03-01,Tuesday,Riyadh,No Holiday,,False,True,False,False,True,False,True,,FALSE,FALSE,FALSE,24.0,28.0,31,58,0,0,0,0,0,1,1,0,0,2,Low,0,1,0,1
2023-04-01,Wednesday,Riyadh,No Holiday,,True,True,False,False,True,False,True,,FALSE,FALSE,FALSE,23.0,27.0,32,57,0,0,0,0,0,1,1,0,0,2,Low,0,1,0,1
2023-05-01,Thursday,Riyadh,No Holiday,,True,True,False,False,True,False,True,"Preimer League, KSA League",افتتاح المسار البرتقالي لشبكة قطار الرياض,تحسين حركة النقل العام وتخفيف الزحام المروري في المدينة.,FALSE,22.0,26.0,33,56,0,0,1,1,1,1,1,0,0,8,High,0,1,0,1
2023-06-01,Friday,Riyadh,No Holiday,,False,True,False,False,False,False,True,Gulf Cup,FALSE,FALSE,FALSE,21.0,25.0,34,55,0,0,0,1,1,1,0,0,0,4,Medium,0,1,0,0
2023-07-01,Saturday,Riyadh,No Holiday,,False,True,False,False,True,False,True,Gulf Cup,FALSE,FALSE,FALSE,20.0,24.0,35,54,0,0,0,1,1,1,1,0,0,5,Medium,0,1,0,1
2023-08-01,Sunday,Riyadh,No Holiday,,True,False,False,False,False,False,False,La liga,FALSE,FALSE,FALSE,19.0,23.0,36,53,0,0,0,1,0,0,0,0,0,2,Low,1,0,0,0
2023-09-01,Monday,Riyadh,No Holiday,,True,False,False,False,False,False,False,Gulf Cup,FALSE,FALSE,FALSE,18.0,22.0,37,52,0,0,0,1,0,0,0,0,0,2,Low,1,0,0,0
2023-10-01,Tuesday,Riyadh,No Holiday,,True,False,False,False,False,False,True,Gulf Cup,FALSE,FALSE,FALSE,17.0,21.0,38,51,0,0,0,1,0,1,0,0,0,3,Medium,0,1,0,0
2023-11-01,Wednesday,Riyadh,No Holiday,,True,False,False,False,False,False,False,,FALSE,FALSE,FALSE,16.0,20.0,39,50,0,0,0,0,0,0,0,0,0,0,Low,1,0,0,0
2023-12-01,Thursday,Riyadh,No Holiday,,True,False,False,False,False,False,False,Gulf Cup,FALSE,FALSE,FALSE,15.0,19.0,40,49,0,0,0,1,1,0,0,0,0,3,Medium,1,0,0,0
,Friday,Riyadh,No Holiday,,False,False,False,False,False,False,False,"Preimer League, Gulf Cup",FALSE,FALSE,FALSE,14.0,18.0,41,48,0,0,0,1,1,0,0,0,0,3,Medium,1,0,0,0
,Saturday,Riyadh,No Holiday,,False,False,False,False,False,False,True,Preimer League,FALSE,FALSE,FALSE,13.0,17.0,42,47,0,0,0,1,1,1,0,0,0,4,Medium,0,1,0,0
,Sunday,Riyadh,No Holiday,,False,False,False,False,True,False,False,La liga,FALSE,FALSE,FALSE,12.0,16.0,43,46,0,0,0,1,0,0,1,0,0,3,Medium,0,0,0,1
,Monday,Riyadh,No Holiday,,True,False,False,False,True,False,False,Gulf Cup,FALSE,FALSE,FALSE,11.0,15.0,44,45,0,0,0,1,0,0,1,0,0,3,Medium,0,0,0,1
,Tuesday,Riyadh,No Holiday,,True,True,False,True,True,False,True,,FALSE,FALSE,FALSE,10.0,14.0,45,44,0,0,0,0,0,1,1,0,0,3,Medium,0,1,1,1
,Wednesday,Riyadh,No Holiday,,True,False,False,False,True,False,False,,FALSE,FALSE,FALSE,9.0,13.0,46,43,0,0,0,0,0,0,1,0,0,1,Low,0,0,0,1
,Thursday,Riyadh,No Holiday,,True,False,False,False,False,False,False,"Preimer League, KSA League, Gulf Cup",FALSE,FALSE,FALSE,8.0,12.0,47,42,0,0,0,1,1,0,0,0,0,3,Medium,1,0,0,0
,Friday,Riyadh,No Holiday,,False,False,False,False,False,False,False,,FALSE,FALSE,FALSE,7.0,11.0,48,41,0,0,0,0,1,0,0,0,0,1,Low,1,0,0,0
,Saturday,Riyadh,No Holiday,,False,False,False,False,False,False,False,,FALSE,FALSE,FALSE,6.0,10.0,49,40,0,0,0,0,1,0,0,0,0,1,Low,1,0,0,0
,Sunday,Riyadh,No Holiday,,True,False,False,False,False,False,False,,FALSE,FALSE,FALSE,5.0,9.0,50,39,0,0,0,0,0,0,0,0,0,0,Low,1,0,0,0
,Monday,Riyadh,No Holiday,,True,True,False,False,False,False,True,Preimer League,FALSE,FALSE,FALSE,4.0,8.0,51,38,0,0,0,1,0,1,0,0,0,3,Medium,0,1,0,0
,Tuesday,Riyadh,No Holiday,,True,False,False,False,False,False,True,,FALSE,FALSE,FALSE,3.0,7.0,52,37,0,0,0,0,0,1,0,1,0,3,Medium,0,1,0,0
,Wednesday,Riyadh,No Holiday,,True,False,False,False,True,False,True,,FALSE,FALSE,FALSE,2.0,6.0,53,36,0,0,0,0,0,1,1,1,0,4,Medium,0,1,0,1
,Thursday,Riyadh,No Holiday,,True,True,True,False,True,False,True,KSA League,FALSE,FALSE,TRUE,31.0,5.0,54,35,1,0,0,1,1,1,1,1,0,10,High,0,1,1,1
,Friday,Riyadh,No Holiday,,False,False,False,False,False,False,False,,FALSE,FALSE,FALSE,30.0,4.0,55,34,0,0,0,0,1,0,0,1,0,3,Medium,1,0,0,0
,Saturday,Riyadh,No Holiday,,False,False,False,False,True,False,False,,FALSE,FALSE,FALSE,29.0,3.0,56,33,0,0,0,0,1,0,1,1,0,4,Medium,0,0,0,1
,Sunday,Riyadh,No Holiday,,True,False,False,False,False,False,False,,FALSE,FALSE,FALSE,28.0,2.0,57,32,0,0,0,0,0,0,0,1,0,2,Low,1,0,0,0
,Monday,Riyadh,No Holiday,,True,False,False,False,False,False,False,,FALSE,FALSE,FALSE,27.0,1.0,58,31,0,0,0,0,0,0,0,1,0,2,Low,1,0,0,0
,Tuesday,Riyadh,No Holiday,,True,False,True,False,False,False,False,,FALSE,FALSE,FALSE,26.0,0.0,59,30,0,0,0,0,0,0,1,1,0,3,Medium,0,0,1,0
2023-01-02,Wednesday,Riyadh,No Holiday,,True,False,True,False,False,False,False,,FALSE,FALSE,FALSE,25.0,27.0,60,29,0,0,0,0,0,0,1,0,0,1,Low,0,0,1,0
2023-02-02,Thursday,Riyadh,No Holiday,,True,False,False,False,False,False,False,,FALSE,FALSE,FALSE,24.0,26.0,61,28,0,0,0,0,1,0,0,0,0,1,Low,1,0,0,0
2023-03-02,Friday,Riyadh,No Holiday,,False,False,False,False,False,False,False,Preimer League,FALSE,FALSE,FALSE,23.0,25.0,62,27,0,0,0,1,1,0,0,0,0,3,Medium,1,0,0,0
2023-04-02,Saturday,Riyadh,No Holiday,,False,False,False,False,False,False,False,Preimer League,FALSE,FALSE,FALSE,22.0,24.0,63,26,0,0,0,1,1,0,0,0,0,3,Medium,1,0,0,0
2023-05-02,Sunday,Riyadh,No Holiday,,True,False,False,False,False,False,False,"Preimer League, La liga",FALSE,FALSE,FALSE,21.0,23.0,64,25,0,0,0,1,0,0,0,0,0,2,Low,1,0,0,0
2023-06-02,Monday,Riyadh,No Holiday,,True,False,True,True,False,False,False,,FALSE,FALSE,FALSE,20.0,22.0,65,24,0,0,0,0,0,0,1,0,0,1,Low,0,0,1,0
2023-07-02,Tuesday,Riyadh,No Holiday,,True,False,False,False,False,False,False,,FALSE,FALSE,FALSE,19.0,21.0,66,23,0,0,0,0,0,0,0,0,0,0,Low,1,0,0,0
2023-08-02,Wednesday,Riyadh,No Holiday,,True,False,False,False,False,False,False,Preimer League,FALSE,FALSE,FALSE,18.0,20.0,67,22,0,0,0,1,0,0,0,0,0,2,Low,1,0,0,0
2023-09-02,Thursday,Riyadh,No Holiday,,True,False,False,False,False,False,False,,FALSE,FALSE,FALSE,17.0,19.0,68,21,0,0,0,0,1,0,0,0,0,1,Low,1,0,0,0
2023-10-02,Friday,Riyadh,No Holiday,,False,False,False,False,False,False,False,,FALSE,FALSE,FALSE,16.0,18.0,69,20,0,0,0,0,1,0,0,0,0,1,Low,1,0,0,0
2023-11-02,Saturday,Riyadh,No Holiday,,False,False,False,False,False,False,False,Preimer League,FALSE,FALSE,FALSE,15.0,17.0,70,19,0,0,0,1,1,0,0,0,0,3,Medium,1,0,0,0
2023-12-02,Sunday,Riyadh,No Holiday,,True,False,False,False,False,False,False,Preimer League,FALSE,FALSE,FALSE,14.0,16.0,71,18,0,0,0,1,0,0,0,0,0,2,Low,1,0,0,0
,Monday,Riyadh,No Holiday,,True,False,False,False,False,False,False,Preimer League,FALSE,FALSE,FALSE,13.0,15.0,72,17,0,0,0,1,0,0,0,0,0,2,Low,1,0,0,0
,Tuesday,Riyadh,No Holiday,,True,False,False,False,False,False,False,UEFA CL,FALSE,FALSE,FALSE,12.0,14.0,73,16,0,0,0,1,0,0,0,0,0,2,Low,1,0,0,0
,Wednesday,Riyadh,No Holiday,,True,False,False,False,False,False,False,Preimer League,FALSE,FALSE,FALSE,11.0,13.0,74,15,0,0,0,1,0,0,0,0,0,2,Low,1,0,0,0
,Thursday,Riyadh,No Holiday,,True,False,False,False,False,False,False,,FALSE,FALSE,FALSE,10.0,12.0,75,14,0,0,0,0,1,0,0,0,0,1,Low,1,0,0,0
,Friday,Riyadh,No Holiday,,False,False,False,False,False,False,False,,FALSE,FALSE,FALSE,9.0,11.0,76,13,0,0,0,0,1,0,0,0,0,1,Low,1,0,0,0
,Saturday,Riyadh,No Holiday,,False,False,False,False,False,False,False,Preimer League,FALSE,FALSE,FALSE,8.0,10.0,77,12,0,0,0,1,1,0,0,0,0,3,Medium,1,0,0,0
,Sunday,Riyadh,No Holiday,,True,False,False,False,False,False,False,Preimer League,FALSE,FALSE,FALSE,7.0,9.0,78,11,0,0,0,1,0,0,0,0,0,2,Low,1,0,0,0
,Monday,Riyadh,No Holiday,,True,False,False,False,False,False,False,,FALSE,FALSE,FALSE,6.0,8.0,79,10,0,0,0,0,0,0,0,0,0,0,Low,1,0,0,0
,Tuesday,Riyadh,No Holiday,,True,False,False,False,False,False,False,UEFA CL,FALSE,FALSE,FALSE,5.0,7.0,80,9,0,0,0,1,0,0,0,0,0,2,Low,1,0,0,0
,Wednesday,Riyadh,Founding Day,Founding Day is a national holiday in Saudi Arabia,False,False,False,False,False,False,False,UEFA CL,FALSE,FALSE,FALSE,4.0,6.0,81,8,0,1,0,1,0,0,0,0,0,5,Medium,1,0,0,0
,Thursday,Riyadh,Founding Day Public Sector Holiday,Founding Day Public Sector Holiday is a public sector holiday in Saudi Arabia,False,False,False,False,False,False,False,,FALSE,FALSE,FALSE,3.0,5.0,82,7,0,1,0,0,1,0,0,1,0,6,High,1,0,0,0
,Friday,Riyadh,No Holiday,,False,False,False,False,False,False,False,Preimer League,FALSE,FALSE,FALSE,2.0,4.0,83,6,0,0,0,1,1,0,0,1,0,5,Medium,1,0,0,0
,Saturday,Riyadh,No Holiday,,False,False,False,False,False,False,False,"Preimer League, La liga",FALSE,FALSE,FALSE,1.0,3.0,84,5,0,0,0,1,1,0,0,1,0,5,Medium,1,0,0,0
,Sunday,Riyadh,No Holiday,,True,False,False,False,False,False,False,Preimer League,FALSE,FALSE,FALSE,0.0,2.0,85,4,0,0,0,1,0,0,0,1,0,4,Medium,1,0,0,0
,Monday,Riyadh,No Holiday,,True,False,True,False,False,False,False,,FALSE,FALSE,TRUE,31.0,1.0,86,3,1,0,0,0,0,0,1,1,0,5,Medium,0,0,1,0
,Tuesday,Riyadh,No Holiday,,True,False,True,False,False,False,False,,FALSE,FALSE,FALSE,30.0,0.0,87,2,0,0,0,0,0,0,1,1,0,3,Medium,0,0,1,0
2023-01-03,Wednesday,Riyadh,No Holiday,,True,False,False,False,False,False,False,Preimer League,FALSE,FALSE,FALSE,29.0,30.0,88,1,0,0,0,1,0,0,0,0,0,2,Low,1,0,0,0
2023-02-03,Thursday,Riyadh,No Holiday,,False,False,False,False,False,False,False,,FALSE,FALSE,FALSE,28.0,29.0,Vacation	,Vacation,0,0,0,0,1,0,0,0,0,1,Low,1,0,0,0
2023-03-03,Friday,Riyadh,No Holiday,,False,False,False,False,False,False,False,,FALSE,FALSE,FALSE,27.0,28.0,Vacation	,Vacation,0,0,0,0,1,0,0,0,0,1,Low,1,0,0,0
2023-04-03,Saturday,Riyadh,No Holiday,,False,False,False,False,False,False,False,Preimer League,FALSE,FALSE,FALSE,26.0,27.0,Vacation	,Vacation,0,0,0,1,1,0,0,0,0,3,Medium,1,0,0,0
2023-05-03,Sunday,Riyadh,No Holiday,,False,False,False,False,False,False,False,Preimer League,FALSE,FALSE,FALSE,25.0,26.0,Vacation	,Vacation,0,0,0,1,0,0,0,0,0,2,Low,1,0,0,0
2023-06-03,Monday,Riyadh,No Holiday,,False,False,False,False,False,False,False,Preimer League,FALSE,FALSE,FALSE,24.0,25.0,Vacation	,Vacation,0,0,0,1,0,0,0,0,0,2,Low,1,0,0,0
2023-07-03,Tuesday,Riyadh,No Holiday,,False,False,False,False,False,False,False,UEFA CL,FALSE,FALSE,FALSE,23.0,24.0,Vacation	,Vacation,0,0,0,1,0,0,0,0,0,2,Low,1,0,0,0
2023-08-03,Wednesday,Riyadh,No Holiday,,False,False,False,False,False,False,False,UEFA CL,FALSE,FALSE,FALSE,22.0,23.0,Vacation	,Vacation,0,0,0,1,0,0,0,0,0,2,Low,1,0,0,0
2023-09-03,Thursday,Riyadh,No Holiday,,False,False,False,False,False,False,False,KSA League,FALSE,FALSE,FALSE,21.0,22.0,Vacation	,Vacation,0,0,0,1,1,0,0,0,0,3,Medium,1,0,0,0
2023-10-03,Friday,Riyadh,No Holiday,,False,False,False,True,False,False,False,,FALSE,FALSE,FALSE,20.0,21.0,Vacation	,Vacation,0,0,0,0,1,0,1,0,0,2,Low,0,0,1,0
2023-11-03,Saturday,Riyadh,No Holiday,,False,False,False,False,False,False,False,Preimer League,FALSE,FALSE,FALSE,19.0,20.0,Vacation	,Vacation,0,0,0,1,1,0,0,0,0,3,Medium,1,0,0,0
2023-12-03,Sunday,Riyadh,No Holiday,,True,True,False,False,False,False,True,Preimer League,FALSE,FALSE,FALSE,18.0,19.0,1,102,0,0,0,1,0,1,0,0,0,3,Medium,0,1,0,0
,Monday,Riyadh,No Holiday,,True,False,False,False,True,False,True,,FALSE,FALSE,FALSE,17.0,18.0,2,101,0,0,0,0,0,1,1,0,0,2,Low,0,1,0,1
,Tuesday,Riyadh,No Holiday,,True,False,False,False,False,False,False,UEFA CL,FALSE,FALSE,FALSE,16.0,17.0,3,100,0,0,0,1,0,0,0,0,0,2,Low,1,0,0,0
,Wednesday,Riyadh,No Holiday,,True,False,False,False,False,False,True,Preimer League,FALSE,FALSE,FALSE,15.0,16.0,4,99,0,0,0,1,0,1,0,0,0,3,Medium,0,1,0,0
,Thursday,Riyadh,No Holiday,,True,True,False,False,False,False,True,,FALSE,FALSE,FALSE,14.0,15.0,5,98,0,0,0,0,1,1,0,0,0,2,Low,0,1,0,0
,Friday,Riyadh,No Holiday,,False,False,False,False,False,False,False,Preimer League,FALSE,FALSE,FALSE,13.0,14.0,6,97,0,0,0,1,1,0,0,0,0,3,Medium,1,0,0,0
,Saturday,Riyadh,No Holiday,,False,False,False,False,False,False,False,Preimer League,FALSE,FALSE,FALSE,12.0,13.0,7,96,0,0,0,1,1,0,0,0,0,3,Medium,1,0,0,0
,Sunday,Riyadh,No Holiday,,True,False,False,False,False,False,False,"Preimer League, La liga",FALSE,FALSE,FALSE,11.0,12.0,8,95,0,0,0,1,0,0,0,0,0,2,Low,1,0,0,0
,Monday,Riyadh,No Holiday,,True,False,False,False,False,False,False,,FALSE,FALSE,FALSE,10.0,11.0,9,94,0,0,0,0,0,0,0,0,0,0,Low,1,0,0,0
,Tuesday,Riyadh,No Holiday,,True,False,True,False,False,False,False,,FALSE,FALSE,FALSE,9.0,10.0,10,93,0,0,0,0,0,0,1,0,0,1,Low,0,0,1,0
,Wednesday,Riyadh,No Holiday,,True,False,False,False,False,False,False,,FALSE,FALSE,FALSE,8.0,9.0,11,92,0,0,0,0,0,0,0,0,0,0,Low,1,0,0,0
,Thursday,Riyadh,No Holiday,,True,False,False,False,False,False,False,,FALSE,FALSE,FALSE,7.0,8.0,12,91,0,0,0,0,1,0,0,0,0,1,Low,1,0,0,0
,Friday,Riyadh,No Holiday,,False,False,False,False,False,False,False,,FALSE,FALSE,FALSE,6.0,7.0,13,90,0,0,0,0,1,0,0,0,0,1,Low,1,0,0,0
,Saturday,Riyadh,No Holiday,,False,False,False,False,False,False,False,,FALSE,FALSE,FALSE,5.0,6.0,14,89,0,0,0,0,1,0,0,0,0,1,Low,1,0,0,0
,Sunday,Riyadh,No Holiday,,True,True,False,False,False,False,True,,FALSE,FALSE,FALSE,4.0,5.0,15,88,0,0,0,0,0,1,0,1,0,3,Medium,0,1,0,0
,Monday,Riyadh,No Holiday,,True,False,False,False,False,False,False,,FALSE,FALSE,TRUE,31.0,4.0,16,87,1,0,0,0,0,0,0,1,0,4,Medium,1,0,0,0
,Tuesday,Riyadh,No Holiday,,True,False,False,False,False,False,False,,FALSE,FALSE,FALSE,30.0,3.0,17,86,0,0,0,0,0,0,0,1,0,2,Low,1,0,0,0
,Wednesday,Riyadh,No Holiday,,True,False,False,False,False,False,False,,FALSE,FALSE,FALSE,29.0,2.0,18,85,0,0,0,0,0,0,0,1,0,2,Low,1,0,0,0
,Thursday,Riyadh,No Holiday,,True,False,False,False,False,False,True,,FALSE,FALSE,FALSE,28.0,1.0,19,84,0,0,0,0,1,1,0,1,0,4,Medium,0,1,0,0
,Friday,Riyadh,No Holiday,,False,False,False,True,False,False,False,,FALSE,FALSE,FALSE,27.0,0.0,20,83,0,0,0,0,1,0,1,1,0,4,Medium,0,0,1,0
2023-01-04,Saturday,Riyadh,No Holiday,,False,False,False,False,False,False,False,Preimer League,FALSE,FALSE,FALSE,26.0,29.0,21,82,0,0,0,1,1,0,0,0,0,3,Medium,1,0,0,0
2023-02-04,Sunday,Riyadh,No Holiday,,True,False,False,False,False,False,False,Preimer League,FALSE,FALSE,FALSE,25.0,28.0,22,81,0,0,0,1,0,0,0,0,0,2,Low,1,0,0,0
2023-03-04,Monday,Riyadh,No Holiday,,True,False,False,False,False,False,False,Preimer League,FALSE,FALSE,FALSE,24.0,27.0,23,80,0,0,0,1,0,0,0,0,0,2,Low,1,0,0,0
2023-04-04,Tuesday,Riyadh,No Holiday,,True,False,False,False,False,False,False,Preimer League,FALSE,FALSE,FALSE,23.0,26.0,24,79,0,0,0,1,0,0,0,0,0,2,Low,1,0,0,0
2023-05-04,Wednesday,Riyadh,No Holiday,,True,False,False,False,False,False,False,Preimer League,FALSE,FALSE,FALSE,22.0,25.0,25,78,0,0,0,1,0,0,0,0,0,2,Low,1,0,0,0
2023-06-04,Thursday,Riyadh,No Holiday,,True,False,False,False,False,False,False,,FALSE,FALSE,FALSE,21.0,24.0,26,77,0,0,0,0,1,0,0,0,0,1,Low,1,0,0,0
2023-07-04,Friday,Riyadh,No Holiday,,False,True,False,False,False,False,False,,FALSE,FALSE,FALSE,20.0,23.0,27,76,0,0,0,0,1,0,0,0,0,1,Low,1,0,0,0
2023-08-04,Saturday,Riyadh,No Holiday,,False,False,False,False,False,False,False,Preimer League,FALSE,FALSE,FALSE,19.0,22.0,28,75,0,0,0,1,1,0,0,0,0,3,Medium,1,0,0,0
2023-09-04,Sunday,Riyadh,No Holiday,,True,False,False,False,False,False,False,Preimer League,FALSE,FALSE,FALSE,18.0,21.0,29,74,0,0,0,1,0,0,0,0,0,2,Low,1,0,0,0
2023-10-04,Monday,Riyadh,No Holiday,,True,False,False,False,False,False,False,,FALSE,FALSE,FALSE,17.0,20.0,30,73,0,0,0,0,0,0,0,0,0,0,Low,1,0,0,0
2023-11-04,Tuesday,Riyadh,No Holiday,,True,False,False,False,False,False,False,UEFA CL,FALSE,FALSE,FALSE,16.0,19.0,31,72,0,0,0,1,0,0,0,0,0,2,Low,1,0,0,0
2023-12-04,Wednesday,Riyadh,No Holiday,,True,False,False,False,False,False,False,UEFA CL,FALSE,FALSE,FALSE,15.0,18.0,32,71,0,0,0,1,0,0,0,0,0,2,Low,1,0,0,0
,Thursday,Riyadh,No Holiday,,False,False,False,False,False,False,False,,FALSE,FALSE,FALSE,14.0,17.0,33,70,0,0,0,0,1,0,0,0,0,1,Low,1,0,0,0
,Friday,Riyadh,No Holiday,,False,False,False,False,False,False,False,,FALSE,FALSE,FALSE,13.0,16.0,34,69,0,0,0,0,1,0,0,0,0,1,Low,1,0,0,0
,Saturday,Riyadh,No Holiday,,False,True,False,False,False,False,True,Preimer League,FALSE,FALSE,FALSE,12.0,15.0,35,68,0,0,0,1,1,1,0,0,0,4,Medium,0,1,0,0
,Sunday,Riyadh,No Holiday,,False,True,False,False,False,False,True,Preimer League,FALSE,FALSE,FALSE,11.0,14.0,36,67,0,0,0,1,0,1,0,0,0,3,Medium,0,1,0,0
,Monday,Riyadh,No Holiday,,False,True,False,False,False,False,True,Preimer League,FALSE,FALSE,FALSE,10.0,13.0,37,66,0,0,0,1,0,1,0,0,0,3,Medium,0,1,0,0
,Tuesday,Riyadh,No Holiday,,False,False,False,False,False,False,False,"UEFA CL, KSA League",FALSE,FALSE,FALSE,9.0,12.0,38,65,0,0,0,1,0,0,0,0,0,2,Low,1,0,0,0
,Wednesday,Riyadh,No Holiday,,False,True,False,False,False,False,False,UEFA CL,FALSE,FALSE,FALSE,8.0,11.0,39,64,0,0,0,1,0,0,0,0,0,2,Low,1,0,0,0
,Thursday,Riyadh,Eid al-Fitr Holiday,"Eid al-Fitr is a holiday to mark the end of the Islamic month of Ramadan, during which Muslims fast during the hours of daylight.",False,False,False,False,False,False,False,,FALSE,FALSE,FALSE,7.0,10.0,40,63,0,1,0,0,1,0,0,0,0,4,Medium,1,0,0,0
,Friday,Riyadh,Eid al-Fitr Holiday,"Eid al-Fitr is a holiday to mark the end of the Islamic month of Ramadan, during which Muslims fast during the hours of daylight.",False,False,False,False,False,False,False,Preimer League,FALSE,FALSE,FALSE,6.0,9.0,41,62,0,1,0,1,1,0,0,0,0,6,High,1,0,0,0
,Saturday,Riyadh,Eid al-Fitr Holiday,"Eid al-Fitr is a holiday to mark the end of the Islamic month of Ramadan, during which Muslims fast during the hours of daylight.",False,False,False,False,False,False,False,Preimer League,FALSE,FALSE,FALSE,5.0,8.0,42,61,0,1,0,1,1,0,0,0,0,6,High,1,0,0,0
,Sunday,Riyadh,Eid al-Fitr Holiday,Eid al-Fitr Holiday is a national holiday in Saudi Arabia,False,False,False,False,False,False,False,"Preimer League, La liga, KSA League",FALSE,FALSE,FALSE,4.0,7.0,43,60,0,1,0,1,0,0,0,0,0,5,Medium,1,0,0,0
,Monday,Riyadh,Eid al-Fitr Holiday,Eid al-Fitr Holiday is a national holiday in Saudi Arabia,False,False,True,True,False,False,False,,FALSE,FALSE,FALSE,3.0,6.0,44,59,0,1,0,0,0,0,1,1,0,6,High,0,0,1,0
,Tuesday,Riyadh,Eid al-Fitr Holiday,Eid al-Fitr Holiday is a national holiday in Saudi Arabia,False,False,False,False,False,False,False,Preimer League,FALSE,FALSE,FALSE,2.0,5.0,45,58,0,1,0,1,0,0,0,1,0,7,High,1,0,0,0
,Wednesday,Riyadh,No Holiday,,True,False,False,False,False,False,False,Preimer League,FALSE,FALSE,FALSE,1.0,4.0,46,57,0,0,0,1,0,0,0,1,0,4,Medium,1,0,0,0
,Thursday,Riyadh,No Holiday,,True,False,False,False,False,False,False,Preimer League,FALSE,FALSE,TRUE,31.0,3.0,47,56,1,0,0,1,1,0,0,1,0,7,High,1,0,0,0
,Friday,Riyadh,No Holiday,,False,False,True,True,False,False,False,,FALSE,FALSE,FALSE,30.0,2.0,48,55,0,0,0,0,1,0,1,1,0,4,Medium,0,0,1,0
,Saturday,Riyadh,No Holiday,,False,False,False,False,False,False,False,,FALSE,FALSE,FALSE,29.0,1.0,49,54,0,0,0,0,1,0,0,1,0,3,Medium,1,0,0,0
,Sunday,Riyadh,No Holiday,,True,False,True,False,False,False,False,,FALSE,FALSE,FALSE,28.0,0.0,50,53,0,0,0,0,0,0,1,1,0,3,Medium,0,0,1,0
2023-01-05,Monday,Riyadh,No Holiday,,True,False,False,True,False,False,False,,FALSE,FALSE,FALSE,27.0,30.0,51,52,0,0,0,0,0,0,1,0,0,1,Low,0,0,1,0
2023-02-05,Tuesday,Riyadh,No Holiday,,True,False,False,False,False,False,False,Preimer League,FALSE,FALSE,FALSE,26.0,29.0,52,51,0,0,0,1,0,0,0,0,0,2,Low,1,0,0,0
2023-03-05,Wednesday,Riyadh,No Holiday,,True,False,False,False,False,False,False,,FALSE,FALSE,FALSE,25.0,28.0,53,50,0,0,0,0,0,0,0,0,0,0,Low,1,0,0,0
2023-04-05,Thursday,Riyadh,No Holiday,,True,False,False,False,False,False,False,,FALSE,FALSE,FALSE,24.0,27.0,54,49,0,0,0,0,1,0,0,0,0,1,Low,1,0,0,0
2023-05-05,Friday,Riyadh,No Holiday,,False,False,False,False,False,False,False,,FALSE,FALSE,FALSE,23.0,26.0,55,48,0,0,0,0,1,0,0,0,0,1,Low,1,0,0,0
2023-06-05,Saturday,Riyadh,No Holiday,,False,False,False,False,False,False,False,Preimer League,FALSE,FALSE,FALSE,22.0,25.0,56,47,0,0,0,1,1,0,0,0,0,3,Medium,1,0,0,0
2023-07-05,Sunday,Riyadh,No Holiday,,True,False,False,False,False,False,False,,FALSE,FALSE,FALSE,21.0,24.0,57,46,0,0,0,0,0,0,0,0,0,0,Low,1,0,0,0
2023-08-05,Monday,Riyadh,No Holiday,,True,False,False,False,False,False,False,,FALSE,FALSE,FALSE,20.0,23.0,58,45,0,0,0,0,0,0,0,0,0,0,Low,1,0,0,0
2023-09-05,Tuesday,Riyadh,No Holiday,,True,False,False,False,False,False,False,UEFA CL,FALSE,FALSE,FALSE,19.0,22.0,59,44,0,0,0,1,0,0,0,0,0,2,Low,1,0,0,0
2023-10-05,Wednesday,Riyadh,No Holiday,,True,False,True,False,False,False,False,UEFA CL,FALSE,FALSE,FALSE,18.0,21.0,60,43,0,0,0,1,0,0,1,0,0,3,Medium,0,0,1,0
2023-11-05,Thursday,Riyadh,No Holiday,,True,False,False,False,False,False,False,,FALSE,FALSE,FALSE,17.0,20.0,61,42,0,0,0,0,1,0,0,0,0,1,Low,1,0,0,0
2023-12-05,Friday,Riyadh,No Holiday,,False,False,False,False,False,False,False,,FALSE,FALSE,FALSE,16.0,19.0,62,41,0,0,0,0,1,0,0,0,0,1,Low,1,0,0,0
,Saturday,Riyadh,No Holiday,,False,False,False,False,False,False,False,,FALSE,FALSE,FALSE,15.0,18.0,63,40,0,0,0,0,1,0,0,0,0,1,Low,1,0,0,0
,Sunday,Riyadh,No Holiday,,True,False,False,False,False,False,False,Preimer League,FALSE,FALSE,FALSE,14.0,17.0,64,39,0,0,0,1,0,0,0,0,0,2,Low,1,0,0,0
,Monday,Riyadh,No Holiday,,True,False,False,False,False,False,False,,FALSE,FALSE,FALSE,13.0,16.0,65,38,0,0,0,0,0,0,0,0,0,0,Low,1,0,0,0
,Tuesday,Riyadh,No Holiday,,True,False,False,False,False,False,False,"UEFA CL, KSA League",FALSE,FALSE,FALSE,12.0,15.0,66,37,0,0,0,1,0,0,0,0,0,2,Low,1,0,0,0
,Wednesday,Riyadh,No Holiday,,True,False,False,False,False,False,False,UEFA CL,FALSE,FALSE,FALSE,11.0,14.0,67,36,0,0,0,1,0,0,0,0,0,2,Low,1,0,0,0
,Thursday,Riyadh,No Holiday,,True,False,True,True,False,False,False,,FALSE,FALSE,FALSE,10.0,13.0,68,35,0,0,0,0,1,0,1,0,0,2,Low,0,0,1,0
,Friday,Riyadh,No Holiday,,False,False,False,False,False,False,False,,FALSE,FALSE,FALSE,9.0,12.0,69,34,0,0,0,0,1,0,0,0,0,1,Low,1,0,0,0
,Saturday,Riyadh,No Holiday,,False,False,False,False,False,False,False,Preimer League,FALSE,FALSE,FALSE,8.0,11.0,70,33,0,0,0,1,1,0,0,0,0,3,Medium,1,0,0,0
,Sunday,Riyadh,No Holiday,,True,False,True,False,False,False,False,,FALSE,FALSE,FALSE,7.0,10.0,71,32,0,0,0,0,0,0,1,0,0,1,Low,0,0,1,0
,Monday,Riyadh,No Holiday,,True,False,False,False,False,False,False,,FALSE,FALSE,FALSE,6.0,9.0,72,31,0,0,0,0,0,0,0,0,0,0,Low,1,0,0,0
,Tuesday,Riyadh,No Holiday,,True,False,False,False,False,False,False,,FALSE,FALSE,FALSE,5.0,8.0,73,30,0,0,0,0,0,0,0,0,0,0,Low,1,0,0,0
,Wednesday,Riyadh,No Holiday,,True,False,True,False,False,False,False,,FALSE,FALSE,FALSE,4.0,7.0,74,29,0,0,0,0,0,0,1,0,0,1,Low,0,0,1,0
,Thursday,Riyadh,No Holiday,,True,False,True,False,False,False,False,Preimer League,FALSE,FALSE,FALSE,3.0,6.0,75,28,0,0,0,1,1,0,1,1,0,6,High,0,0,1,0
,Friday,Riyadh,No Holiday,,False,False,True,True,False,False,False,,FALSE,FALSE,FALSE,2.0,5.0,76,27,0,0,0,0,1,0,1,1,0,4,Medium,0,0,1,0
,Saturday,Riyadh,No Holiday,,False,False,False,False,False,False,False,La liga,FALSE,FALSE,FALSE,1.0,4.0,77,26,0,0,0,1,1,0,0,1,0,5,Medium,1,0,0,0
,Sunday,Riyadh,No Holiday,,False,False,False,False,False,False,False,Preimer League,FALSE,FALSE,TRUE,31.0,3.0,78,25,1,0,0,1,0,0,0,1,0,6,High,1,0,0,0
,Monday,Riyadh,No Holiday,,True,False,True,True,False,False,False,,FALSE,FALSE,FALSE,30.0,2.0,79,24,0,0,0,0,0,0,1,1,0,3,Medium,0,0,1,0
,Tuesday,Riyadh,No Holiday,,True,False,False,False,False,False,False,,FALSE,FALSE,FALSE,29.0,1.0,80,23,0,0,0,0,0,0,0,1,0,2,Low,1,0,0,0
,Wednesday,Riyadh,No Holiday,,True,False,False,False,False,False,False,,FALSE,FALSE,FALSE,28.0,0.0,81,22,0,0,0,0,0,0,0,1,0,2,Low,1,0,0,0
2023-01-06,Thursday,Riyadh,No Holiday,,True,False,False,False,False,False,False,,FALSE,FALSE,FALSE,27.0,29.0,82,21,0,0,0,0,1,0,0,0,0,1,Low,1,0,0,0
2023-02-06,Friday,Riyadh,No Holiday,,False,False,False,False,False,False,False,,FALSE,FALSE,FALSE,26.0,28.0,83,20,0,0,0,0,1,0,0,0,0,1,Low,1,0,0,0
2023-03-06,Saturday,Riyadh,No Holiday,,False,False,False,False,False,False,False,,FALSE,FALSE,FALSE,25.0,27.0,84,19,0,0,0,0,1,0,0,0,0,1,Low,1,0,0,0
2023-04-06,Sunday,Riyadh,No Holiday,,True,False,False,False,False,False,False,,FALSE,FALSE,FALSE,24.0,26.0,85,18,0,0,0,0,0,0,0,0,0,0,Low,1,0,0,0
2023-05-06,Monday,Riyadh,No Holiday,,True,False,False,False,False,False,False,,FALSE,FALSE,FALSE,23.0,25.0,86,17,0,0,0,0,0,0,0,0,0,0,Low,1,0,0,0
2023-06-06,Tuesday,Riyadh,No Holiday,,True,False,False,False,False,False,False,,FALSE,FALSE,FALSE,22.0,24.0,87,16,0,0,0,0,0,0,0,0,0,0,Low,1,0,0,0
2023-07-06,Wednesday,Riyadh,No Holiday,,True,False,False,False,False,False,False,,FALSE,FALSE,FALSE,21.0,23.0,88,15,0,0,0,0,0,0,0,0,0,0,Low,1,0,0,0
2023-08-06,Thursday,Riyadh,No Holiday,,True,False,False,False,False,False,False,,FALSE,FALSE,FALSE,20.0,22.0,89,14,0,0,0,0,1,0,0,0,0,1,Low,1,0,0,0
2023-09-06,Friday,Riyadh,No Holiday,,False,False,False,False,False,False,False,,FALSE,FALSE,FALSE,19.0,21.0,90,13,0,0,0,0,1,0,0,0,0,1,Low,1,0,0,0
2023-10-06,Saturday,Riyadh,No Holiday,,False,False,False,False,False,False,False,UEFA CL,FALSE,FALSE,FALSE,18.0,20.0,91,12,0,0,0,1,1,0,0,0,0,3,Medium,1,0,0,0
2023-11-06,Sunday,Riyadh,No Holiday,,True,False,False,False,False,False,False,,FALSE,FALSE,FALSE,17.0,19.0,92,11,0,0,0,0,0,0,0,0,0,0,Low,1,0,0,0
2023-12-06,Monday,Riyadh,No Holiday,,True,False,False,False,False,False,False,,FALSE,FALSE,FALSE,16.0,18.0,93,10,0,0,0,0,0,0,0,0,0,0,Low,1,0,0,0
,Tuesday,Riyadh,No Holiday,,True,False,False,False,False,False,False,,FALSE,FALSE,FALSE,15.0,17.0,94,9,0,0,0,0,0,0,0,0,0,0,Low,1,0,0,0
,Wednesday,Riyadh,No Holiday,,True,False,False,False,False,False,False,,FALSE,FALSE,FALSE,14.0,16.0,95,8,0,0,0,0,0,0,0,0,0,0,Low,1,0,0,0
,Thursday,Riyadh,No Holiday,,True,False,False,False,False,False,False,,FALSE,FALSE,FALSE,13.0,15.0,96,7,0,0,0,0,1,0,0,0,0,1,Low,1,0,0,0
,Friday,Riyadh,No Holiday,,False,False,False,False,False,False,False,,FALSE,FALSE,FALSE,12.0,14.0,97,6,0,0,0,0,1,0,0,0,0,1,Low,1,0,0,0
,Saturday,Riyadh,No Holiday,,False,False,False,False,False,False,False,,FALSE,FALSE,FALSE,11.0,13.0,98,5,0,0,0,0,1,0,0,0,0,1,Low,1,0,0,0
,Sunday,Riyadh,No Holiday,,True,False,False,False,False,False,False,,FALSE,FALSE,FALSE,10.0,12.0,99,4,0,0,0,0,0,0,0,0,0,0,Low,1,0,0,0
,Monday,Riyadh,No Holiday,,True,False,False,False,False,False,False,,FALSE,FALSE,FALSE,9.0,11.0,100,3,0,0,0,0,0,0,0,0,0,0,Low,1,0,0,0
,Tuesday,Riyadh,No Holiday,,True,False,False,False,False,False,False,,FALSE,FALSE,FALSE,8.0,10.0,101,2,0,0,0,0,0,0,0,0,0,0,Low,1,0,0,0
,Wednesday,Riyadh,No Holiday,,True,False,False,False,False,False,False,,FALSE,FALSE,FALSE,7.0,9.0,102,1,0,0,0,0,0,0,0,0,0,0,Low,1,0,0,0
,Thursday,Riyadh,No Holiday,,False,False,False,False,False,False,False,,FALSE,FALSE,FALSE,6.0,8.0,Vacation	,Vacation,0,0,0,0,1,0,0,0,0,1,Low,1,0,0,0
,Friday,Riyadh,No Holiday,,False,False,False,False,False,False,False,,FALSE,FALSE,FALSE,5.0,7.0,Vacation	,Vacation,0,0,0,0,1,0,0,0,0,1,Low,1,0,0,0
,Saturday,Riyadh,No Holiday,,False,False,False,False,False,False,False,,FALSE,FALSE,FALSE,4.0,6.0,Vacation	,Vacation,0,0,0,0,1,0,0,0,0,1,Low,1,0,0,0
,Sunday,Riyadh,No Holiday,,False,False,False,False,False,False,False,,FALSE,FALSE,FALSE,3.0,5.0,Vacation	,Vacation,0,0,0,0,0,0,0,1,0,2,Low,1,0,0,0
,Monday,Riyadh,Eid al-Adha Holiday,Arafat Day is a national holiday in Saudi Arabia,False,False,False,False,False,False,False,,FALSE,FALSE,FALSE,2.0,4.0,Vacation	,Vacation,0,1,0,0,0,0,0,1,0,5,Medium,1,0,0,0
,Tuesday,Riyadh,Eid al-Adha Holiday,Eid al-Adha (Id ul-Adha) is an Islamic festival falling on the 10th day of the month of Dhul Hijja (Thou al-Hijja) to commemorate the willingness of Ibrahim (Abraham) to sacrifice his son.,False,False,False,False,False,False,False,,FALSE,FALSE,TRUE,31.0,3.0,Vacation	,Vacation,1,1,0,0,0,0,0,1,0,7,High,1,0,0,0
,Wednesday,Riyadh,Eid al-Adha Holiday,Eid al-Adha (Id ul-Adha) is an Islamic festival falling on the 10th day of the month of Dhul Hijja (Thou al-Hijja) to commemorate the willingness of Ibrahim (Abraham) to sacrifice his son.,False,False,False,False,False,False,False,,FALSE,FALSE,FALSE,30.0,2.0,Vacation	,Vacation,0,1,0,0,0,0,0,1,0,5,Medium,1,0,0,0
,Thursday,Riyadh,Eid al-Adha Holiday,Eid al-Adha (Id ul-Adha) is an Islamic festival falling on the 10th day of the month of Dhul Hijja (Thou al-Hijja) to commemorate the willingness of Ibrahim (Abraham) to sacrifice his son.,False,False,False,False,False,False,False,,FALSE,FALSE,FALSE,29.0,1.0,Vacation	,Vacation,0,1,0,0,1,0,0,1,0,6,High,1,0,0,0
,Friday,Riyadh,Eid al-Adha Holiday,Eid al-Adha Holiday is a national holiday in Saudi Arabia,False,False,False,False,False,False,False,,FALSE,FALSE,FALSE,28.0,0.0,Vacation	,Vacation,0,1,0,0,1,0,0,1,0,6,High,1,0,0,0
2023-01-07,Saturday,Riyadh,Eid al-Adha Holiday,Eid al-Adha Holiday is a national holiday in Saudi Arabia,False,False,False,False,False,False,False,,FALSE,FALSE,FALSE,27.0,30.0,Vacation	,Vacation,0,1,0,0,1,0,0,0,0,4,Medium,1,0,0,0
2023-02-07,Sunday,Riyadh,No Holiday,,False,False,False,False,False,False,False,,FALSE,FALSE,FALSE,26.0,29.0,Vacation	,Vacation,0,0,0,0,0,0,0,0,0,0,Low,1,0,0,0
2023-03-07,Monday,Riyadh,No Holiday,,False,False,False,False,False,False,False,,FALSE,FALSE,FALSE,25.0,28.0,Vacation	,Vacation,0,0,0,0,0,0,0,0,0,0,Low,1,0,0,0
2023-04-07,Tuesday,Riyadh,No Holiday,,False,False,False,False,False,False,False,,FALSE,FALSE,FALSE,24.0,27.0,Vacation	,Vacation,0,0,0,0,0,0,0,0,0,0,Low,1,0,0,0
2023-05-07,Wednesday,Riyadh,No Holiday,,False,False,False,False,False,False,False,,FALSE,FALSE,FALSE,23.0,26.0,Vacation	,Vacation,0,0,0,0,0,0,0,0,0,0,Low,1,0,0,0
2023-06-07,Thursday,Riyadh,No Holiday,,False,False,False,False,False,False,False,,FALSE,FALSE,FALSE,22.0,25.0,Vacation	,Vacation,0,0,0,0,1,0,0,0,0,1,Low,1,0,0,0
2023-07-07,Friday,Riyadh,No Holiday,,False,False,False,False,False,False,False,,FALSE,FALSE,FALSE,21.0,24.0,Vacation	,Vacation,0,0,0,0,1,0,0,0,0,1,Low,1,0,0,0
2023-08-07,Saturday,Riyadh,No Holiday,,False,False,False,False,False,False,False,,FALSE,FALSE,FALSE,20.0,23.0,Vacation	,Vacation,0,0,0,0,1,0,0,0,0,1,Low,1,0,0,0
2023-09-07,Sunday,Riyadh,No Holiday,,False,False,False,False,False,False,False,,FALSE,FALSE,FALSE,19.0,22.0,Vacation	,Vacation,0,0,0,0,0,0,0,0,0,0,Low,1,0,0,0
2023-10-07,Monday,Riyadh,No Holiday,,False,False,False,False,False,False,False,,FALSE,FALSE,FALSE,18.0,21.0,Vacation	,Vacation,0,0,0,0,0,0,0,0,0,0,Low,1,0,0,0
2023-11-07,Tuesday,Riyadh,No Holiday,,False,False,False,False,False,False,False,,FALSE,FALSE,FALSE,17.0,20.0,Vacation	,Vacation,0,0,0,0,0,0,0,0,0,0,Low,1,0,0,0
2023-12-07,Wednesday,Riyadh,No Holiday,,False,False,False,False,False,False,False,,FALSE,FALSE,FALSE,16.0,19.0,Vacation	,Vacation,0,0,0,0,0,0,0,0,0,0,Low,1,0,0,0
,Thursday,Riyadh,No Holiday,,False,False,False,False,False,False,False,,FALSE,FALSE,FALSE,15.0,18.0,Vacation	,Vacation,0,0,0,0,1,0,0,0,0,1,Low,1,0,0,0
,Friday,Riyadh,No Holiday,,False,False,False,False,False,False,False,,FALSE,FALSE,FALSE,14.0,17.0,Vacation	,Vacation,0,0,0,0,1,0,0,0,0,1,Low,1,0,0,0
,Saturday,Riyadh,No Holiday,,False,False,False,False,False,False,False,,FALSE,FALSE,FALSE,13.0,16.0,Vacation	,Vacation,0,0,0,0,1,0,0,0,0,1,Low,1,0,0,0
,Sunday,Riyadh,No Holiday,,False,False,False,False,False,False,False,,FALSE,FALSE,FALSE,12.0,15.0,Vacation	,Vacation,0,0,0,0,0,0,0,0,0,0,Low,1,0,0,0
,Monday,Riyadh,No Holiday,,False,False,False,False,False,False,False,,FALSE,FALSE,FALSE,11.0,14.0,Vacation	,Vacation,0,0,0,0,0,0,0,0,0,0,Low,1,0,0,0
,Tuesday,Riyadh,No Holiday,,False,False,True,False,False,False,False,,FALSE,FALSE,FALSE,10.0,13.0,Vacation	,Vacation,0,0,0,0,0,0,1,0,0,1,Low,0,0,1,0
,Wednesday,Riyadh,No Holiday,,False,False,True,False,False,False,False,,FALSE,FALSE,FALSE,9.0,12.0,Vacation	,Vacation,0,0,0,0,0,0,1,0,0,1,Low,0,0,1,0
,Thursday,Riyadh,No Holiday,,False,False,False,False,False,False,False,,FALSE,FALSE,FALSE,8.0,11.0,Vacation	,Vacation,0,0,0,0,1,0,0,0,0,1,Low,1,0,0,0
,Friday,Riyadh,No Holiday,,False,False,False,False,False,False,False,,FALSE,FALSE,FALSE,7.0,10.0,Vacation	,Vacation,0,0,0,0,1,0,0,0,0,1,Low,1,0,0,0
,Saturday,Riyadh,No Holiday,,False,False,False,False,False,False,False,,FALSE,FALSE,FALSE,6.0,9.0,Vacation	,Vacation,0,0,0,0,1,0,0,0,0,1,Low,1,0,0,0
,Sunday,Riyadh,No Holiday,,False,False,False,False,False,False,False,,FALSE,FALSE,FALSE,5.0,8.0,Vacation	,Vacation,0,0,0,0,0,0,0,0,0,0,Low,1,0,0,0
,Monday,Riyadh,No Holiday,,False,False,False,False,False,False,False,,FALSE,FALSE,FALSE,4.0,7.0,Vacation	,Vacation,0,0,0,0,0,0,0,0,0,0,Low,1,0,0,0
,Tuesday,Riyadh,No Holiday,,False,False,False,False,False,False,False,,FALSE,FALSE,FALSE,3.0,6.0,Vacation	,Vacation,0,0,0,0,0,0,0,1,0,2,Low,1,0,0,0
,Wednesday,Riyadh,No Holiday,,False,False,False,False,False,False,False,,FALSE,FALSE,FALSE,2.0,5.0,Vacation	,Vacation,0,0,0,0,0,0,0,1,0,2,Low,1,0,0,0
,Thursday,Riyadh,No Holiday,,False,False,False,False,False,False,False,,FALSE,FALSE,TRUE,31.0,4.0,Vacation	,Vacation,1,0,0,0,1,0,0,1,0,5,Medium,1,0,0,0
,Friday,Riyadh,No Holiday,,False,False,False,False,False,False,False,,FALSE,FALSE,FALSE,30.0,3.0,Vacation	,Vacation,0,0,0,0,1,0,0,1,0,3,Medium,1,0,0,0
,Saturday,Riyadh,No Holiday,,False,False,False,False,False,False,False,,FALSE,FALSE,FALSE,29.0,2.0,Vacation	,Vacation,0,0,0,0,1,0,0,1,0,3,Medium,1,0,0,0
,Sunday,Riyadh,No Holiday,,False,False,False,False,False,False,False,,FALSE,FALSE,FALSE,28.0,1.0,Vacation	,Vacation,0,0,0,0,0,0,0,1,0,2,Low,1,0,0,0
,Monday,Riyadh,No Holiday,,False,False,False,False,False,False,False,,FALSE,FALSE,FALSE,27.0,0.0,Vacation	,Vacation,0,0,0,0,0,0,0,1,0,2,Low,1,0,0,0
2023-01-08,Tuesday,Riyadh,No Holiday,,False,False,False,False,False,False,False,,FALSE,FALSE,FALSE,26.0,30.0,Vacation	,Vacation,0,0,0,0,0,0,0,0,0,0,Low,1,0,0,0
2023-02-08,Wednesday,Riyadh,No Holiday,,False,False,False,False,False,False,False,,FALSE,FALSE,FALSE,25.0,29.0,Vacation	,Vacation,0,0,0,0,0,0,0,0,0,0,Low,1,0,0,0
2023-03-08,Thursday,Riyadh,No Holiday,,False,False,False,False,False,False,False,,FALSE,FALSE,FALSE,24.0,28.0,Vacation	,Vacation,0,0,0,0,1,0,0,0,0,1,Low,1,0,0,0
2023-04-08,Friday,Riyadh,No Holiday,,False,False,False,False,False,False,False,,FALSE,FALSE,FALSE,23.0,27.0,Vacation	,Vacation,0,0,0,0,1,0,0,0,0,1,Low,1,0,0,0
2023-05-08,Saturday,Riyadh,No Holiday,,False,False,False,False,False,False,False,KSA League,FALSE,FALSE,FALSE,22.0,26.0,Vacation	,Vacation,0,0,0,1,1,0,0,0,0,3,Medium,1,0,0,0
2023-06-08,Sunday,Riyadh,No Holiday,,False,False,False,False,False,False,False,,FALSE,FALSE,FALSE,21.0,25.0,Vacation	,Vacation,0,0,0,0,0,0,0,0,0,0,Low,1,0,0,0
2023-07-08,Monday,Riyadh,No Holiday,,False,False,False,False,False,False,False,,FALSE,FALSE,FALSE,20.0,24.0,Vacation	,Vacation,0,0,0,0,0,0,0,0,0,0,Low,1,0,0,0
2023-08-08,Tuesday,Riyadh,No Holiday,,False,False,False,False,False,False,False,,FALSE,FALSE,FALSE,19.0,23.0,Vacation	,Vacation,0,0,0,0,0,0,0,0,0,0,Low,1,0,0,0
2023-09-08,Wednesday,Riyadh,No Holiday,,False,False,False,False,False,False,False,,FALSE,FALSE,FALSE,18.0,22.0,Vacation	,Vacation,0,0,0,0,0,0,0,0,0,0,Low,1,0,0,0
2023-10-08,Thursday,Riyadh,No Holiday,,False,False,False,False,False,False,False,,FALSE,FALSE,FALSE,17.0,21.0,Vacation	,Vacation,0,0,0,0,1,0,0,0,0,1,Low,1,0,0,0
2023-11-08,Friday,Riyadh,No Holiday,,False,False,False,False,False,False,False,KSA League,FALSE,FALSE,FALSE,16.0,20.0,Vacation	,Vacation,0,0,0,1,1,0,0,0,0,3,Medium,1,0,0,0
2023-12-08,Saturday,Riyadh,No Holiday,,False,False,False,False,False,False,False,KSA League,FALSE,FALSE,FALSE,15.0,19.0,Vacation	,Vacation,0,0,0,1,1,0,0,0,0,3,Medium,1,0,0,0
,Sunday,Riyadh,No Holiday,,False,False,False,False,False,False,False,Preimer League,FALSE,FALSE,FALSE,14.0,18.0,Vacation	,Vacation,0,0,0,1,0,0,0,0,0,2,Low,1,0,0,0
,Monday,Riyadh,No Holiday,,False,False,False,False,False,False,False,,FALSE,FALSE,FALSE,13.0,17.0,Vacation	,Vacation,0,0,0,0,0,0,0,0,0,0,Low,1,0,0,0
,Tuesday,Riyadh,No Holiday,,False,False,False,False,False,False,False,,FALSE,FALSE,FALSE,12.0,16.0,Vacation	,Vacation,0,0,0,0,0,0,0,0,0,0,Low,1,0,0,0
,Wednesday,Riyadh,No Holiday,,False,False,False,False,False,False,False,,FALSE,FALSE,FALSE,11.0,15.0,Vacation	,Vacation,0,0,0,0,0,0,0,0,0,0,Low,1,0,0,0
,Thursday,Riyadh,No Holiday,,False,False,False,False,False,False,False,,FALSE,FALSE,FALSE,10.0,14.0,Vacation	,Vacation,0,0,0,0,1,0,0,0,0,1,Low,1,0,0,0
,Friday,Riyadh,No Holiday,,False,False,False,False,False,False,False,,FALSE,FALSE,FALSE,9.0,13.0,Vacation	,Vacation,0,0,0,0,1,0,0,0,0,1,Low,1,0,0,0
,Saturday,Riyadh,No Holiday,,False,False,False,False,False,False,False,Preimer League,FALSE,FALSE,FALSE,8.0,12.0,Vacation	,Vacation,0,0,0,1,1,0,0,0,0,3,Medium,1,0,0,0
,Sunday,Riyadh,No Holiday,,True,True,False,False,False,False,False,,FALSE,FALSE,FALSE,7.0,11.0,1,88,0,0,0,0,0,0,0,0,0,0,Low,1,0,0,0
,Monday,Riyadh,No Holiday,,True,False,False,False,False,False,False,,FALSE,FALSE,FALSE,6.0,10.0,2,87,0,0,0,0,0,0,0,0,0,0,Low,1,0,0,0
,Tuesday,Riyadh,No Holiday,,True,False,False,False,False,False,False,,FALSE,FALSE,FALSE,5.0,9.0,3,86,0,0,0,0,0,0,0,0,0,0,Low,1,0,0,0
,Wednesday,Riyadh,No Holiday,,True,False,False,False,False,False,False,,FALSE,FALSE,FALSE,4.0,8.0,4,85,0,0,0,0,0,0,0,0,0,0,Low,1,0,0,0
,Thursday,Riyadh,No Holiday,,True,False,False,False,False,False,False,,FALSE,FALSE,FALSE,3.0,7.0,5,84,0,0,0,0,1,0,0,1,0,3,Medium,1,0,0,0
,Friday,Riyadh,No Holiday,,False,False,False,False,False,False,False,,FALSE,FALSE,FALSE,2.0,6.0,6,83,0,0,0,0,1,0,0,1,0,3,Medium,1,0,0,0
,Saturday,Riyadh,No Holiday,,False,False,False,False,False,False,False,,FALSE,FALSE,FALSE,1.0,5.0,7,82,0,0,0,0,1,0,0,1,0,3,Medium,1,0,0,0
,Sunday,Riyadh,No Holiday,,True,False,False,False,False,False,False,,FALSE,FALSE,TRUE,31.0,4.0,8,81,1,0,0,0,0,0,0,1,0,4,Medium,1,0,0,0
,Monday,Riyadh,No Holiday,,True,False,False,False,False,False,False,,FALSE,FALSE,FALSE,30.0,3.0,9,80,0,0,0,0,0,0,0,1,0,2,Low,1,0,0,0
,Tuesday,Riyadh,No Holiday,,True,False,False,False,False,False,False,,FALSE,FALSE,FALSE,29.0,2.0,10,79,0,0,0,0,0,0,0,1,0,2,Low,1,0,0,0
,Wednesday,Riyadh,No Holiday,,True,False,False,True,False,False,False,,FALSE,FALSE,FALSE,28.0,1.0,11,78,0,0,0,0,0,0,1,1,0,3,Medium,0,0,1,0
,Thursday,Riyadh,No Holiday,,True,False,False,False,False,False,False,,FALSE,FALSE,FALSE,27.0,0.0,12,77,0,0,0,0,1,0,0,1,0,3,Medium,1,0,0,0
2023-01-09,Friday,Riyadh,No Holiday,,False,False,False,False,False,False,False,KSA League,FALSE,FALSE,FALSE,26.0,30.0,13,76,0,0,0,1,1,0,0,0,0,3,Medium,1,0,0,0
2023-02-09,Saturday,Riyadh,No Holiday,,False,False,False,False,False,False,False,,FALSE,FALSE,FALSE,25.0,29.0,14,75,0,0,0,0,1,0,0,0,0,1,Low,1,0,0,0
2023-03-09,Sunday,Riyadh,No Holiday,,True,False,False,False,False,False,False,Preimer League,FALSE,FALSE,FALSE,24.0,28.0,15,74,0,0,0,1,0,0,0,0,0,2,Low,1,0,0,0
2023-04-09,Monday,Riyadh,No Holiday,,True,False,False,False,False,False,False,,FALSE,FALSE,FALSE,23.0,27.0,16,73,0,0,0,0,0,0,0,0,0,0,Low,1,0,0,0
2023-05-09,Tuesday,Riyadh,No Holiday,,True,False,False,False,False,False,False,,FALSE,FALSE,FALSE,22.0,26.0,17,72,0,0,0,0,0,0,0,0,0,0,Low,1,0,0,0
2023-06-09,Wednesday,Riyadh,No Holiday,,True,False,False,False,False,False,False,,FALSE,FALSE,FALSE,21.0,25.0,18,71,0,0,0,0,0,0,0,0,0,0,Low,1,0,0,0
2023-07-09,Thursday,Riyadh,No Holiday,,True,False,False,False,False,False,False,,FALSE,FALSE,FALSE,20.0,24.0,19,70,0,0,0,0,1,0,0,0,0,1,Low,1,0,0,0
2023-08-09,Friday,Riyadh,No Holiday,,False,False,False,False,False,False,False,,FALSE,FALSE,FALSE,19.0,23.0,20,69,0,0,0,0,1,0,0,0,0,1,Low,1,0,0,0
2023-09-09,Saturday,Riyadh,No Holiday,,False,False,False,False,False,False,False,,FALSE,FALSE,FALSE,18.0,22.0,21,68,0,0,0,0,1,0,0,0,0,1,Low,1,0,0,0
2023-10-09,Sunday,Riyadh,No Holiday,,True,False,False,False,False,False,False,,FALSE,FALSE,FALSE,17.0,21.0,22,67,0,0,0,0,0,0,0,0,0,0,Low,1,0,0,0
2023-11-09,Monday,Riyadh,No Holiday,,True,False,False,False,False,False,False,,FALSE,FALSE,FALSE,16.0,20.0,23,66,0,0,0,0,0,0,0,0,0,0,Low,1,0,0,0
2023-12-09,Tuesday,Riyadh,No Holiday,,True,False,False,False,False,False,False,,FALSE,FALSE,FALSE,15.0,19.0,24,65,0,0,0,0,0,0,0,0,0,0,Low,1,0,0,0
,Wednesday,Riyadh,No Holiday,,True,False,False,False,False,False,False,,FALSE,FALSE,FALSE,14.0,18.0,25,64,0,0,0,0,0,0,0,0,0,0,Low,1,0,0,0
,Thursday,Riyadh,No Holiday,,True,False,False,False,False,False,False,,FALSE,FALSE,FALSE,13.0,17.0,26,63,0,0,0,0,1,0,0,0,0,1,Low,1,0,0,0
,Friday,Riyadh,No Holiday,,False,False,False,False,False,False,False,,FALSE,FALSE,FALSE,12.0,16.0,27,62,0,0,0,0,1,0,0,0,0,1,Low,1,0,0,0
,Saturday,Riyadh,No Holiday,,False,False,False,False,False,False,False,,FALSE,FALSE,FALSE,11.0,15.0,28,61,0,0,0,0,1,0,0,0,0,1,Low,1,0,0,0
,Sunday,Riyadh,No Holiday,,True,False,False,False,False,False,False,,FALSE,FALSE,FALSE,10.0,14.0,29,60,0,0,0,0,0,0,0,0,0,0,Low,1,0,0,0
,Monday,Riyadh,No Holiday,,True,False,False,False,False,False,False,,FALSE,FALSE,FALSE,9.0,13.0,30,59,0,0,0,0,0,0,0,0,0,0,Low,1,0,0,0
,Tuesday,Riyadh,No Holiday,,True,False,False,False,False,False,False,UEFA CL,FALSE,FALSE,FALSE,8.0,12.0,31,58,0,0,0,1,0,0,0,0,0,2,Low,1,0,0,0
,Wednesday,Riyadh,No Holiday,,True,False,False,False,False,False,False,UEFA CL,FALSE,FALSE,FALSE,7.0,11.0,32,57,0,0,0,1,0,0,0,0,0,2,Low,1,0,0,0
,Thursday,Riyadh,No Holiday,,True,False,False,False,False,False,False,,FALSE,FALSE,FALSE,6.0,10.0,33,56,0,0,0,0,1,0,0,0,0,1,Low,1,0,0,0
,Friday,Riyadh,No Holiday,,False,False,False,False,False,False,False,,FALSE,FALSE,FALSE,5.0,9.0,34,55,0,0,0,0,1,0,0,0,0,1,Low,1,0,0,0
,Saturday,Riyadh,No Holiday,,False,False,False,False,False,False,False,,FALSE,FALSE,FALSE,4.0,8.0,35,54,0,0,0,0,1,0,0,0,0,1,Low,1,0,0,0
,Sunday,Riyadh,Saudi National Day,"Saudi National Day is a national holiday in Saudi Arabia, Day off for Saudi National Day",False,False,False,False,False,False,False,"Preimer League, La liga",FALSE,FALSE,FALSE,3.0,7.0,36,53,0,1,0,1,0,0,0,1,0,7,High,1,0,0,0
,Monday,Riyadh,No Holiday,,True,False,False,False,False,False,False,,FALSE,FALSE,FALSE,2.0,6.0,37,52,0,0,0,0,0,0,0,1,0,2,Low,1,0,0,0
,Tuesday,Riyadh,No Holiday,,True,False,False,False,False,False,False,,FALSE,FALSE,FALSE,1.0,5.0,38,51,0,0,0,0,0,0,0,1,0,2,Low,1,0,0,0
,Wednesday,Riyadh,No Holiday,,True,False,False,False,False,False,False,,FALSE,FALSE,TRUE,31.0,3.0,39,50,1,0,0,0,0,0,0,1,0,4,Medium,1,0,0,0
,Thursday,Riyadh,No Holiday,,True,False,False,False,False,False,False,,FALSE,FALSE,FALSE,30.0,2.0,40,49,0,0,0,0,1,0,0,1,0,3,Medium,1,0,0,0
,Friday,Riyadh,No Holiday,,False,False,False,False,False,False,False,La liga,FALSE,FALSE,FALSE,29.0,1.0,41,48,0,0,0,1,1,0,0,1,0,5,Medium,1,0,0,0
,Saturday,Riyadh,No Holiday,,False,False,False,False,False,False,False,Preimer League,FALSE,FALSE,FALSE,28.0,0.0,42,47,0,0,0,1,1,0,0,1,0,5,Medium,1,0,0,0
2023-01-10,Sunday,Riyadh,No Holiday,,True,False,False,False,False,False,False,,FALSE,FALSE,FALSE,27.0,30.0,43,46,0,0,0,0,0,0,0,0,0,0,Low,1,0,0,0
2023-02-10,Monday,Riyadh,No Holiday,,True,False,False,False,False,False,False,,FALSE,FALSE,FALSE,26.0,29.0,44,45,0,0,0,0,0,0,0,0,0,0,Low,1,0,0,0
2023-03-10,Tuesday,Riyadh,No Holiday,,True,False,False,False,False,False,False,"UEFA CL, Preimer League",FALSE,FALSE,FALSE,25.0,28.0,45,44,0,0,0,1,0,0,0,0,0,2,Low,1,0,0,0
2023-04-10,Wednesday,Riyadh,No Holiday,,True,False,False,False,False,False,False,UEFA CL,FALSE,FALSE,FALSE,24.0,27.0,46,43,0,0,0,1,0,0,0,0,0,2,Low,1,0,0,0
2023-05-10,Thursday,Riyadh,No Holiday,,True,False,False,False,False,False,False,,FALSE,FALSE,FALSE,23.0,26.0,47,42,0,0,0,0,1,0,0,0,0,1,Low,1,0,0,0
2023-06-10,Friday,Riyadh,No Holiday,,False,False,False,False,False,False,False,,FALSE,FALSE,FALSE,22.0,25.0,48,41,0,0,0,0,1,0,0,0,0,1,Low,1,0,0,0
2023-07-10,Saturday,Riyadh,No Holiday,,False,False,False,False,False,False,False,,FALSE,FALSE,FALSE,21.0,24.0,49,40,0,0,0,0,1,0,0,0,0,1,Low,1,0,0,0
2023-08-10,Sunday,Riyadh,No Holiday,,True,False,False,False,False,False,False,Preimer League,FALSE,FALSE,FALSE,20.0,23.0,50,39,0,0,0,1,0,0,0,0,0,2,Low,1,0,0,0
2023-09-10,Monday,Riyadh,No Holiday,,True,False,False,False,False,False,False,,FALSE,FALSE,FALSE,19.0,22.0,51,38,0,0,0,0,0,0,0,0,0,0,Low,1,0,0,0
2023-10-10,Tuesday,Riyadh,No Holiday,,True,False,False,False,False,False,False,,FALSE,FALSE,FALSE,18.0,21.0,52,37,0,0,0,0,0,0,0,0,0,0,Low,1,0,0,0
2023-11-10,Wednesday,Riyadh,No Holiday,,True,False,False,False,False,False,False,,FALSE,FALSE,FALSE,17.0,20.0,53,36,0,0,0,0,0,0,0,0,0,0,Low,1,0,0,0
2023-12-10,Thursday,Riyadh,No Holiday,,True,False,False,False,False,False,False,,بدء موسم الرياض 2023,"استقبال 4 ملايين زائر في أقل من شهر، مع توسعة مناطق الترفيه مثل ""المملكة أرينا"".",FALSE,16.0,19.0,54,35,0,0,1,0,1,0,0,0,0,4,Medium,1,0,0,0
,Friday,Riyadh,No Holiday,,False,False,False,False,False,False,False,,FALSE,FALSE,FALSE,15.0,18.0,55,34,0,0,0,0,1,0,0,0,0,1,Low,1,0,0,0
,Saturday,Riyadh,No Holiday,,False,False,False,False,False,False,False,,FALSE,FALSE,FALSE,14.0,17.0,56,33,0,0,0,0,1,0,0,0,0,1,Low,1,0,0,0
,Sunday,Riyadh,No Holiday,,True,False,False,False,False,False,False,,FALSE,FALSE,FALSE,13.0,16.0,57,32,0,0,0,0,0,0,0,0,0,0,Low,1,0,0,0
,Monday,Riyadh,No Holiday,,True,False,False,False,False,False,False,,FALSE,FALSE,FALSE,12.0,15.0,58,31,0,0,0,0,0,0,0,0,0,0,Low,1,0,0,0
,Tuesday,Riyadh,No Holiday,,True,False,False,False,False,False,False,,FALSE,FALSE,FALSE,11.0,14.0,59,30,0,0,0,0,0,0,0,0,0,0,Low,1,0,0,0
,Wednesday,Riyadh,No Holiday,,True,False,False,False,False,False,False,,FALSE,FALSE,FALSE,10.0,13.0,60,29,0,0,0,0,0,0,0,0,0,0,Low,1,0,0,0
,Thursday,Riyadh,No Holiday,,True,False,False,False,False,False,False,,FALSE,FALSE,FALSE,9.0,12.0,61,28,0,0,0,0,1,0,0,0,0,1,Low,1,0,0,0
,Friday,Riyadh,No Holiday,,False,False,False,False,False,False,False,,FALSE,FALSE,FALSE,8.0,11.0,62,27,0,0,0,0,1,0,0,0,0,1,Low,1,0,0,0
,Saturday,Riyadh,No Holiday,,False,False,False,False,False,False,False,"Preimer League, La liga",FALSE,FALSE,FALSE,7.0,10.0,63,26,0,0,0,1,1,0,0,0,0,3,Medium,1,0,0,0
,Sunday,Riyadh,No Holiday,,True,False,False,False,False,False,False,,FALSE,FALSE,FALSE,6.0,9.0,64,25,0,0,0,0,0,0,0,0,0,0,Low,1,0,0,0
,Monday,Riyadh,No Holiday,,True,False,False,False,False,False,False,,FALSE,FALSE,FALSE,5.0,8.0,65,24,0,0,0,0,0,0,0,0,0,0,Low,1,0,0,0
,Tuesday,Riyadh,No Holiday,,True,False,False,False,False,False,False,UEFA CL,FALSE,FALSE,FALSE,4.0,7.0,66,23,0,0,0,1,0,0,0,0,0,2,Low,1,0,0,0
,Wednesday,Riyadh,No Holiday,,True,False,False,False,False,False,False,UEFA CL,FALSE,FALSE,FALSE,3.0,6.0,67,22,0,0,0,1,0,0,0,1,0,4,Medium,1,0,0,0
,Thursday,Riyadh,No Holiday,,True,False,True,True,False,False,False,,FALSE,FALSE,TRUE,31.0,5.0,68,21,1,0,0,0,1,0,1,1,0,6,High,0,0,1,0
,Friday,Riyadh,No Holiday,,False,False,False,False,False,False,False,,FALSE,FALSE,FALSE,30.0,4.0,69,20,0,0,0,0,1,0,0,1,0,3,Medium,1,0,0,0
,Saturday,Riyadh,No Holiday,,False,False,False,False,False,False,False,La liga,FALSE,FALSE,FALSE,29.0,3.0,70,19,0,0,0,1,1,0,0,1,0,5,Medium,1,0,0,0
,Sunday,Riyadh,No Holiday,,True,False,False,False,False,False,False,Preimer League,FALSE,FALSE,FALSE,28.0,2.0,71,18,0,0,0,1,0,0,0,1,0,4,Medium,1,0,0,0
,Monday,Riyadh,No Holiday,,True,False,False,False,False,False,True,,FALSE,FALSE,FALSE,27.0,1.0,72,17,0,0,0,0,0,1,0,1,0,3,Medium,0,1,0,0
,Tuesday,Riyadh,No Holiday,,True,False,False,False,False,False,False,,FALSE,FALSE,FALSE,26.0,0.0,73,16,0,0,0,0,0,0,0,1,0,2,Low,1,0,0,0
2023-01-11,Wednesday,Riyadh,No Holiday,,True,False,False,False,False,False,False,,FALSE,FALSE,FALSE,25.0,29.0,74,15,0,0,0,0,0,0,0,0,0,0,Low,1,0,0,0
2023-02-11,Thursday,Riyadh,No Holiday,,False,False,False,False,False,False,True,,FALSE,FALSE,FALSE,24.0,28.0,75,14,0,0,0,0,1,1,0,0,0,2,Low,0,1,0,0
2023-03-11,Friday,Riyadh,No Holiday,,False,False,False,False,False,False,False,,FALSE,FALSE,FALSE,23.0,27.0,76,13,0,0,0,0,1,0,0,0,0,1,Low,1,0,0,0
2023-04-11,Saturday,Riyadh,No Holiday,,False,False,False,False,False,False,True,,FALSE,FALSE,FALSE,22.0,26.0,77,12,0,0,0,0,1,1,0,0,0,2,Low,0,1,0,0
2023-05-11,Sunday,Riyadh,No Holiday,,True,False,False,False,False,False,False,,FALSE,FALSE,FALSE,21.0,25.0,78,11,0,0,0,0,0,0,0,0,0,0,Low,1,0,0,0
2023-06-11,Monday,Riyadh,No Holiday,,True,True,False,False,False,False,False,Preimer League,FALSE,FALSE,FALSE,20.0,24.0,79,10,0,0,0,1,0,0,0,0,0,2,Low,1,0,0,0
2023-07-11,Tuesday,Riyadh,No Holiday,,True,False,False,False,False,False,False,UEFA CL,FALSE,FALSE,FALSE,19.0,23.0,80,9,0,0,0,1,0,0,0,0,0,2,Low,1,0,0,0
2023-08-11,Wednesday,Riyadh,No Holiday,,True,False,False,False,False,False,False,UEFA CL,FALSE,FALSE,FALSE,18.0,22.0,81,8,0,0,0,1,0,0,0,0,0,2,Low,1,0,0,0
2023-09-11,Thursday,Riyadh,No Holiday,,True,False,False,False,False,False,False,,FALSE,FALSE,FALSE,17.0,21.0,82,7,0,0,0,0,1,0,0,0,0,1,Low,1,0,0,0
2023-10-11,Friday,Riyadh,No Holiday,,False,False,False,False,False,False,False,,FALSE,FALSE,FALSE,16.0,20.0,83,6,0,0,0,0,1,0,0,0,0,1,Low,1,0,0,0
2023-11-11,Saturday,Riyadh,No Holiday,,False,True,False,False,False,False,False,,القمة العربية الإسلامية الاستثنائية,قمة مشتركة بين دول الجامعة العربية ومنظمة التعاون الإسلامي، ناقشت العدوان الإسرائيلي على غزة ولبنان. ترأسها الأمير محمد بن سلمان، وشارك فيها قادة وزعماء من 40 دولة، وأصدرت بياناً يدعو لوقف إطلاق النار,FALSE,15.0,19.0,84,5,0,0,1,0,1,0,0,0,0,4,Medium,1,0,0,0
2023-12-11,Sunday,Riyadh,No Holiday,,True,False,False,False,False,False,False,Preimer League,FALSE,FALSE,FALSE,14.0,18.0,85,4,0,0,0,1,0,0,0,0,0,2,Low,1,0,0,0
,Monday,Riyadh,No Holiday,,True,False,False,False,False,False,False,,FALSE,FALSE,FALSE,13.0,17.0,86,3,0,0,0,0,0,0,0,0,0,0,Low,1,0,0,0
,Tuesday,Riyadh,No Holiday,,True,False,False,False,False,False,False,,FALSE,FALSE,FALSE,12.0,16.0,87,2,0,0,0,0,0,0,0,0,0,0,Low,1,0,0,0
,Wednesday,Riyadh,No Holiday,,True,True,False,False,False,False,True,,FALSE,FALSE,FALSE,11.0,15.0,88,1,0,0,0,0,0,1,0,0,0,1,Low,0,1,0,0
,Thursday,Riyadh,No Holiday,,False,True,False,False,False,False,True,World Cup,FALSE,FALSE,FALSE,10.0,14.0,Vacation	,Vacation,0,0,0,1,1,1,0,0,0,4,Medium,0,1,0,0
,Friday,Riyadh,No Holiday,,False,False,False,False,False,True,False,,FALSE,FALSE,FALSE,9.0,13.0,Vacation	,Vacation,0,0,0,0,1,0,0,0,0,2,Low,0,1,0,0
,Saturday,Riyadh,No Holiday,,False,False,False,False,False,True,False,,FALSE,FALSE,FALSE,8.0,12.0,Vacation	,Vacation,0,0,0,0,1,0,0,0,0,2,Low,0,1,0,0
,Sunday,Riyadh,No Holiday,,False,False,False,False,False,False,True,,FALSE,FALSE,FALSE,7.0,11.0,Vacation	,Vacation,0,0,0,0,0,1,0,0,0,1,Low,0,1,0,0
,Monday,Riyadh,No Holiday,,False,False,False,False,False,False,True,,FALSE,FALSE,FALSE,6.0,10.0,Vacation	,Vacation,0,0,0,0,0,1,0,0,0,1,Low,0,1,0,0
,Tuesday,Riyadh,No Holiday,,False,False,False,False,False,False,False,World Cup,FALSE,FALSE,FALSE,5.0,9.0,Vacation	,Vacation,0,0,0,1,0,0,0,0,0,2,Low,1,0,0,0
,Wednesday,Riyadh,No Holiday,,False,True,False,False,False,False,False,,FALSE,FALSE,FALSE,4.0,8.0,Vacation	,Vacation,0,0,0,0,0,0,0,0,0,0,Low,1,0,0,0
,Thursday,Riyadh,No Holiday,,False,False,False,False,False,False,False,,FALSE,FALSE,FALSE,3.0,7.0,Vacation	,Vacation,0,0,0,0,1,0,0,1,0,3,Medium,1,0,0,0
,Friday,Riyadh,No Holiday,,False,False,False,False,False,False,False,,FALSE,FALSE,FALSE,2.0,6.0,Vacation	,Vacation,0,0,0,0,1,0,0,1,0,3,Medium,1,0,0,0
,Saturday,Riyadh,No Holiday,,False,True,False,False,False,True,False,Preimer League,FALSE,FALSE,FALSE,1.0,5.0,Vacation	,Vacation,0,0,0,1,1,0,0,1,0,6,High,0,1,0,0
,Sunday,Riyadh,No Holiday,,True,False,False,False,False,False,False,,FALSE,FALSE,FALSE,0.0,4.0,Vacation	,Vacation,0,0,0,0,0,0,0,1,0,2,Low,1,0,0,0
,Monday,Riyadh,No Holiday,,True,False,False,False,False,False,False,,FALSE,FALSE,TRUE,31.0,3.0,Vacation	,Vacation,1,0,0,0,0,0,0,1,0,4,Medium,1,0,0,0
,Tuesday,Riyadh,No Holiday,,True,False,False,False,False,False,False,UEFA CL,FALSE,FALSE,FALSE,30.0,2.0,Vacation	,Vacation,0,0,0,1,0,0,0,1,0,4,Medium,1,0,0,0
,Wednesday,Riyadh,No Holiday,,True,False,False,False,False,False,False,UEFA CL,FALSE,FALSE,FALSE,29.0,1.0,Vacation	,Vacation,0,0,0,1,0,0,0,1,0,4,Medium,1,0,0,0
,Thursday,Riyadh,No Holiday,,True,False,False,False,False,False,False,,FALSE,FALSE,FALSE,28.0,0.0,Vacation	,Vacation,0,0,0,0,1,0,0,1,0,3,Medium,1,0,0,0
2023-01-12,Friday,Riyadh,No Holiday,,False,False,False,False,False,False,False,KSA League,FALSE,FALSE,FALSE,27.0,30.0,Vacation	,Vacation,0,0,0,1,1,0,0,0,0,3,Medium,1,0,0,0
2023-02-12,Saturday,Riyadh,No Holiday,,False,False,False,False,False,False,False,,FALSE,FALSE,FALSE,26.0,29.0,Vacation	,Vacation,0,0,0,0,1,0,0,0,0,1,Low,1,0,0,0
2023-03-12,Sunday,Riyadh,No Holiday,,True,False,False,False,False,False,False,"Preimer League, La liga",FALSE,FALSE,FALSE,25.0,28.0,Vacation	,Vacation,0,0,0,1,0,0,0,0,0,2,Low,1,0,0,0
2023-04-12,Monday,Riyadh,No Holiday,,True,False,False,False,False,False,False,,FALSE,FALSE,FALSE,24.0,27.0,Vacation	,Vacation,0,0,0,0,0,0,0,0,0,0,Low,1,0,0,0
2023-05-12,Tuesday,Riyadh,No Holiday,,True,False,False,False,False,False,False,,FALSE,FALSE,FALSE,23.0,26.0,Vacation	,Vacation,0,0,0,0,0,0,0,0,0,0,Low,1,0,0,0
2023-06-12,Wednesday,Riyadh,No Holiday,,True,False,False,False,False,False,False,Preimer League,FALSE,FALSE,FALSE,22.0,25.0,Vacation	,Vacation,0,0,0,1,0,0,0,0,0,2,Low,1,0,0,0
2023-07-12,Thursday,Riyadh,No Holiday,,True,False,False,False,False,False,False,KSA League,FALSE,FALSE,FALSE,21.0,24.0,Vacation	,Vacation,0,0,0,1,1,0,0,0,0,3,Medium,1,0,0,0
2023-08-12,Friday,Riyadh,No Holiday,,False,False,False,False,False,False,False,,FALSE,FALSE,FALSE,20.0,23.0,Vacation	,Vacation,0,0,0,0,1,0,0,0,0,1,Low,1,0,0,0
2023-09-12,Saturday,Riyadh,No Holiday,,False,False,False,False,False,False,False,,FALSE,FALSE,FALSE,19.0,22.0,Vacation	,Vacation,0,0,0,0,1,0,0,0,0,1,Low,1,0,0,0
2023-10-12,Sunday,Riyadh,No Holiday,,True,False,False,False,False,False,False,,FALSE,FALSE,FALSE,18.0,21.0,Vacation	,Vacation,0,0,0,0,0,0,0,0,0,0,Low,1,0,0,0
2023-11-12,Monday,Riyadh,No Holiday,,True,False,False,False,False,False,False,KSA League,FALSE,FALSE,FALSE,17.0,20.0,Vacation	,Vacation,0,0,0,1,0,0,0,0,0,2,Low,1,0,0,0
2023-12-12,Tuesday,Riyadh,No Holiday,,True,False,False,False,False,False,False,UEFA CL,FALSE,FALSE,FALSE,16.0,19.0,Vacation	,Vacation,0,0,0,1,0,0,0,0,0,2,Low,1,0,0,0
,Wednesday,Riyadh,No Holiday,,True,True,False,True,False,False,False,UEFA CL,FALSE,FALSE,FALSE,15.0,18.0,Vacation	,Vacation,0,0,0,1,0,0,1,0,0,3,Medium,0,0,1,0
,Thursday,Riyadh,No Holiday,,True,False,False,False,False,False,False,,FALSE,FALSE,FALSE,14.0,17.0,Vacation	,Vacation,0,0,0,0,1,0,0,0,0,1,Low,1,0,0,0
,Friday,Riyadh,No Holiday,,False,False,False,False,False,False,False,KSA League,FALSE,FALSE,FALSE,13.0,16.0,Vacation	,Vacation,0,0,0,1,1,0,0,0,0,3,Medium,1,0,0,0
,Saturday,Riyadh,No Holiday,,False,False,False,False,False,False,False,,FALSE,FALSE,FALSE,12.0,15.0,Vacation	,Vacation,0,0,0,0,1,0,0,0,0,1,Low,1,0,0,0
,Sunday,Riyadh,No Holiday,,False,False,False,False,False,False,False,Preimer League,FALSE,FALSE,FALSE,11.0,14.0,Vacation	,Vacation,0,0,0,1,0,0,0,0,0,2,Low,1,0,0,0
,Monday,Riyadh,No Holiday,,True,False,False,False,False,False,False,,FALSE,FALSE,FALSE,10.0,13.0,Vacation	,Vacation,0,0,0,0,0,0,0,0,0,0,Low,1,0,0,0
,Tuesday,Riyadh,No Holiday,,True,False,False,False,False,False,False,,FALSE,FALSE,FALSE,9.0,12.0,Vacation	,Vacation,0,0,0,0,0,0,0,0,0,0,Low,1,0,0,0
,Wednesday,Riyadh,No Holiday,,True,False,False,False,False,False,False,,FALSE,FALSE,FALSE,8.0,11.0,Vacation	,Vacation,0,0,0,0,0,0,0,0,0,0,Low,1,0,0,0
,Thursday,Riyadh,No Holiday,,True,False,False,False,False,False,False,,FALSE,FALSE,FALSE,7.0,10.0,Vacation	,Vacation,0,0,0,0,1,0,0,0,0,1,Low,1,0,0,0
,Friday,Riyadh,No Holiday,,False,False,False,False,False,False,False,,FALSE,FALSE,FALSE,6.0,9.0,Vacation	,Vacation,0,0,0,0,1,0,0,0,0,1,Low,1,0,0,0
,Saturday,Riyadh,No Holiday,,False,False,False,False,False,False,False,Preimer League,FALSE,FALSE,FALSE,5.0,8.0,Vacation	,Vacation,0,0,0,1,1,0,0,0,0,3,Medium,1,0,0,0
,Sunday,Riyadh,No Holiday,,True,False,False,False,False,False,False,,FALSE,FALSE,FALSE,4.0,7.0,Vacation	,Vacation,0,0,0,0,0,0,0,0,0,0,Low,1,0,0,0
,Monday,Riyadh,No Holiday,,True,False,False,False,False,False,False,,FALSE,FALSE,FALSE,3.0,6.0,Vacation	,Vacation,0,0,0,0,0,0,0,1,0,2,Low,1,0,0,0
,Tuesday,Riyadh,No Holiday,,True,False,False,False,False,False,False,KSA League,FALSE,FALSE,FALSE,2.0,5.0,Vacation	,Vacation,0,0,0,1,0,0,0,1,0,4,Medium,1,0,0,0
,Wednesday,Riyadh,No Holiday,,True,False,False,False,False,False,False,,FALSE,FALSE,TRUE,31.0,4.0,Vacation	,Vacation,1,0,0,0,0,0,0,1,0,4,Medium,1,0,0,0
,Thursday,Riyadh,No Holiday,,True,False,False,False,False,False,False,,FALSE,FALSE,FALSE,30.0,3.0,Vacation	,Vacation,0,0,0,0,1,0,0,1,0,3,Medium,1,0,0,0
,Friday,Riyadh,No Holiday,,False,False,False,False,False,False,True,,FALSE,FALSE,FALSE,29.0,2.0,Vacation	,Vacation,0,0,0,0,1,1,0,1,0,4,Medium,0,1,0,0
,Saturday,Riyadh,No Holiday,,False,True,False,False,False,True,False,,FALSE,FALSE,FALSE,28.0,1.0,Vacation	,Vacation,0,0,0,0,1,0,0,1,0,4,Medium,0,1,0,0
,Sunday,Riyadh,No Holiday,,True,False,False,False,False,True,True,,FALSE,FALSE,FALSE,27.0,0.0,Vacation	,Vacation,0,0,0,0,0,1,0,1,0,3,Medium,0,1,0,0
2024-01-01,Monday,Riyadh,No Holiday,,True,False,False,False,False,True,False,,FALSE,FALSE,FALSE,26.0,30.0,Vacation	,Vacation,0,0,0,0,0,0,0,0,0,1,Low,0,1,0,0
2024-02-01,Tuesday,Riyadh,No Holiday,,True,False,False,False,False,True,False,,FALSE,FALSE,FALSE,25.0,29.0,Vacation	,Vacation,0,0,0,0,0,0,0,0,0,1,Low,0,1,0,0
2024-03-01,Wednesday,Riyadh,No Holiday,,True,True,False,False,False,False,False,,FALSE,FALSE,FALSE,24.0,28.0,Vacation	,Vacation,0,0,0,0,0,0,0,0,0,0,Low,1,0,0,0
2024-04-01,Thursday,Riyadh,No Holiday,,False,True,False,False,False,False,False,,FALSE,FALSE,FALSE,23.0,27.0,Vacation	,Vacation,0,0,0,0,1,0,0,0,0,1,Low,1,0,0,0
2024-05-01,Friday,Riyadh,No Holiday,,False,False,False,False,False,False,False,,FALSE,FALSE,FALSE,22.0,26.0,Vacation	,Vacation,0,0,0,0,1,0,0,0,0,1,Low,1,0,0,0
2024-06-01,Saturday,Riyadh,No Holiday,,False,False,False,False,False,False,False,,FALSE,FALSE,FALSE,21.0,25.0,Vacation	,Vacation,0,0,0,0,1,0,0,0,0,1,Low,1,0,0,0
2024-07-01,Sunday,Riyadh,No Holiday,,False,False,False,False,False,False,False,,FALSE,FALSE,FALSE,20.0,24.0,Vacation	,Vacation,0,0,0,0,0,0,0,0,0,0,Low,1,0,0,0
2024-08-01,Monday,Riyadh,No Holiday,,False,False,False,False,False,False,False,,FALSE,FALSE,FALSE,19.0,23.0,Vacation	,Vacation,0,0,0,0,0,0,0,0,0,0,Low,1,0,0,0
2024-09-01,Tuesday,Riyadh,No Holiday,,False,False,False,False,False,False,False,,FALSE,FALSE,FALSE,18.0,22.0,Vacation	,Vacation,0,0,0,0,0,0,0,0,0,0,Low,1,0,0,0
2024-10-01,Wednesday,Riyadh,No Holiday,,False,False,False,False,False,False,False,,FALSE,FALSE,FALSE,17.0,21.0,Vacation	,Vacation,0,0,0,0,0,0,0,0,0,0,Low,1,0,0,0
2024-11-01,Thursday,Riyadh,No Holiday,,False,False,False,False,False,False,False,,FALSE,FALSE,FALSE,16.0,20.0,Vacation	,Vacation,0,0,0,0,1,0,0,0,0,1,Low,1,0,0,0
2024-12-01,Friday,Riyadh,No Holiday,,False,False,False,False,False,False,False,,FALSE,FALSE,FALSE,15.0,19.0,Vacation	,Vacation,0,0,0,0,1,0,0,0,0,1,Low,1,0,0,0
,Saturday,Riyadh,No Holiday,,False,False,False,False,False,False,False,,FALSE,FALSE,FALSE,14.0,18.0,Vacation	,Vacation,0,0,0,0,1,0,0,0,0,1,Low,1,0,0,0
,Sunday,Riyadh,No Holiday,,True,False,False,False,False,False,False,Preimer League,FALSE,FALSE,FALSE,13.0,17.0,1,39,0,0,0,1,0,0,0,0,0,2,Low,1,0,0,0
,Monday,Riyadh,No Holiday,,True,False,False,False,False,False,False,,FALSE,FALSE,FALSE,12.0,16.0,2,38,0,0,0,0,0,0,0,0,0,0,Low,1,0,0,0
,Tuesday,Riyadh,No Holiday,,True,False,False,False,False,False,False,National Cup,FALSE,FALSE,FALSE,11.0,15.0,3,37,0,0,0,1,0,0,0,0,0,2,Low,1,0,0,0
,Wednesday,Riyadh,No Holiday,,True,False,False,False,False,False,False,,FALSE,FALSE,FALSE,10.0,14.0,4,36,0,0,0,0,0,0,0,0,0,0,Low,1,0,0,0
,Thursday,Riyadh,No Holiday,,True,False,False,False,False,False,False,,FALSE,FALSE,FALSE,9.0,13.0,5,35,0,0,0,0,1,0,0,0,0,1,Low,1,0,0,0
,Friday,Riyadh,No Holiday,,False,False,False,False,False,False,False,,FALSE,FALSE,FALSE,8.0,12.0,6,34,0,0,0,0,1,0,0,0,0,1,Low,1,0,0,0
,Saturday,Riyadh,No Holiday,,False,False,False,False,False,False,False,,FALSE,FALSE,FALSE,7.0,11.0,7,33,0,0,0,0,1,0,0,0,0,1,Low,1,0,0,0
,Sunday,Riyadh,No Holiday,,True,False,False,False,False,False,False,National Cup,FALSE,FALSE,FALSE,6.0,10.0,8,32,0,0,0,1,0,0,0,0,0,2,Low,1,0,0,0
,Monday,Riyadh,No Holiday,,True,False,False,False,False,False,False,,FALSE,FALSE,FALSE,5.0,9.0,9,31,0,0,0,0,0,0,0,0,0,0,Low,1,0,0,0
,Tuesday,Riyadh,No Holiday,,True,False,False,False,False,False,False,,FALSE,FALSE,FALSE,4.0,8.0,10,30,0,0,0,0,0,0,0,0,0,0,Low,1,0,0,0
,Wednesday,Riyadh,No Holiday,,True,False,False,False,False,False,False,,FALSE,FALSE,FALSE,3.0,7.0,11,29,0,0,0,0,0,0,0,1,0,2,Low,1,0,0,0
,Thursday,Riyadh,No Holiday,,True,False,False,False,False,False,False,National Cup,FALSE,FALSE,FALSE,2.0,6.0,12,28,0,0,0,1,1,0,0,1,0,5,Medium,1,0,0,0
,Friday,Riyadh,No Holiday,,False,False,False,False,False,False,False,,FALSE,FALSE,FALSE,1.0,5.0,13,27,0,0,0,0,1,0,0,1,0,3,Medium,1,0,0,0
,Saturday,Riyadh,No Holiday,,False,False,False,False,False,False,False,,FALSE,FALSE,FALSE,0.0,4.0,14,26,0,0,0,0,1,0,0,1,0,3,Medium,1,0,0,0
,Sunday,Riyadh,No Holiday,,False,False,False,False,False,False,False,,FALSE,FALSE,TRUE,31.0,3.0,15,25,1,0,0,0,0,0,0,1,0,4,Medium,1,0,0,0
,Monday,Riyadh,No Holiday,,True,False,False,False,False,False,False,,FALSE,FALSE,FALSE,30.0,2.0,16,24,0,0,0,0,0,0,0,1,0,2,Low,1,0,0,0
,Tuesday,Riyadh,No Holiday,,True,False,False,False,False,False,False,National Cup,FALSE,FALSE,FALSE,29.0,1.0,17,23,0,0,0,1,0,0,0,1,0,4,Medium,1,0,0,0
,Wednesday,Riyadh,No Holiday,,True,False,False,False,False,False,False,Preimer League,FALSE,FALSE,FALSE,28.0,0.0,18,22,0,0,0,1,0,0,0,1,0,4,Medium,1,0,0,0
2024-01-02,Thursday,Riyadh,No Holiday,,True,False,False,False,False,False,False,,FALSE,FALSE,FALSE,27.0,28.0,19,21,0,0,0,0,1,0,0,0,0,1,Low,1,0,0,0
2024-02-02,Friday,Riyadh,No Holiday,,False,False,False,False,False,False,False,,FALSE,FALSE,FALSE,26.0,27.0,20,20,0,0,0,0,1,0,0,0,0,1,Low,1,0,0,0
2024-03-02,Saturday,Riyadh,No Holiday,,False,False,False,False,False,False,False,,FALSE,FALSE,FALSE,25.0,26.0,21,19,0,0,0,0,1,0,0,0,0,1,Low,1,0,0,0
2024-04-02,Sunday,Riyadh,No Holiday,,True,False,False,False,False,False,False,"Preimer League, La liga",FALSE,FALSE,FALSE,24.0,25.0,22,18,0,0,0,1,0,0,0,0,0,2,Low,1,0,0,0
2024-05-02,Monday,Riyadh,No Holiday,,True,False,False,False,False,False,False,,FALSE,FALSE,FALSE,23.0,24.0,23,17,0,0,0,0,0,0,0,0,0,0,Low,1,0,0,0
2024-06-02,Tuesday,Riyadh,No Holiday,,True,False,False,False,False,False,False,,FALSE,FALSE,FALSE,22.0,23.0,24,16,0,0,0,0,0,0,0,0,0,0,Low,1,0,0,0
2024-07-02,Wednesday,Riyadh,No Holiday,,True,False,False,False,False,False,False,,FALSE,FALSE,FALSE,21.0,22.0,25,15,0,0,0,0,0,0,0,0,0,0,Low,1,0,0,0
2024-08-02,Thursday,Riyadh,No Holiday,,True,False,False,False,False,False,False,KSA League,FALSE,FALSE,FALSE,20.0,21.0,26,14,0,0,0,1,1,0,0,0,0,3,Medium,1,0,0,0
2024-09-02,Friday,Riyadh,No Holiday,,False,False,False,False,False,False,False,,FALSE,FALSE,FALSE,19.0,20.0,27,13,0,0,0,0,1,0,0,0,0,1,Low,1,0,0,0
2024-10-02,Saturday,Riyadh,No Holiday,,False,False,False,False,False,False,True,,FALSE,FALSE,FALSE,18.0,19.0,28,12,0,0,0,0,1,1,0,0,0,2,Low,0,1,0,0
2024-11-02,Sunday,Riyadh,No Holiday,,True,False,False,False,False,False,True,,FALSE,FALSE,FALSE,17.0,18.0,29,11,0,0,0,0,0,1,0,0,0,1,Low,0,1,0,0
2024-12-02,Monday,Riyadh,No Holiday,,True,False,False,False,False,True,False,,FALSE,FALSE,FALSE,16.0,17.0,30,10,0,0,0,0,0,0,0,0,0,1,Low,0,1,0,0
,Tuesday,Riyadh,No Holiday,,True,False,False,False,False,True,False,UEFA CL,FALSE,FALSE,FALSE,15.0,16.0,31,9,0,0,0,1,0,0,0,0,0,3,Medium,0,1,0,0
,Wednesday,Riyadh,No Holiday,,True,False,False,False,False,False,False,UEFA CL,FALSE,FALSE,FALSE,14.0,15.0,32,8,0,0,0,1,0,0,0,0,0,2,Low,1,0,0,0
,Thursday,Riyadh,No Holiday,,True,False,False,False,False,False,False,,FALSE,FALSE,FALSE,13.0,14.0,33,7,0,0,0,0,1,0,0,0,0,1,Low,1,0,0,0
,Friday,Riyadh,No Holiday,,False,False,False,True,False,False,True,,FALSE,FALSE,FALSE,12.0,13.0,34,6,0,0,0,0,1,1,1,0,0,3,Medium,0,1,1,0
,Saturday,Riyadh,No Holiday,,False,False,False,False,False,False,False,Preimer League,FALSE,FALSE,FALSE,11.0,12.0,35,5,0,0,0,1,1,0,0,0,0,3,Medium,1,0,0,0
,Sunday,Riyadh,No Holiday,,True,False,False,False,False,False,False,,FALSE,FALSE,FALSE,10.0,11.0,36,4,0,0,0,0,0,0,0,0,0,0,Low,1,0,0,0
,Monday,Riyadh,No Holiday,,True,False,False,False,False,False,False,,FALSE,FALSE,FALSE,9.0,10.0,37,3,0,0,0,0,0,0,0,0,0,0,Low,1,0,0,0
,Tuesday,Riyadh,No Holiday,,True,False,False,False,False,False,False,,FALSE,FALSE,FALSE,8.0,9.0,38,2,0,0,0,0,0,0,0,0,0,0,Low,1,0,0,0
,Wednesday,Riyadh,No Holiday,,True,False,False,False,False,False,False,,FALSE,FALSE,FALSE,7.0,8.0,39,1,0,0,0,0,0,0,0,0,0,0,Low,1,0,0,0
,Thursday,Riyadh,Founding Day,Founding Day is a national holiday in Saudi Arabia,False,False,False,False,False,False,False,,FALSE,FALSE,FALSE,6.0,7.0,Vacation	,Vacation,0,1,0,0,1,0,0,0,0,4,Medium,1,0,0,0
,Friday,Riyadh,No Holiday,,False,False,False,False,False,False,False,,FALSE,FALSE,FALSE,5.0,6.0,Vacation	,Vacation,0,0,0,0,1,0,0,0,0,1,Low,1,0,0,0
,Saturday,Riyadh,No Holiday,,False,False,False,False,False,False,False,,FALSE,FALSE,FALSE,4.0,5.0,Vacation	,Vacation,0,0,0,0,1,0,0,1,0,3,Medium,1,0,0,0
,Sunday,Riyadh,No Holiday,,False,False,True,False,False,False,False,La liga,FALSE,FALSE,FALSE,3.0,4.0,Vacation	,Vacation,0,0,0,1,0,0,1,1,0,5,Medium,0,0,1,0
,Monday,Riyadh,No Holiday,,False,False,False,False,False,False,False,,FALSE,FALSE,FALSE,2.0,3.0,Vacation	,Vacation,0,0,0,0,0,0,0,1,0,2,Low,1,0,0,0
,Tuesday,Riyadh,No Holiday,,False,False,True,True,False,False,False,,FALSE,FALSE,TRUE,31.0,2.0,Vacation	,Vacation,1,0,0,0,0,0,1,1,0,5,Medium,0,0,1,0
,Wednesday,Riyadh,No Holiday,,False,False,True,True,False,False,False,,FALSE,FALSE,FALSE,30.0,1.0,Vacation	,Vacation,0,0,0,0,0,0,1,1,0,3,Medium,0,0,1,0
,Thursday,Riyadh,No Holiday,,False,False,False,False,False,False,False,,FALSE,FALSE,FALSE,29.0,0.0,Vacation	,Vacation,0,0,0,0,1,0,0,1,0,3,Medium,1,0,0,0
2024-01-03,Friday,Riyadh,No Holiday,,False,False,False,False,False,False,False,KSA League,FALSE,FALSE,FALSE,28.0,30.0,Vacation	,Vacation,0,0,0,1,1,0,0,0,0,3,Medium,1,0,0,0
2024-02-03,Saturday,Riyadh,No Holiday,,False,False,False,False,False,False,False,,FALSE,FALSE,FALSE,27.0,29.0,Vacation	,Vacation,0,0,0,0,1,0,0,0,0,1,Low,1,0,0,0
2024-03-03,Sunday,Riyadh,No Holiday,,True,False,True,False,False,False,False,Preimer League,FALSE,FALSE,FALSE,26.0,28.0,1,99,0,0,0,1,0,0,1,0,0,3,Medium,0,0,1,0
2024-04-03,Monday,Riyadh,No Holiday,,True,False,False,False,False,False,False,,FALSE,FALSE,FALSE,25.0,27.0,2,98,0,0,0,0,0,0,0,0,0,0,Low,1,0,0,0
2024-05-03,Tuesday,Riyadh,No Holiday,,True,False,False,False,False,False,False,"UEFA CL, KSA League",FALSE,FALSE,FALSE,24.0,26.0,3,97,0,0,0,1,0,0,0,0,0,2,Low,1,0,0,0
2024-06-03,Wednesday,Riyadh,No Holiday,,True,False,False,False,False,False,False,UEFA CL,FALSE,FALSE,FALSE,23.0,25.0,4,96,0,0,0,1,0,0,0,0,0,2,Low,1,0,0,0
2024-07-03,Thursday,Riyadh,No Holiday,,True,False,False,False,False,False,False,,FALSE,FALSE,FALSE,22.0,24.0,5,95,0,0,0,0,1,0,0,0,0,1,Low,1,0,0,0
2024-08-03,Friday,Riyadh,No Holiday,,False,False,False,False,False,False,False,,FALSE,FALSE,FALSE,21.0,23.0,6,94,0,0,0,0,1,0,0,0,0,1,Low,1,0,0,0
2024-09-03,Saturday,Riyadh,No Holiday,,False,False,False,False,False,False,False,,FALSE,FALSE,FALSE,20.0,22.0,7,93,0,0,0,0,1,0,0,0,0,1,Low,1,0,0,0
2024-10-03,Sunday,Riyadh,No Holiday,,True,False,False,False,False,False,False,Preimer League,FALSE,FALSE,FALSE,19.0,21.0,8,92,0,0,0,1,0,0,0,0,0,2,Low,1,0,0,0
2024-11-03,Monday,Riyadh,No Holiday,,True,False,False,True,False,False,False,UEFA CL,FALSE,FALSE,FALSE,18.0,20.0,9,91,0,0,0,1,0,0,1,0,0,3,Medium,0,0,1,0
2024-12-03,Tuesday,Riyadh,No Holiday,,True,False,False,False,False,False,False,"UEFA CL, KSA League",FALSE,FALSE,FALSE,17.0,19.0,10,90,0,0,0,1,0,0,0,0,0,2,Low,1,0,0,0
,Wednesday,Riyadh,No Holiday,,True,False,False,False,False,False,False,,FALSE,FALSE,FALSE,16.0,18.0,11,89,0,0,0,0,0,0,0,0,0,0,Low,1,0,0,0
,Thursday,Riyadh,No Holiday,,True,False,False,False,False,False,False,,FALSE,FALSE,FALSE,15.0,17.0,12,88,0,0,0,0,1,0,0,0,0,1,Low,1,0,0,0
,Friday,Riyadh,No Holiday,,False,True,False,False,False,False,False,,FALSE,FALSE,FALSE,14.0,16.0,13,87,0,0,0,0,1,0,0,0,0,1,Low,1,0,0,0
,Saturday,Riyadh,No Holiday,,False,False,False,False,False,False,False,,FALSE,FALSE,FALSE,13.0,15.0,14,86,0,0,0,0,1,0,0,0,0,1,Low,1,0,0,0
,Sunday,Riyadh,No Holiday,,True,False,False,False,False,False,False,La liga,FALSE,FALSE,FALSE,12.0,14.0,15,85,0,0,0,1,0,0,0,0,0,2,Low,1,0,0,0
,Monday,Riyadh,No Holiday,,True,True,False,False,False,False,True,,FALSE,FALSE,FALSE,11.0,13.0,16,84,0,0,0,0,0,1,0,0,0,1,Low,0,1,0,0
,Tuesday,Riyadh,No Holiday,,True,True,False,False,False,False,True,,FALSE,FALSE,FALSE,10.0,12.0,17,83,0,0,0,0,0,1,0,0,0,1,Low,0,1,0,0
,Wednesday,Riyadh,No Holiday,,True,False,False,False,False,True,False,,FALSE,FALSE,FALSE,9.0,11.0,18,82,0,0,0,0,0,0,0,0,0,1,Low,0,1,0,0
,Thursday,Riyadh,No Holiday,,True,False,False,False,False,False,False,World Cup,FALSE,FALSE,FALSE,8.0,10.0,19,81,0,0,0,1,1,0,0,0,0,3,Medium,1,0,0,0
,Friday,Riyadh,No Holiday,,False,False,False,False,False,False,True,,FALSE,FALSE,FALSE,7.0,9.0,20,80,0,0,0,0,1,1,0,0,0,2,Low,0,1,0,0
,Saturday,Riyadh,No Holiday,,False,False,False,False,False,False,True,,FALSE,FALSE,FALSE,6.0,8.0,21,79,0,0,0,0,1,1,0,0,0,2,Low,0,1,0,0
,Sunday,Riyadh,No Holiday,,True,True,True,True,False,False,True,,FALSE,FALSE,FALSE,5.0,7.0,22,78,0,0,0,0,0,1,1,0,0,2,Low,0,1,1,0
,Monday,Riyadh,No Holiday,,True,False,False,True,False,False,False,,FALSE,FALSE,FALSE,4.0,6.0,23,77,0,0,0,0,0,0,1,0,0,1,Low,0,0,1,0
,Tuesday,Riyadh,No Holiday,,True,False,False,False,False,False,False,World Cup,FALSE,FALSE,FALSE,3.0,5.0,24,76,0,0,0,1,0,0,0,1,0,4,Medium,1,0,0,0
,Wednesday,Riyadh,No Holiday,,True,False,False,False,False,False,False,,FALSE,FALSE,TRUE,31.0,4.0,25,75,1,0,0,0,0,0,0,1,0,4,Medium,1,0,0,0
,Thursday,Riyadh,No Holiday,,False,False,False,False,False,False,False,,FALSE,FALSE,FALSE,30.0,3.0,26,74,0,0,0,0,1,0,0,1,0,3,Medium,1,0,0,0
,Friday,Riyadh,No Holiday,,False,False,False,False,False,False,False,,FALSE,FALSE,FALSE,29.0,2.0,27,73,0,0,0,0,1,0,0,1,0,3,Medium,1,0,0,0
,Saturday,Riyadh,No Holiday,,False,True,False,False,False,False,False,KSA League,FALSE,FALSE,FALSE,28.0,1.0,28,72,0,0,0,1,1,0,0,1,0,5,Medium,1,0,0,0
,Sunday,Riyadh,No Holiday,,False,False,False,False,False,False,True,Preimer League,FALSE,FALSE,FALSE,27.0,0.0,29,71,0,0,0,1,0,1,0,1,0,5,Medium,0,1,0,0
2024-01-04,Monday,Riyadh,No Holiday,,False,True,False,False,False,False,True,,FALSE,FALSE,FALSE,26.0,29.0,30,70,0,0,0,0,0,1,0,0,0,1,Low,0,1,0,0
2024-02-04,Tuesday,Riyadh,No Holiday,,False,False,False,False,False,False,False,,FALSE,FALSE,FALSE,25.0,28.0,31,69,0,0,0,0,0,0,0,0,0,0,Low,1,0,0,0
2024-03-04,Wednesday,Riyadh,No Holiday,,False,False,False,False,False,False,True,,FALSE,FALSE,FALSE,24.0,27.0,32,68,0,0,0,0,0,1,0,0,0,1,Low,0,1,0,0
2024-04-04,Thursday,Riyadh,No Holiday,,False,False,False,False,False,False,False,Preimer League,FALSE,FALSE,FALSE,23.0,26.0,33,67,0,0,0,1,1,0,0,0,0,3,Medium,1,0,0,0
2024-05-04,Friday,Riyadh,No Holiday,,False,False,False,False,False,False,False,,FALSE,FALSE,FALSE,22.0,25.0,34,66,0,0,0,0,1,0,0,0,0,1,Low,1,0,0,0
2024-06-04,Saturday,Riyadh,No Holiday,,False,False,False,False,False,False,False,,FALSE,FALSE,FALSE,21.0,24.0,35,65,0,0,0,0,1,0,0,0,0,1,Low,1,0,0,0
2024-07-04,Sunday,Riyadh,No Holiday,,False,True,True,False,False,False,True,Preimer League,FALSE,FALSE,FALSE,20.0,23.0,36,64,0,0,0,1,0,1,1,0,0,4,Medium,0,1,1,0
2024-08-04,Monday,Riyadh,Eid al-Fitr Holiday,Eid al-Fitr Holiday is a national holiday in Saudi Arabia,False,True,False,False,False,False,True,KSA League,FALSE,FALSE,FALSE,19.0,22.0,37,63,0,1,0,1,0,1,0,0,0,6,High,0,1,0,0
2024-09-04,Tuesday,Riyadh,Eid al-Fitr Holiday,Eid al-Fitr Holiday is a national holiday in Saudi Arabia,False,True,False,False,False,False,False,UEFA CL,FALSE,FALSE,FALSE,18.0,21.0,38,62,0,1,0,1,0,0,0,0,0,5,Medium,1,0,0,0
2024-10-04,Wednesday,Riyadh,Eid al-Fitr Holiday,Eid al-Fitr Holiday is a national holiday in Saudi Arabia,False,True,False,False,False,False,True,UEFA CL,FALSE,FALSE,FALSE,17.0,20.0,39,61,0,1,0,1,0,1,0,0,0,6,High,0,1,0,0
2024-11-04,Thursday,Riyadh,Eid al-Fitr Holiday,Eid al-Fitr Holiday is a national holiday in Saudi Arabia,False,False,False,False,False,False,False,KSA League,FALSE,FALSE,FALSE,16.0,19.0,40,60,0,1,0,1,1,0,0,0,0,6,High,1,0,0,0
2024-12-04,Friday,Riyadh,Eid al-Fitr Holiday,Eid al-Fitr Holiday is a national holiday in Saudi Arabia,False,False,False,False,False,False,False,,FALSE,FALSE,FALSE,15.0,18.0,41,59,0,1,0,0,1,0,0,0,0,4,Medium,1,0,0,0
,Saturday,Riyadh,Eid al-Fitr Holiday,"Eid al-Fitr is a holiday to mark the end of the Islamic month of Ramadan, during which Muslims fast during the hours of daylight.",False,False,False,False,False,False,False,,FALSE,FALSE,FALSE,14.0,17.0,42,58,0,1,0,0,1,0,0,0,0,4,Medium,1,0,0,0
,Sunday,Riyadh,No Holiday,,False,False,False,False,False,False,False,,FALSE,FALSE,FALSE,13.0,16.0,43,57,0,0,0,0,0,0,0,0,0,0,Low,1,0,0,0
,Monday,Riyadh,No Holiday,,True,False,True,True,False,False,False,,FALSE,FALSE,FALSE,12.0,15.0,44,56,0,0,0,0,0,0,1,0,0,1,Low,0,0,1,0
,Tuesday,Riyadh,No Holiday,,True,False,False,True,False,False,False,UEFA CL,FALSE,FALSE,FALSE,11.0,14.0,45,55,0,0,0,1,0,0,1,0,0,3,Medium,0,0,1,0
,Wednesday,Riyadh,No Holiday,,True,False,False,False,False,False,False,UEFA CL,FALSE,FALSE,FALSE,10.0,13.0,46,54,0,0,0,1,0,0,0,0,0,2,Low,1,0,0,0
,Thursday,Riyadh,No Holiday,,True,False,False,False,False,False,False,,FALSE,FALSE,FALSE,9.0,12.0,47,53,0,0,0,0,1,0,0,0,0,1,Low,1,0,0,0
,Friday,Riyadh,No Holiday,,False,False,False,False,False,False,False,,FALSE,FALSE,FALSE,8.0,11.0,48,52,0,0,0,0,1,0,0,0,0,1,Low,1,0,0,0
,Saturday,Riyadh,No Holiday,,False,False,False,False,False,False,False,,FALSE,FALSE,FALSE,7.0,10.0,49,51,0,0,0,0,1,0,0,0,0,1,Low,1,0,0,0
,Sunday,Riyadh,No Holiday,,True,False,False,False,False,False,False,La liga,FALSE,FALSE,FALSE,6.0,9.0,50,50,0,0,0,1,0,0,0,0,0,2,Low,1,0,0,0
,Monday,Riyadh,No Holiday,,True,False,False,False,False,False,False,,FALSE,FALSE,FALSE,5.0,8.0,51,49,0,0,0,0,0,0,0,0,0,0,Low,1,0,0,0
,Tuesday,Riyadh,No Holiday,,True,False,False,False,False,False,False,Preimer League,FALSE,FALSE,FALSE,4.0,7.0,52,48,0,0,0,1,0,0,0,0,0,2,Low,1,0,0,0
,Wednesday,Riyadh,No Holiday,,True,False,False,False,False,False,False,,FALSE,FALSE,FALSE,3.0,6.0,53,47,0,0,0,0,0,0,0,1,0,2,Low,1,0,0,0
,Thursday,Riyadh,No Holiday,,True,False,False,False,False,False,False,,FALSE,FALSE,FALSE,2.0,5.0,54,46,0,0,0,0,1,0,0,1,0,3,Medium,1,0,0,0
,Friday,Riyadh,No Holiday,,False,False,False,False,False,False,False,,FALSE,FALSE,FALSE,1.0,4.0,55,45,0,0,0,0,1,0,0,1,0,3,Medium,1,0,0,0
,Saturday,Riyadh,No Holiday,,False,False,False,False,False,False,False,,FALSE,FALSE,FALSE,0.0,3.0,56,44,0,0,0,0,1,0,0,1,0,3,Medium,1,0,0,0
,Sunday,Riyadh,No Holiday,,True,True,False,True,False,False,True,Preimer League,FALSE,FALSE,TRUE,31.0,2.0,57,43,1,0,0,1,0,1,1,1,0,8,High,0,1,1,0
,Monday,Riyadh,No Holiday,,True,True,False,True,False,False,False,,FALSE,FALSE,FALSE,30.0,1.0,58,42,0,0,0,0,0,0,1,1,0,3,Medium,0,0,1,0
,Tuesday,Riyadh,No Holiday,,True,False,False,False,False,False,True,"UEFA CL, KSA League",FALSE,FALSE,FALSE,29.0,0.0,59,41,0,0,0,1,0,1,0,1,0,5,Medium,0,1,0,0
2024-01-05,Wednesday,Riyadh,No Holiday,,True,False,False,True,False,False,True,UEFA CL,FALSE,FALSE,FALSE,28.0,30.0,60,40,0,0,0,1,0,1,1,0,0,4,Medium,0,1,1,0
2024-02-05,Thursday,Riyadh,No Holiday,,False,False,False,False,False,False,False,Preimer League,FALSE,FALSE,FALSE,27.0,29.0,61,39,0,0,0,1,1,0,0,0,0,3,Medium,1,0,0,0
2024-03-05,Friday,Riyadh,No Holiday,,False,False,False,False,False,False,False,,FALSE,FALSE,FALSE,26.0,28.0,62,38,0,0,0,0,1,0,0,0,0,1,Low,1,0,0,0
2024-04-05,Saturday,Riyadh,No Holiday,,False,False,False,False,False,False,False,,FALSE,FALSE,FALSE,25.0,27.0,63,37,0,0,0,0,1,0,0,0,0,1,Low,1,0,0,0
2024-05-05,Sunday,Riyadh,No Holiday,,True,False,False,False,False,False,False,Preimer League,FALSE,FALSE,FALSE,24.0,26.0,64,36,0,0,0,1,0,0,0,0,0,2,Low,1,0,0,0
2024-06-05,Monday,Riyadh,No Holiday,,True,False,False,False,False,False,False,,FALSE,FALSE,FALSE,23.0,25.0,65,35,0,0,0,0,0,0,0,0,0,0,Low,1,0,0,0
2024-07-05,Tuesday,Riyadh,No Holiday,,True,False,False,False,False,False,False,UEFA CL,FALSE,FALSE,FALSE,22.0,24.0,66,34,0,0,0,1,0,0,0,0,0,2,Low,1,0,0,0
2024-08-05,Wednesday,Riyadh,No Holiday,,True,False,False,False,False,False,False,UEFA CL,FALSE,FALSE,FALSE,21.0,23.0,67,33,0,0,0,1,0,0,0,0,0,2,Low,1,0,0,0
2024-09-05,Thursday,Riyadh,No Holiday,,True,False,False,False,False,False,False,,FALSE,FALSE,FALSE,20.0,22.0,68,32,0,0,0,0,1,0,0,0,0,1,Low,1,0,0,0
2024-10-05,Friday,Riyadh,No Holiday,,False,False,False,False,False,False,False,,FALSE,FALSE,FALSE,19.0,21.0,69,31,0,0,0,0,1,0,0,0,0,1,Low,1,0,0,0
2024-11-05,Saturday,Riyadh,No Holiday,,False,False,False,False,False,False,False,,FALSE,FALSE,FALSE,18.0,20.0,70,30,0,0,0,0,1,0,0,0,0,1,Low,1,0,0,0
2024-12-05,Sunday,Riyadh,No Holiday,,True,False,False,False,False,False,False,Preimer League,FALSE,FALSE,FALSE,17.0,19.0,71,29,0,0,0,1,0,0,0,0,0,2,Low,1,0,0,0
,Monday,Riyadh,No Holiday,,True,False,False,False,False,False,False,,FALSE,FALSE,FALSE,16.0,18.0,72,28,0,0,0,0,0,0,0,0,0,0,Low,1,0,0,0
,Tuesday,Riyadh,No Holiday,,True,False,True,False,False,False,False,Preimer League,FALSE,FALSE,FALSE,15.0,17.0,73,27,0,0,0,1,0,0,1,0,0,3,Medium,0,0,1,0
,Wednesday,Riyadh,No Holiday,,True,False,False,False,False,False,False,,FALSE,FALSE,FALSE,14.0,16.0,74,26,0,0,0,0,0,0,0,0,0,0,Low,1,0,0,0
,Thursday,Riyadh,No Holiday,,True,False,True,False,False,False,False,,FALSE,FALSE,FALSE,13.0,15.0,75,25,0,0,0,0,1,0,1,0,0,2,Low,0,0,1,0
,Friday,Riyadh,No Holiday,,False,False,True,False,False,False,False,KSA League,FALSE,FALSE,FALSE,12.0,14.0,76,24,0,0,0,1,1,0,1,0,0,4,Medium,0,0,1,0
,Saturday,Riyadh,No Holiday,,False,False,False,False,False,False,False,,FALSE,FALSE,FALSE,11.0,13.0,77,23,0,0,0,0,1,0,0,0,0,1,Low,1,0,0,0
,Sunday,Riyadh,No Holiday,,True,False,False,False,False,False,False,Preimer League,FALSE,FALSE,FALSE,10.0,12.0,78,22,0,0,0,1,0,0,0,0,0,2,Low,1,0,0,0
,Monday,Riyadh,No Holiday,,True,False,False,False,False,False,False,,FALSE,FALSE,FALSE,9.0,11.0,79,21,0,0,0,0,0,0,0,0,0,0,Low,1,0,0,0
,Tuesday,Riyadh,No Holiday,,True,False,False,False,False,False,False,,FALSE,FALSE,FALSE,8.0,10.0,80,20,0,0,0,0,0,0,0,0,0,0,Low,1,0,0,0
,Wednesday,Riyadh,No Holiday,,True,False,False,False,False,False,False,,FALSE,FALSE,FALSE,7.0,9.0,81,19,0,0,0,0,0,0,0,0,0,0,Low,1,0,0,0
,Thursday,Riyadh,No Holiday,,True,False,False,False,False,False,False,,FALSE,FALSE,FALSE,6.0,8.0,82,18,0,0,0,0,1,0,0,0,0,1,Low,1,0,0,0
,Friday,Riyadh,No Holiday,,False,False,False,False,False,False,False,,FALSE,FALSE,FALSE,5.0,7.0,83,17,0,0,0,0,1,0,0,0,0,1,Low,1,0,0,0
,Saturday,Riyadh,No Holiday,,False,False,False,False,False,False,False,,FALSE,FALSE,FALSE,4.0,6.0,84,16,0,0,0,0,1,0,0,0,0,1,Low,1,0,0,0
,Sunday,Riyadh,No Holiday,,True,False,False,False,False,False,False,La liga,FALSE,FALSE,FALSE,3.0,5.0,85,15,0,0,0,1,0,0,0,1,0,4,Medium,1,0,0,0
,Monday,Riyadh,No Holiday,,True,False,False,False,False,False,False,KSA League,FALSE,FALSE,TRUE,31.0,4.0,86,14,1,0,0,1,0,0,0,1,0,6,High,1,0,0,0
,Tuesday,Riyadh,No Holiday,,True,False,False,False,False,False,False,,FALSE,FALSE,FALSE,30.0,3.0,87,13,0,0,0,0,0,0,0,1,0,2,Low,1,0,0,0
,Wednesday,Riyadh,No Holiday,,True,False,False,False,False,False,False,,FALSE,FALSE,FALSE,29.0,2.0,88,12,0,0,0,0,0,0,0,1,0,2,Low,1,0,0,0
,Thursday,Riyadh,No Holiday,,True,False,False,False,False,False,False,,FALSE,FALSE,FALSE,28.0,1.0,89,11,0,0,0,0,1,0,0,1,0,3,Medium,1,0,0,0
,Friday,Riyadh,No Holiday,,False,False,False,False,False,False,False,KSA League,FALSE,FALSE,FALSE,27.0,0.0,90,10,0,0,0,1,1,0,0,1,0,5,Medium,1,0,0,0
2024-01-06,Saturday,Riyadh,No Holiday,,False,False,False,False,False,False,False,UEFA CL,FALSE,FALSE,FALSE,26.0,29.0,91,9,0,0,0,1,1,0,0,0,0,3,Medium,1,0,0,0
2024-02-06,Sunday,Riyadh,No Holiday,,True,False,False,False,False,False,False,,FALSE,FALSE,FALSE,25.0,28.0,92,8,0,0,0,0,0,0,0,0,0,0,Low,1,0,0,0
2024-03-06,Monday,Riyadh,No Holiday,,True,False,False,False,False,False,False,,FALSE,FALSE,FALSE,24.0,27.0,93,7,0,0,0,0,0,0,0,0,0,0,Low,1,0,0,0
2024-04-06,Tuesday,Riyadh,No Holiday,,True,False,False,False,False,False,False,,FALSE,FALSE,FALSE,23.0,26.0,94,6,0,0,0,0,0,0,0,0,0,0,Low,1,0,0,0
2024-05-06,Wednesday,Riyadh,No Holiday,,True,False,False,False,False,False,False,,FALSE,FALSE,FALSE,22.0,25.0,95,5,0,0,0,0,0,0,0,0,0,0,Low,1,0,0,0
2024-06-06,Thursday,Riyadh,No Holiday,,True,False,False,False,False,False,False,World Cup,FALSE,FALSE,FALSE,21.0,24.0,96,4,0,0,0,1,1,0,0,0,0,3,Medium,1,0,0,0
2024-07-06,Friday,Riyadh,No Holiday,,False,False,False,False,False,False,False,,FALSE,FALSE,FALSE,20.0,23.0,97,3,0,0,0,0,1,0,0,0,0,1,Low,1,0,0,0
2024-08-06,Saturday,Riyadh,No Holiday,,False,False,False,False,False,False,False,,FALSE,FALSE,FALSE,19.0,22.0,98,2,0,0,0,0,1,0,0,0,0,1,Low,1,0,0,0
2024-09-06,Sunday,Riyadh,No Holiday,,True,False,False,False,False,False,False,,FALSE,FALSE,FALSE,18.0,21.0,99,1,0,0,0,0,0,0,0,0,0,0,Low,1,0,0,0
2024-10-06,Monday,Riyadh,No Holiday,,False,False,False,False,False,False,False,,FALSE,FALSE,FALSE,17.0,20.0,Vacation	,Vacation,0,0,0,0,0,0,0,0,0,0,Low,1,0,0,0
2024-11-06,Tuesday,Riyadh,No Holiday,,False,False,False,False,False,False,False,World Cup,FALSE,FALSE,FALSE,16.0,19.0,Vacation	,Vacation,0,0,0,1,0,0,0,0,0,2,Low,1,0,0,0
2024-12-06,Wednesday,Riyadh,No Holiday,,False,False,False,False,False,False,False,,FALSE,FALSE,FALSE,15.0,18.0,Vacation	,Vacation,0,0,0,0,0,0,0,0,0,0,Low,1,0,0,0
,Thursday,Riyadh,No Holiday,,False,False,False,False,False,False,False,,FALSE,FALSE,FALSE,14.0,17.0,Vacation	,Vacation,0,0,0,0,1,0,0,0,0,1,Low,1,0,0,0
,Friday,Riyadh,No Holiday,,False,False,False,False,False,False,False,,FALSE,FALSE,FALSE,13.0,16.0,Vacation	,Vacation,0,0,0,0,1,0,0,0,0,1,Low,1,0,0,0
,Saturday,Riyadh,Arafat Day,Arafat Day is a national holiday in Saudi Arabia,False,False,False,False,False,False,False,,FALSE,FALSE,FALSE,12.0,15.0,Vacation	,Vacation,0,1,0,0,1,0,0,0,0,4,Medium,1,0,0,0
,Sunday,Riyadh,Eid al-Adha Holiday,Eid al-Adha Holiday is a national holiday in Saudi Arabia,False,False,False,False,False,False,False,,FALSE,FALSE,FALSE,11.0,14.0,Vacation	,Vacation,0,1,0,0,0,0,0,0,0,3,Medium,1,0,0,0
,Monday,Riyadh,Eid al-Adha Holiday,Eid al-Adha Holiday is a national holiday in Saudi Arabia,False,False,False,False,False,False,False,,FALSE,FALSE,FALSE,10.0,13.0,Vacation	,Vacation,0,1,0,0,0,0,0,0,0,3,Medium,1,0,0,0
,Tuesday,Riyadh,Eid al-Adha Holiday,Eid al-Adha Holiday is a national holiday in Saudi Arabia,False,False,False,False,False,False,False,,FALSE,FALSE,FALSE,9.0,12.0,Vacation	,Vacation,0,1,0,0,0,0,0,0,0,3,Medium,1,0,0,0
,Wednesday,Riyadh,Eid al-Adha Holiday,Eid al-Adha (Id ul-Adha) is an Islamic festival falling on the 10th day of the month of Dhul Hijja (Thou al-Hijja) to commemorate the willingness of Ibrahim (Abraham) to sacrifice his son.,False,False,False,False,False,False,False,,FALSE,FALSE,FALSE,8.0,11.0,Vacation	,Vacation,0,1,0,0,0,0,0,0,0,3,Medium,1,0,0,0
,Thursday,Riyadh,No Holiday,,False,False,True,False,False,False,False,,FALSE,FALSE,FALSE,7.0,10.0,Vacation	,Vacation,0,0,0,0,1,0,1,0,0,2,Low,0,0,1,0
,Friday,Riyadh,No Holiday,,False,False,False,False,False,False,False,,FALSE,FALSE,FALSE,6.0,9.0,Vacation	,Vacation,0,0,0,0,1,0,0,0,0,1,Low,1,0,0,0
,Saturday,Riyadh,No Holiday,,False,False,False,False,False,False,False,,FALSE,FALSE,FALSE,5.0,8.0,Vacation	,Vacation,0,0,0,0,1,0,0,0,0,1,Low,1,0,0,0
,Sunday,Riyadh,No Holiday,,False,False,False,False,False,False,False,,FALSE,FALSE,FALSE,4.0,7.0,Vacation	,Vacation,0,0,0,0,0,0,0,0,0,0,Low,1,0,0,0
,Monday,Riyadh,No Holiday,,False,False,False,False,False,False,False,,FALSE,FALSE,FALSE,3.0,6.0,Vacation	,Vacation,0,0,0,0,0,0,0,1,0,2,Low,1,0,0,0
,Tuesday,Riyadh,No Holiday,,False,False,False,False,False,False,False,,FALSE,FALSE,FALSE,2.0,5.0,Vacation	,Vacation,0,0,0,0,0,0,0,1,0,2,Low,1,0,0,0
,Wednesday,Riyadh,No Holiday,,False,False,False,False,False,False,False,,FALSE,FALSE,FALSE,1.0,4.0,Vacation	,Vacation,0,0,0,0,0,0,0,1,0,2,Low,1,0,0,0
,Thursday,Riyadh,No Holiday,,False,False,False,False,False,False,False,,FALSE,FALSE,TRUE,31.0,3.0,Vacation	,Vacation,1,0,0,0,1,0,0,1,0,5,Medium,1,0,0,0
,Friday,Riyadh,No Holiday,,False,False,False,False,False,False,False,,FALSE,FALSE,FALSE,30.0,2.0,Vacation	,Vacation,0,0,0,0,1,0,0,1,0,3,Medium,1,0,0,0
,Saturday,Riyadh,No Holiday,,False,False,False,False,False,False,False,,FALSE,FALSE,FALSE,29.0,1.0,Vacation	,Vacation,0,0,0,0,1,0,0,1,0,3,Medium,1,0,0,0
,Sunday,Riyadh,No Holiday,,False,False,False,False,False,False,False,,FALSE,FALSE,FALSE,28.0,0.0,Vacation	,Vacation,0,0,0,0,0,0,0,1,0,2,Low,1,0,0,0
2024-01-07,Monday,Riyadh,No Holiday,,False,False,False,False,False,False,False,,FALSE,FALSE,FALSE,27.0,30.0,Vacation	,Vacation,0,0,0,0,0,0,0,0,0,0,Low,1,0,0,0
2024-02-07,Tuesday,Riyadh,No Holiday,,False,False,False,False,False,False,False,,FALSE,FALSE,FALSE,26.0,29.0,Vacation	,Vacation,0,0,0,0,0,0,0,0,0,0,Low,1,0,0,0
2024-03-07,Wednesday,Riyadh,No Holiday,,False,False,False,False,False,False,False,,FALSE,FALSE,FALSE,25.0,28.0,Vacation	,Vacation,0,0,0,0,0,0,0,0,0,0,Low,1,0,0,0
2024-04-07,Thursday,Riyadh,No Holiday,,False,False,False,False,False,False,False,,FALSE,FALSE,FALSE,24.0,27.0,Vacation	,Vacation,0,0,0,0,1,0,0,0,0,1,Low,1,0,0,0
2024-05-07,Friday,Riyadh,No Holiday,,False,False,False,False,False,False,False,,FALSE,FALSE,FALSE,23.0,26.0,Vacation	,Vacation,0,0,0,0,1,0,0,0,0,1,Low,1,0,0,0
2024-06-07,Saturday,Riyadh,No Holiday,,False,False,False,False,False,False,False,,FALSE,FALSE,FALSE,22.0,25.0,Vacation	,Vacation,0,0,0,0,1,0,0,0,0,1,Low,1,0,0,0
2024-07-07,Sunday,Riyadh,No Holiday,,False,False,False,False,False,False,False,,FALSE,FALSE,FALSE,21.0,24.0,Vacation	,Vacation,0,0,0,0,0,0,0,0,0,0,Low,1,0,0,0
2024-08-07,Monday,Riyadh,No Holiday,,False,False,False,False,False,False,False,,FALSE,FALSE,FALSE,20.0,23.0,Vacation	,Vacation,0,0,0,0,0,0,0,0,0,0,Low,1,0,0,0
2024-09-07,Tuesday,Riyadh,No Holiday,,False,False,False,False,False,False,False,,FALSE,FALSE,FALSE,19.0,22.0,Vacation	,Vacation,0,0,0,0,0,0,0,0,0,0,Low,1,0,0,0
2024-10-07,Wednesday,Riyadh,No Holiday,,False,False,False,False,False,False,False,,FALSE,FALSE,FALSE,18.0,21.0,Vacation	,Vacation,0,0,0,0,0,0,0,0,0,0,Low,1,0,0,0
2024-11-07,Thursday,Riyadh,No Holiday,,False,False,False,False,False,False,False,,FALSE,FALSE,FALSE,17.0,20.0,Vacation	,Vacation,0,0,0,0,1,0,0,0,0,1,Low,1,0,0,0
2024-12-07,Friday,Riyadh,No Holiday,,False,False,False,False,False,False,False,,FALSE,FALSE,FALSE,16.0,19.0,Vacation	,Vacation,0,0,0,0,1,0,0,0,0,1,Low,1,0,0,0
,Saturday,Riyadh,No Holiday,,False,False,False,False,False,False,False,,FALSE,FALSE,FALSE,15.0,18.0,Vacation	,Vacation,0,0,0,0,1,0,0,0,0,1,Low,1,0,0,0
,Sunday,Riyadh,No Holiday,,False,False,False,False,False,False,False,,FALSE,FALSE,FALSE,14.0,17.0,Vacation	,Vacation,0,0,0,0,0,0,0,0,0,0,Low,1,0,0,0
,Monday,Riyadh,No Holiday,,False,False,False,False,False,False,False,,FALSE,FALSE,FALSE,13.0,16.0,Vacation	,Vacation,0,0,0,0,0,0,0,0,0,0,Low,1,0,0,0
,Tuesday,Riyadh,No Holiday,,False,False,False,False,False,False,False,,FALSE,FALSE,FALSE,12.0,15.0,Vacation	,Vacation,0,0,0,0,0,0,0,0,0,0,Low,1,0,0,0
,Wednesday,Riyadh,No Holiday,,False,False,False,False,False,False,False,,FALSE,FALSE,FALSE,11.0,14.0,Vacation	,Vacation,0,0,0,0,0,0,0,0,0,0,Low,1,0,0,0
,Thursday,Riyadh,No Holiday,,False,False,False,False,False,False,False,,FALSE,FALSE,FALSE,10.0,13.0,Vacation	,Vacation,0,0,0,0,1,0,0,0,0,1,Low,1,0,0,0
,Friday,Riyadh,No Holiday,,False,False,False,False,False,False,False,,FALSE,FALSE,FALSE,9.0,12.0,Vacation	,Vacation,0,0,0,0,1,0,0,0,0,1,Low,1,0,0,0
,Saturday,Riyadh,No Holiday,,False,False,False,False,False,False,False,,FALSE,FALSE,FALSE,8.0,11.0,Vacation	,Vacation,0,0,0,0,1,0,0,0,0,1,Low,1,0,0,0
,Sunday,Riyadh,No Holiday,,False,False,False,False,False,False,False,,FALSE,FALSE,FALSE,7.0,10.0,Vacation	,Vacation,0,0,0,0,0,0,0,0,0,0,Low,1,0,0,0
,Monday,Riyadh,No Holiday,,False,False,False,False,False,False,False,,FALSE,FALSE,FALSE,6.0,9.0,Vacation	,Vacation,0,0,0,0,0,0,0,0,0,0,Low,1,0,0,0
,Tuesday,Riyadh,No Holiday,,False,False,False,False,False,False,False,,FALSE,FALSE,FALSE,5.0,8.0,Vacation	,Vacation,0,0,0,0,0,0,0,0,0,0,Low,1,0,0,0
,Wednesday,Riyadh,No Holiday,,False,False,False,False,False,False,False,,FALSE,FALSE,FALSE,4.0,7.0,Vacation	,Vacation,0,0,0,0,0,0,0,0,0,0,Low,1,0,0,0
,Thursday,Riyadh,No Holiday,,False,False,False,False,False,False,False,,FALSE,FALSE,FALSE,3.0,6.0,Vacation	,Vacation,0,0,0,0,1,0,0,1,0,3,Medium,1,0,0,0
,Friday,Riyadh,No Holiday,,False,False,False,False,False,False,False,,FALSE,FALSE,FALSE,2.0,5.0,Vacation	,Vacation,0,0,0,0,1,0,0,1,0,3,Medium,1,0,0,0
,Saturday,Riyadh,No Holiday,,False,False,False,False,False,False,False,,FALSE,FALSE,FALSE,1.0,4.0,Vacation	,Vacation,0,0,0,0,1,0,0,1,0,3,Medium,1,0,0,0
,Sunday,Riyadh,No Holiday,,False,False,False,False,False,False,False,,FALSE,FALSE,TRUE,31.0,3.0,Vacation	,Vacation,1,0,0,0,0,0,0,1,0,4,Medium,1,0,0,0
,Monday,Riyadh,No Holiday,,False,False,False,False,False,False,False,,FALSE,FALSE,FALSE,30.0,2.0,Vacation	,Vacation,0,0,0,0,0,0,0,1,0,2,Low,1,0,0,0
,Tuesday,Riyadh,No Holiday,,False,False,False,False,False,False,False,,FALSE,FALSE,FALSE,29.0,1.0,Vacation	,Vacation,0,0,0,0,0,0,0,1,0,2,Low,1,0,0,0
,Wednesday,Riyadh,No Holiday,,False,False,False,False,False,False,False,,FALSE,FALSE,FALSE,28.0,0.0,Vacation	,Vacation,0,0,0,0,0,0,0,1,0,2,Low,1,0,0,0
2024-01-08,Thursday,Riyadh,No Holiday,,False,False,False,False,False,False,False,,FALSE,FALSE,FALSE,27.0,30.0,Vacation	,Vacation,0,0,0,0,1,0,0,0,0,1,Low,1,0,0,0
2024-02-08,Friday,Riyadh,No Holiday,,False,False,False,False,False,False,False,,FALSE,FALSE,FALSE,26.0,29.0,Vacation	,Vacation,0,0,0,0,1,0,0,0,0,1,Low,1,0,0,0
2024-03-08,Saturday,Riyadh,No Holiday,,False,False,False,False,False,False,False,,FALSE,FALSE,FALSE,25.0,28.0,Vacation	,Vacation,0,0,0,0,1,0,0,0,0,1,Low,1,0,0,0
2024-04-08,Sunday,Riyadh,No Holiday,,False,False,False,False,False,False,False,,FALSE,FALSE,FALSE,24.0,27.0,Vacation	,Vacation,0,0,0,0,0,0,0,0,0,0,Low,1,0,0,0
2024-05-08,Monday,Riyadh,No Holiday,,False,False,False,True,False,False,False,,FALSE,FALSE,FALSE,23.0,26.0,Vacation	,Vacation,0,0,0,0,0,0,1,0,0,1,Low,0,0,1,0
2024-06-08,Tuesday,Riyadh,No Holiday,,False,False,False,False,False,False,False,,FALSE,FALSE,FALSE,22.0,25.0,Vacation	,Vacation,0,0,0,0,0,0,0,0,0,0,Low,1,0,0,0
2024-07-08,Wednesday,Riyadh,No Holiday,,False,False,False,False,False,False,False,,FALSE,FALSE,FALSE,21.0,24.0,Vacation	,Vacation,0,0,0,0,0,0,0,0,0,0,Low,1,0,0,0
2024-08-08,Thursday,Riyadh,No Holiday,,False,False,False,False,False,False,False,,FALSE,FALSE,FALSE,20.0,23.0,Vacation	,Vacation,0,0,0,0,1,0,0,0,0,1,Low,1,0,0,0
2024-09-08,Friday,Riyadh,No Holiday,,False,False,False,False,False,False,False,,FALSE,FALSE,FALSE,19.0,22.0,Vacation	,Vacation,0,0,0,0,1,0,0,0,0,1,Low,1,0,0,0
2024-10-08,Saturday,Riyadh,No Holiday,,False,False,False,False,False,False,False,,FALSE,FALSE,FALSE,18.0,21.0,Vacation	,Vacation,0,0,0,0,1,0,0,0,0,1,Low,1,0,0,0
2024-11-08,Sunday,Riyadh,No Holiday,,False,False,False,False,False,False,False,,FALSE,FALSE,FALSE,17.0,20.0,Vacation	,Vacation,0,0,0,0,0,0,0,0,0,0,Low,1,0,0,0
2024-12-08,Monday,Riyadh,No Holiday,,False,False,False,False,False,False,False,,FALSE,FALSE,FALSE,16.0,19.0,Vacation	,Vacation,0,0,0,0,0,0,0,0,0,0,Low,1,0,0,0
,Tuesday,Riyadh,No Holiday,,False,False,False,False,False,False,False,,FALSE,FALSE,FALSE,15.0,18.0,Vacation	,Vacation,0,0,0,0,0,0,0,0,0,0,Low,1,0,0,0
,Wednesday,Riyadh,No Holiday,,False,False,False,False,False,False,False,,FALSE,FALSE,FALSE,14.0,17.0,Vacation	,Vacation,0,0,0,0,0,0,0,0,0,0,Low,1,0,0,0
,Thursday,Riyadh,No Holiday,,False,False,False,False,False,False,False,,FALSE,FALSE,FALSE,13.0,16.0,Vacation	,Vacation,0,0,0,0,1,0,0,0,0,1,Low,1,0,0,0
,Friday,Riyadh,No Holiday,,False,False,False,False,False,False,False,,FALSE,FALSE,FALSE,12.0,15.0,Vacation	,Vacation,0,0,0,0,1,0,0,0,0,1,Low,1,0,0,0
,Saturday,Riyadh,No Holiday,,False,False,False,False,False,False,False,KSA League,FALSE,FALSE,FALSE,11.0,14.0,Vacation	,Vacation,0,0,0,1,1,0,0,0,0,3,Medium,1,0,0,0
,Sunday,Riyadh,No Holiday,,True,False,False,False,False,False,False,Preimer League,FALSE,FALSE,FALSE,10.0,13.0,1,81,0,0,0,1,0,0,0,0,0,2,Low,1,0,0,0
,Monday,Riyadh,No Holiday,,True,False,False,False,False,False,False,,FALSE,FALSE,FALSE,9.0,12.0,2,80,0,0,0,0,0,0,0,0,0,0,Low,1,0,0,0
,Tuesday,Riyadh,No Holiday,,True,False,False,False,False,False,False,,FALSE,FALSE,FALSE,8.0,11.0,3,79,0,0,0,0,0,0,0,0,0,0,Low,1,0,0,0
,Wednesday,Riyadh,No Holiday,,True,False,False,False,False,False,False,,FALSE,FALSE,FALSE,7.0,10.0,4,78,0,0,0,0,0,0,0,0,0,0,Low,1,0,0,0
,Thursday,Riyadh,No Holiday,,True,False,False,False,False,False,False,,FALSE,FALSE,FALSE,6.0,9.0,5,77,0,0,0,0,1,0,0,0,0,1,Low,1,0,0,0
,Friday,Riyadh,No Holiday,,False,False,False,False,False,False,False,,FALSE,FALSE,FALSE,5.0,8.0,6,76,0,0,0,0,1,0,0,0,0,1,Low,1,0,0,0
,Saturday,Riyadh,No Holiday,,False,False,False,False,False,False,False,,FALSE,FALSE,FALSE,4.0,7.0,7,75,0,0,0,0,1,0,0,0,0,1,Low,1,0,0,0
,Sunday,Riyadh,No Holiday,,True,False,False,False,False,False,False,,FALSE,FALSE,FALSE,3.0,6.0,8,74,0,0,0,0,0,0,0,1,0,2,Low,1,0,0,0
,Monday,Riyadh,No Holiday,,True,False,False,False,False,False,False,,FALSE,FALSE,FALSE,2.0,5.0,9,73,0,0,0,0,0,0,0,1,0,2,Low,1,0,0,0
,Tuesday,Riyadh,No Holiday,,True,False,False,False,False,False,False,,FALSE,FALSE,TRUE,31.0,4.0,10,72,1,0,0,0,0,0,0,1,0,4,Medium,1,0,0,0
,Wednesday,Riyadh,No Holiday,,True,False,False,False,False,False,False,,FALSE,FALSE,FALSE,30.0,3.0,11,71,0,0,0,0,0,0,0,1,0,2,Low,1,0,0,0
,Thursday,Riyadh,No Holiday,,True,False,False,False,False,False,False,,FALSE,FALSE,FALSE,29.0,2.0,12,70,0,0,0,0,1,0,0,1,0,3,Medium,1,0,0,0
,Friday,Riyadh,No Holiday,,False,False,False,False,False,False,False,,FALSE,FALSE,FALSE,28.0,1.0,13,69,0,0,0,0,1,0,0,1,0,3,Medium,1,0,0,0
,Saturday,Riyadh,No Holiday,,False,False,False,False,False,False,False,,FALSE,FALSE,FALSE,27.0,0.0,14,68,0,0,0,0,1,0,0,1,0,3,Medium,1,0,0,0
2024-01-09,Sunday,Riyadh,No Holiday,,True,False,False,False,False,False,False,Preimer League,FALSE,FALSE,FALSE,26.0,29.0,15,67,0,0,0,1,0,0,0,0,0,2,Low,1,0,0,0
2024-02-09,Monday,Riyadh,No Holiday,,True,False,False,False,False,False,False,,FALSE,FALSE,FALSE,25.0,28.0,16,66,0,0,0,0,0,0,0,0,0,0,Low,1,0,0,0
2024-03-09,Tuesday,Riyadh,No Holiday,,True,False,False,False,False,False,False,,FALSE,FALSE,FALSE,24.0,27.0,17,65,0,0,0,0,0,0,0,0,0,0,Low,1,0,0,0
2024-04-09,Wednesday,Riyadh,No Holiday,,True,False,False,False,False,False,False,,FALSE,FALSE,FALSE,23.0,26.0,18,64,0,0,0,0,0,0,0,0,0,0,Low,1,0,0,0
2024-05-09,Thursday,Riyadh,No Holiday,,True,False,False,False,False,False,False,World Cup,FALSE,FALSE,FALSE,22.0,25.0,19,63,0,0,0,1,1,0,0,0,0,3,Medium,1,0,0,0
2024-06-09,Friday,Riyadh,No Holiday,,False,False,False,False,False,False,False,,FALSE,FALSE,FALSE,21.0,24.0,20,62,0,0,0,0,1,0,0,0,0,1,Low,1,0,0,0
2024-07-09,Saturday,Riyadh,No Holiday,,False,False,False,False,False,False,False,,FALSE,FALSE,FALSE,20.0,23.0,21,61,0,0,0,0,1,0,0,0,0,1,Low,1,0,0,0
2024-08-09,Sunday,Riyadh,No Holiday,,True,False,False,False,False,False,False,,FALSE,FALSE,FALSE,19.0,22.0,22,60,0,0,0,0,0,0,0,0,0,0,Low,1,0,0,0
2024-09-09,Monday,Riyadh,No Holiday,,True,False,False,False,False,False,False,,FALSE,FALSE,FALSE,18.0,21.0,23,59,0,0,0,0,0,0,0,0,0,0,Low,1,0,0,0
2024-10-09,Tuesday,Riyadh,No Holiday,,True,False,False,False,False,False,False,World Cup,FALSE,FALSE,FALSE,17.0,20.0,24,58,0,0,0,1,0,0,0,0,0,2,Low,1,0,0,0
2024-11-09,Wednesday,Riyadh,No Holiday,,True,False,False,False,False,False,False,,FALSE,FALSE,FALSE,16.0,19.0,25,57,0,0,0,0,0,0,0,0,0,0,Low,1,0,0,0
2024-12-09,Thursday,Riyadh,No Holiday,,True,False,False,False,False,False,False,,FALSE,FALSE,FALSE,15.0,18.0,26,56,0,0,0,0,1,0,0,0,0,1,Low,1,0,0,0
,Friday,Riyadh,No Holiday,,False,False,False,False,False,False,False,,FALSE,FALSE,FALSE,14.0,17.0,27,55,0,0,0,0,1,0,0,0,0,1,Low,1,0,0,0
,Saturday,Riyadh,No Holiday,,False,False,False,False,False,False,False,,FALSE,FALSE,FALSE,13.0,16.0,28,54,0,0,0,0,1,0,0,0,0,1,Low,1,0,0,0
,Sunday,Riyadh,No Holiday,,True,False,False,False,False,False,False,Preimer League,FALSE,FALSE,FALSE,12.0,15.0,29,53,0,0,0,1,0,0,0,0,0,2,Low,1,0,0,0
,Monday,Riyadh,No Holiday,,True,False,False,False,False,False,False,,FALSE,FALSE,FALSE,11.0,14.0,30,52,0,0,0,0,0,0,0,0,0,0,Low,1,0,0,0
,Tuesday,Riyadh,No Holiday,,True,False,False,False,False,False,False,UEFA CL,FALSE,FALSE,FALSE,10.0,13.0,31,51,0,0,0,1,0,0,0,0,0,2,Low,1,0,0,0
,Wednesday,Riyadh,No Holiday,,True,False,False,False,False,False,False,UEFA CL,FALSE,FALSE,FALSE,9.0,12.0,32,50,0,0,0,1,0,0,0,0,0,2,Low,1,0,0,0
,Thursday,Riyadh,No Holiday,,True,False,False,False,False,False,False,"UEFA CL, KSA League",FALSE,FALSE,FALSE,8.0,11.0,33,49,0,0,0,1,1,0,0,0,0,3,Medium,1,0,0,0
,Friday,Riyadh,No Holiday,,False,False,False,False,False,False,False,,FALSE,FALSE,FALSE,7.0,10.0,34,48,0,0,0,0,1,0,0,0,0,1,Low,1,0,0,0
,Saturday,Riyadh,No Holiday,,False,False,False,False,False,False,False,KSA League,FALSE,FALSE,FALSE,6.0,9.0,35,47,0,0,0,1,1,0,0,0,0,3,Medium,1,0,0,0
,Sunday,Riyadh,No Holiday,,False,False,False,False,False,False,False,Preimer League,FALSE,FALSE,FALSE,5.0,8.0,36,46,0,0,0,1,0,0,0,0,0,2,Low,1,0,0,0
,Monday,Riyadh,Saudi National Day,Saudi National Day is a national holiday in Saudi Arabia,False,False,False,False,False,False,False,,FALSE,FALSE,FALSE,4.0,7.0,37,45,0,1,0,0,0,0,0,0,0,3,Medium,1,0,0,0
,Tuesday,Riyadh,No Holiday,,True,False,False,False,False,False,False,,FALSE,FALSE,FALSE,3.0,6.0,38,44,0,0,0,0,0,0,0,1,0,2,Low,1,0,0,0
,Wednesday,Riyadh,No Holiday,,True,False,False,False,False,False,False,,FALSE,FALSE,FALSE,2.0,5.0,39,43,0,0,0,0,0,0,0,1,0,2,Low,1,0,0,0
,Thursday,Riyadh,No Holiday,,True,False,True,False,False,False,False,,FALSE,FALSE,TRUE,31.0,4.0,40,42,1,0,0,0,1,0,1,1,0,6,High,0,0,1,0
,Friday,Riyadh,No Holiday,,False,False,False,False,False,False,False,,FALSE,FALSE,FALSE,30.0,3.0,41,41,0,0,0,0,1,0,0,1,0,3,Medium,1,0,0,0
,Saturday,Riyadh,No Holiday,,False,False,False,False,False,False,False,,FALSE,FALSE,FALSE,29.0,2.0,42,40,0,0,0,0,1,0,0,1,0,3,Medium,1,0,0,0
,Sunday,Riyadh,No Holiday,,True,False,False,False,False,False,False,"Preimer League, La liga",FALSE,FALSE,FALSE,28.0,1.0,43,39,0,0,0,1,0,0,0,1,0,4,Medium,1,0,0,0
,Monday,Riyadh,No Holiday,,True,False,False,False,False,False,False,,FALSE,FALSE,FALSE,27.0,0.0,44,38,0,0,0,0,0,0,0,1,0,2,Low,1,0,0,0
2024-01-10,Tuesday,Riyadh,No Holiday,,True,False,False,False,False,False,False,UEFA CL,FALSE,FALSE,FALSE,26.0,30.0,45,37,0,0,0,1,0,0,0,0,0,2,Low,1,0,0,0
2024-02-10,Wednesday,Riyadh,No Holiday,,True,False,False,False,False,False,False,UEFA CL,FALSE,FALSE,FALSE,25.0,29.0,46,36,0,0,0,1,0,0,0,0,0,2,Low,1,0,0,0
2024-03-10,Thursday,Riyadh,No Holiday,,True,False,False,False,False,False,False,,FALSE,FALSE,FALSE,24.0,28.0,47,35,0,0,0,0,1,0,0,0,0,1,Low,1,0,0,0
2024-04-10,Friday,Riyadh,No Holiday,,False,False,False,False,False,False,False,,FALSE,FALSE,FALSE,23.0,27.0,48,34,0,0,0,0,1,0,0,0,0,1,Low,1,0,0,0
2024-05-10,Saturday,Riyadh,No Holiday,,False,False,False,False,False,False,False,,FALSE,FALSE,FALSE,22.0,26.0,49,33,0,0,0,0,1,0,0,0,0,1,Low,1,0,0,0
2024-06-10,Sunday,Riyadh,No Holiday,,True,False,False,False,False,False,False,,FALSE,FALSE,FALSE,21.0,25.0,50,32,0,0,0,0,0,0,0,0,0,0,Low,1,0,0,0
2024-07-10,Monday,Riyadh,No Holiday,,True,False,False,False,False,False,False,,FALSE,FALSE,FALSE,20.0,24.0,51,31,0,0,0,0,0,0,0,0,0,0,Low,1,0,0,0
2024-08-10,Tuesday,Riyadh,No Holiday,,True,False,False,False,False,False,False,,FALSE,FALSE,FALSE,19.0,23.0,52,30,0,0,0,0,0,0,0,0,0,0,Low,1,0,0,0
2024-09-10,Wednesday,Riyadh,No Holiday,,True,False,False,False,False,False,False,,FALSE,FALSE,FALSE,18.0,22.0,53,29,0,0,0,0,0,0,0,0,0,0,Low,1,0,0,0
2024-10-10,Thursday,Riyadh,No Holiday,,True,False,False,False,False,False,False,World Cup,FALSE,FALSE,FALSE,17.0,21.0,54,28,0,0,0,1,1,0,0,0,0,3,Medium,1,0,0,0
2024-11-10,Friday,Riyadh,No Holiday,,False,False,False,False,False,False,False,,FALSE,FALSE,FALSE,16.0,20.0,55,27,0,0,0,0,1,0,0,0,0,1,Low,1,0,0,0
2024-12-10,Saturday,Riyadh,No Holiday,,False,False,False,False,False,False,False,,بدء موسم الرياض 2024,"توسعة مناطق الترفيه بنسبة 40%، وإضافة مناطق جديدة مثل ""THE VENUE"".",FALSE,15.0,19.0,56,26,0,0,1,0,1,0,0,0,0,4,Medium,1,0,0,0
,Sunday,Riyadh,No Holiday,,True,False,False,False,False,False,False,,FALSE,FALSE,FALSE,14.0,18.0,57,25,0,0,0,0,0,0,0,0,0,0,Low,1,0,0,0
,Monday,Riyadh,No Holiday,,True,False,False,False,False,False,False,,FALSE,FALSE,FALSE,13.0,17.0,58,24,0,0,0,0,0,0,0,0,0,0,Low,1,0,0,0
,Tuesday,Riyadh,No Holiday,,True,False,False,False,False,False,False,World Cup,FALSE,FALSE,FALSE,12.0,16.0,59,23,0,0,0,1,0,0,0,0,0,2,Low,1,0,0,0
,Wednesday,Riyadh,No Holiday,,True,False,False,False,False,False,False,,FALSE,FALSE,FALSE,11.0,15.0,60,22,0,0,0,0,0,0,0,0,0,0,Low,1,0,0,0
,Thursday,Riyadh,No Holiday,,False,False,False,False,False,False,False,,FALSE,FALSE,FALSE,10.0,14.0,61,21,0,0,0,0,1,0,0,0,0,1,Low,1,0,0,0
,Friday,Riyadh,No Holiday,,False,False,False,False,False,False,False,,FALSE,FALSE,FALSE,9.0,13.0,62,20,0,0,0,0,1,0,0,0,0,1,Low,1,0,0,0
,Saturday,Riyadh,No Holiday,,False,False,False,False,False,False,False,,FALSE,FALSE,FALSE,8.0,12.0,63,19,0,0,0,0,1,0,0,0,0,1,Low,1,0,0,0
,Sunday,Riyadh,No Holiday,,True,False,False,False,False,False,False,"Preimer League, La liga",FALSE,FALSE,FALSE,7.0,11.0,64,18,0,0,0,1,0,0,0,0,0,2,Low,1,0,0,0
,Monday,Riyadh,No Holiday,,True,False,False,False,False,False,False,,FALSE,FALSE,FALSE,6.0,10.0,65,17,0,0,0,0,0,0,0,0,0,0,Low,1,0,0,0
,Tuesday,Riyadh,No Holiday,,True,False,False,False,False,False,False,UEFA CL,FALSE,FALSE,FALSE,5.0,9.0,66,16,0,0,0,1,0,0,0,0,0,2,Low,1,0,0,0
,Wednesday,Riyadh,No Holiday,,True,False,True,True,False,False,False,UEFA CL,FALSE,FALSE,FALSE,4.0,8.0,67,15,0,0,0,1,0,0,1,0,0,3,Medium,0,0,1,0
,Thursday,Riyadh,No Holiday,,True,False,True,False,False,False,False,,"افتتاح مدينة ""سيكس فلاجز القدية""",أكبر مدينة ملاهي في العالم، مما جعلها نقطة جذب سياحي رئيسية.,FALSE,3.0,7.0,68,14,0,0,1,0,1,0,1,1,0,7,High,0,0,1,0
,Friday,Riyadh,No Holiday,,False,False,False,False,False,False,False,,FALSE,FALSE,FALSE,2.0,6.0,69,13,0,0,0,0,1,0,0,1,0,3,Medium,1,0,0,0
,Saturday,Riyadh,No Holiday,,False,False,False,False,False,False,False,La liga,FALSE,FALSE,FALSE,1.0,5.0,70,12,0,0,0,1,1,0,0,1,0,5,Medium,1,0,0,0
,Sunday,Riyadh,No Holiday,,True,False,False,False,False,False,False,Preimer League,FALSE,FALSE,TRUE,31.0,4.0,71,11,1,0,0,1,0,0,0,1,0,6,High,1,0,0,0
,Monday,Riyadh,No Holiday,,True,False,False,False,False,False,False,,FALSE,FALSE,FALSE,30.0,3.0,72,10,0,0,0,0,0,0,0,1,0,2,Low,1,0,0,0
,Tuesday,Riyadh,No Holiday,,True,False,False,False,False,False,False,,FALSE,FALSE,FALSE,29.0,2.0,73,9,0,0,0,0,0,0,0,1,0,2,Low,1,0,0,0
,Wednesday,Riyadh,No Holiday,,True,False,False,False,False,False,False,,FALSE,FALSE,FALSE,28.0,1.0,74,8,0,0,0,0,0,0,0,1,0,2,Low,1,0,0,0
,Thursday,Riyadh,No Holiday,,True,True,False,False,False,False,False,,FALSE,FALSE,FALSE,27.0,0.0,75,7,0,0,0,0,1,0,0,1,0,3,Medium,1,0,0,0
2024-01-11,Friday,Riyadh,No Holiday,,False,True,False,False,False,False,True,KSA League,FALSE,FALSE,FALSE,26.0,29.0,76,6,0,0,0,1,1,1,0,0,0,4,Medium,0,1,0,0
2024-02-11,Saturday,Riyadh,No Holiday,,False,False,False,False,False,False,False,,FALSE,FALSE,FALSE,25.0,28.0,77,5,0,0,0,0,1,0,0,0,0,1,Low,1,0,0,0
2024-03-11,Sunday,Riyadh,No Holiday,,True,False,False,False,False,False,False,Preimer League,FALSE,FALSE,FALSE,24.0,27.0,78,4,0,0,0,1,0,0,0,0,0,2,Low,1,0,0,0
2024-04-11,Monday,Riyadh,No Holiday,,True,False,False,False,False,False,False,,FALSE,FALSE,FALSE,23.0,26.0,79,3,0,0,0,0,0,0,0,0,0,0,Low,1,0,0,0
2024-05-11,Tuesday,Riyadh,No Holiday,,True,False,False,False,False,False,False,UEFA CL,FALSE,FALSE,FALSE,22.0,25.0,80,2,0,0,0,1,0,0,0,0,0,2,Low,1,0,0,0
2024-06-11,Wednesday,Riyadh,No Holiday,,True,False,False,False,False,False,False,UEFA CL,FALSE,FALSE,FALSE,21.0,24.0,81,1,0,0,0,1,0,0,0,0,0,2,Low,1,0,0,0
2024-07-11,Thursday,Riyadh,No Holiday,,False,False,False,False,False,False,False,,FALSE,FALSE,FALSE,20.0,23.0,Vacation	,Vacation,0,0,0,0,1,0,0,0,0,1,Low,1,0,0,0
2024-08-11,Friday,Riyadh,No Holiday,,False,False,False,False,False,False,False,,FALSE,FALSE,FALSE,19.0,22.0,Vacation	,Vacation,0,0,0,0,1,0,0,0,0,1,Low,1,0,0,0
2024-09-11,Saturday,Riyadh,No Holiday,,False,False,False,False,False,False,False,,FALSE,FALSE,FALSE,18.0,21.0,Vacation	,Vacation,0,0,0,0,1,0,0,0,0,1,Low,1,0,0,0
2024-10-11,Sunday,Riyadh,No Holiday,,False,False,False,False,False,False,False,Preimer League,FALSE,FALSE,FALSE,17.0,20.0,Vacation	,Vacation,0,0,0,1,0,0,0,0,0,2,Low,1,0,0,0
2024-11-11,Monday,Riyadh,No Holiday,,False,False,False,False,False,False,False,,القمة العربية الإسلامية الاستثنائية الثانية,"امتداد للقمة السابقة، ناقشت تصعيد العدوان الإسرائيلي في لبنان وغزة، وحضرها ممثلون عن 57 دولة إسلامية و22 دولة عربية. ركزت على الدعوة لوقف ""الإبادة الجماعية"" في غزة وتقديم دعم مالي وسياسي لفلسطين ولبنان.",FALSE,16.0,19.0,Vacation	,Vacation,0,0,1,0,0,0,0,0,0,3,Medium,1,0,0,0
2024-12-11,Tuesday,Riyadh,No Holiday,,False,False,False,False,False,False,False,,FALSE,FALSE,FALSE,15.0,18.0,Vacation	,Vacation,0,0,0,0,0,0,0,0,0,0,Low,1,0,0,0
,Wednesday,Riyadh,No Holiday,,False,False,False,False,False,False,False,,FALSE,FALSE,FALSE,14.0,17.0,Vacation	,Vacation,0,0,0,0,0,0,0,0,0,0,Low,1,0,0,0
,Thursday,Riyadh,No Holiday,,False,False,False,False,False,False,False,World Cup,FALSE,FALSE,FALSE,13.0,16.0,Vacation	,Vacation,0,0,0,1,1,0,0,0,0,3,Medium,1,0,0,0
,Friday,Riyadh,No Holiday,,False,False,False,False,False,False,False,,FALSE,FALSE,FALSE,12.0,15.0,Vacation	,Vacation,0,0,0,0,1,0,0,0,0,1,Low,1,0,0,0
,Saturday,Riyadh,No Holiday,,False,False,False,False,False,False,False,,FALSE,FALSE,FALSE,11.0,14.0,Vacation	,Vacation,0,0,0,0,1,0,0,0,0,1,Low,1,0,0,0
,Sunday,Riyadh,No Holiday,,True,False,False,False,False,False,False,,FALSE,FALSE,FALSE,10.0,13.0,1,95,0,0,0,0,0,0,0,0,0,0,Low,1,0,0,0
,Monday,Riyadh,No Holiday,,True,False,False,False,False,False,False,,FALSE,FALSE,FALSE,9.0,12.0,2,94,0,0,0,0,0,0,0,0,0,0,Low,1,0,0,0
,Tuesday,Riyadh,No Holiday,,True,False,False,False,False,False,False,World Cup,FALSE,FALSE,FALSE,8.0,11.0,3,93,0,0,0,1,0,0,0,0,0,2,Low,1,0,0,0
,Wednesday,Riyadh,No Holiday,,True,False,False,False,False,False,False,,FALSE,FALSE,FALSE,7.0,10.0,4,92,0,0,0,0,0,0,0,0,0,0,Low,1,0,0,0
,Thursday,Riyadh,No Holiday,,True,False,False,False,False,False,False,,FALSE,FALSE,FALSE,6.0,9.0,5,91,0,0,0,0,1,0,0,0,0,1,Low,1,0,0,0
,Friday,Riyadh,No Holiday,,False,False,False,False,False,False,False,,FALSE,FALSE,FALSE,5.0,8.0,6,90,0,0,0,0,1,0,0,0,0,1,Low,1,0,0,0
,Saturday,Riyadh,No Holiday,,False,False,False,False,False,False,False,Preimer League,FALSE,FALSE,FALSE,4.0,7.0,7,89,0,0,0,1,1,0,0,0,0,3,Medium,1,0,0,0
,Sunday,Riyadh,No Holiday,,True,False,False,False,False,False,False,,FALSE,FALSE,FALSE,3.0,6.0,8,88,0,0,0,0,0,0,0,1,0,2,Low,1,0,0,0
,Monday,Riyadh,No Holiday,,True,False,False,False,False,False,False,,FALSE,FALSE,FALSE,2.0,5.0,9,87,0,0,0,0,0,0,0,1,0,2,Low,1,0,0,0
,Tuesday,Riyadh,No Holiday,,True,False,False,False,False,False,False,UEFA CL,FALSE,FALSE,FALSE,1.0,4.0,10,86,0,0,0,1,0,0,0,1,0,4,Medium,1,0,0,0
,Wednesday,Riyadh,No Holiday,,True,False,False,True,False,True,False,UEFA CL,FALSE,FALSE,TRUE,31.0,3.0,11,85,1,0,0,1,0,0,1,1,0,8,High,0,1,1,0
,Thursday,Riyadh,No Holiday,,True,False,False,False,False,False,True,,FALSE,FALSE,FALSE,30.0,2.0,12,84,0,0,0,0,1,1,0,1,0,4,Medium,0,1,0,0
,Friday,Riyadh,No Holiday,,False,False,False,False,False,False,False,,FALSE,FALSE,FALSE,29.0,1.0,13,83,0,0,0,0,1,0,0,1,0,3,Medium,1,0,0,0
,Saturday,Riyadh,No Holiday,,False,False,False,False,False,False,False,,FALSE,FALSE,FALSE,28.0,0.0,14,82,0,0,0,0,1,0,0,1,0,3,Medium,1,0,0,0
2024-01-12,Sunday,Riyadh,No Holiday,,True,False,False,False,False,False,False,Preimer League,FALSE,FALSE,FALSE,27.0,30.0,15,81,0,0,0,1,0,0,0,0,0,2,Low,1,0,0,0
2024-02-12,Monday,Riyadh,No Holiday,,True,False,False,False,False,False,False,,FALSE,FALSE,FALSE,26.0,29.0,16,80,0,0,0,0,0,0,0,0,0,0,Low,1,0,0,0
2024-03-12,Tuesday,Riyadh,No Holiday,,True,False,False,False,False,False,False,,FALSE,FALSE,FALSE,25.0,28.0,17,79,0,0,0,0,0,0,0,0,0,0,Low,1,0,0,0
2024-04-12,Wednesday,Riyadh,No Holiday,,True,False,False,False,False,False,False,Preimer League,FALSE,FALSE,FALSE,24.0,27.0,18,78,0,0,0,1,0,0,0,0,0,2,Low,1,0,0,0
2024-05-12,Thursday,Riyadh,No Holiday,,True,False,False,False,False,False,False,,FALSE,FALSE,FALSE,23.0,26.0,19,77,0,0,0,0,1,0,0,0,0,1,Low,1,0,0,0
2024-06-12,Friday,Riyadh,No Holiday,,False,False,False,False,False,False,False,KSA League,FALSE,FALSE,FALSE,22.0,25.0,20,76,0,0,0,1,1,0,0,0,0,3,Medium,1,0,0,0
2024-07-12,Saturday,Riyadh,No Holiday,,False,False,False,False,False,True,False,,FALSE,FALSE,FALSE,21.0,24.0,21,75,0,0,0,0,1,0,0,0,0,2,Low,0,1,0,0
2024-08-12,Sunday,Riyadh,No Holiday,,True,False,False,False,False,False,False,Preimer League,FALSE,FALSE,FALSE,20.0,23.0,22,74,0,0,0,1,0,0,0,0,0,2,Low,1,0,0,0
2024-09-12,Monday,Riyadh,No Holiday,,True,False,False,False,False,False,False,,FALSE,FALSE,FALSE,19.0,22.0,23,73,0,0,0,0,0,0,0,0,0,0,Low,1,0,0,0
2024-10-12,Tuesday,Riyadh,No Holiday,,True,False,False,False,False,False,False,UEFA CL,FALSE,FALSE,FALSE,18.0,21.0,24,72,0,0,0,1,0,0,0,0,0,2,Low,1,0,0,0
2024-11-12,Wednesday,Riyadh,No Holiday,,False,False,False,False,False,False,False,UEFA CL,FALSE,FALSE,FALSE,17.0,20.0,25,71,0,0,0,1,0,0,0,0,0,2,Low,1,0,0,0
2024-12-12,Thursday,Riyadh,No Holiday,,False,False,False,False,False,False,False,,FALSE,FALSE,FALSE,16.0,19.0,26,70,0,0,0,0,1,0,0,0,0,1,Low,1,0,0,0
,Friday,Riyadh,No Holiday,,False,False,False,False,False,False,False,,FALSE,FALSE,FALSE,15.0,18.0,27,69,0,0,0,0,1,0,0,0,0,1,Low,1,0,0,0
,Saturday,Riyadh,No Holiday,,False,False,False,False,False,False,False,,FALSE,FALSE,FALSE,14.0,17.0,28,68,0,0,0,0,1,0,0,0,0,1,Low,1,0,0,0
,Sunday,Riyadh,No Holiday,,True,False,False,False,False,False,False,Preimer League,FALSE,FALSE,FALSE,13.0,16.0,29,67,0,0,0,1,0,0,0,0,0,2,Low,1,0,0,0
,Monday,Riyadh,No Holiday,,True,False,False,False,False,False,False,,FALSE,FALSE,FALSE,12.0,15.0,30,66,0,0,0,0,0,0,0,0,0,0,Low,1,0,0,0
,Tuesday,Riyadh,No Holiday,,True,False,False,False,False,False,False,,FALSE,FALSE,FALSE,11.0,14.0,31,65,0,0,0,0,0,0,0,0,0,0,Low,1,0,0,0
,Wednesday,Riyadh,No Holiday,,True,False,False,False,False,False,False,,FALSE,FALSE,FALSE,10.0,13.0,32,64,0,0,0,0,0,0,0,0,0,0,Low,1,0,0,0
,Thursday,Riyadh,No Holiday,,True,False,False,False,False,False,False,,FALSE,FALSE,FALSE,9.0,12.0,33,63,0,0,0,0,1,0,0,0,0,1,Low,1,0,0,0
,Friday,Riyadh,No Holiday,,False,False,False,False,False,False,False,,FALSE,FALSE,FALSE,8.0,11.0,34,62,0,0,0,0,1,0,0,0,0,1,Low,1,0,0,0
,Saturday,Riyadh,No Holiday,,False,False,False,False,False,False,False,"La liga, Gulf Cup",FALSE,FALSE,FALSE,7.0,10.0,35,61,0,0,0,1,1,0,0,0,0,3,Medium,1,0,0,0
,Sunday,Riyadh,No Holiday,,True,False,False,False,False,False,False,"Preimer League, La liga, Gulf Cup",FALSE,FALSE,FALSE,6.0,9.0,36,60,0,0,0,1,0,0,0,0,0,2,Low,1,0,0,0
,Monday,Riyadh,No Holiday,,True,False,False,False,False,False,False,,FALSE,FALSE,FALSE,5.0,8.0,37,59,0,0,0,0,0,0,0,0,0,0,Low,1,0,0,0
,Tuesday,Riyadh,No Holiday,,True,False,False,False,False,False,False,Gulf Cup,FALSE,FALSE,FALSE,4.0,7.0,38,58,0,0,0,1,0,0,0,0,0,2,Low,1,0,0,0
,Wednesday,Riyadh,No Holiday,,True,False,False,False,False,False,False,Gulf Cup,FALSE,FALSE,FALSE,3.0,6.0,39,57,0,0,0,1,0,0,0,1,0,4,Medium,1,0,0,0
,Thursday,Riyadh,No Holiday,,True,False,False,False,False,False,False,,FALSE,FALSE,TRUE,31.0,5.0,40,56,1,0,0,0,1,0,0,1,0,5,Medium,1,0,0,0
,Friday,Riyadh,No Holiday,,False,False,False,False,False,False,False,Gulf Cup,FALSE,FALSE,FALSE,30.0,4.0,41,55,0,0,0,1,1,0,0,1,0,5,Medium,1,0,0,0
,Saturday,Riyadh,No Holiday,,False,False,False,False,False,False,False,Gulf Cup,FALSE,FALSE,FALSE,29.0,3.0,42,54,0,0,0,1,1,0,0,1,0,5,Medium,1,0,0,0
,Sunday,Riyadh,No Holiday,,True,False,False,False,False,False,False,,FALSE,FALSE,FALSE,28.0,2.0,43,53,0,0,0,0,0,0,0,1,0,2,Low,1,0,0,0
,Monday,Riyadh,No Holiday,,True,False,False,False,False,False,False,,FALSE,FALSE,FALSE,27.0,1.0,44,52,0,0,0,0,0,0,0,1,0,2,Low,1,0,0,0
,Tuesday,Riyadh,No Holiday,,True,False,False,False,False,False,False,Gulf Cup,FALSE,FALSE,FALSE,26.0,0.0,45,51,0,0,0,1,0,0,0,1,0,4,Medium,1,0,0,0
2025-01-01,Wednesday,Riyadh,No Holiday,,True,False,False,False,False,False,False,,FALSE,FALSE,-,25.0,30.0,46,50,0,0,0,0,0,0,0,0,0,0,Low,1,0,0,0
2025-02-01,Thursday,Riyadh,No Holiday,,True,False,False,False,False,False,False,,FALSE,FALSE,-,24.0,29.0,47,49,0,0,0,0,1,0,0,0,0,1,Low,1,0,0,0
2025-03-01,Friday,Riyadh,No Holiday,,False,False,False,False,False,False,False,,FALSE,FALSE,-,23.0,28.0,48,48,0,0,0,0,1,0,0,0,0,1,Low,1,0,0,0
2025-04-01,Saturday,Riyadh,No Holiday,,False,False,False,False,False,False,False,Gulf Cup,FALSE,FALSE,-,22.0,27.0,49,47,0,0,0,1,1,0,0,0,0,3,Medium,1,0,0,0
2025-05-01,Sunday,Riyadh,No Holiday,,False,False,False,False,False,False,False,Preimer League,افتتاح المسار البرتقالي لقطار الرياض,تعزيز شبكة النقل العام وتسهيل حركة السكان والزوار.,-,21.0,26.0,50,46,0,0,1,1,0,0,0,0,0,5,Medium,1,0,0,0
2025-06-01,Monday,Riyadh,No Holiday,,False,False,True,False,False,False,False,,FALSE,FALSE,-,20.0,25.0,51,45,0,0,0,0,0,0,1,0,0,1,Low,0,0,1,0
2025-07-01,Tuesday,Riyadh,No Holiday,,False,False,False,False,False,False,False,KSA League,FALSE,FALSE,-,19.0,24.0,52,44,0,0,0,1,0,0,0,0,0,2,Low,1,0,0,0
2025-08-01,Wednesday,Riyadh,No Holiday,,False,False,False,False,False,False,False,,FALSE,FALSE,-,18.0,23.0,53,43,0,0,0,0,0,0,0,0,0,0,Low,1,0,0,0
2025-09-01,Thursday,Riyadh,No Holiday,,False,False,False,False,False,True,False,,FALSE,FALSE,-,17.0,22.0,54,42,0,0,0,0,1,0,0,0,0,2,Low,0,1,0,0
2025-10-01,Friday,Riyadh,No Holiday,,False,False,False,False,False,False,False,,FALSE,FALSE,-,16.0,21.0,55,41,0,0,0,0,1,0,0,0,0,1,Low,1,0,0,0
2025-11-01,Saturday,Riyadh,No Holiday,,False,False,False,False,False,False,False,,FALSE,FALSE,-,15.0,20.0,56,40,0,0,0,0,1,0,0,0,0,1,Low,1,0,0,0
2025-12-01,Sunday,Riyadh,No Holiday,,True,True,False,False,False,False,True,,FALSE,FALSE,-,14.0,19.0,57,39,0,0,0,0,0,1,0,0,0,1,Low,0,1,0,0
,Monday,Riyadh,No Holiday,,True,False,False,False,False,False,False,,FALSE,FALSE,-,13.0,18.0,58,38,0,0,0,0,0,0,0,0,0,0,Low,1,0,0,0
,Tuesday,Riyadh,No Holiday,,True,False,False,False,False,False,False,,FALSE,FALSE,-,12.0,17.0,59,37,0,0,0,0,0,0,0,0,0,0,Low,1,0,0,0
,Wednesday,Riyadh,No Holiday,,True,False,False,False,False,False,False,Preimer League,FALSE,FALSE,-,11.0,16.0,60,36,0,0,0,1,0,0,0,0,0,2,Low,1,0,0,0
,Thursday,Riyadh,No Holiday,,True,False,False,False,False,False,False,,FALSE,FALSE,-,10.0,15.0,61,35,0,0,0,0,1,0,0,0,0,1,Low,1,0,0,0
,Friday,Riyadh,No Holiday,,False,False,False,False,False,False,False,,FALSE,FALSE,-,9.0,14.0,62,34,0,0,0,0,1,0,0,0,0,1,Low,1,0,0,0
,Saturday,Riyadh,No Holiday,,False,False,False,False,False,False,False,,FALSE,FALSE,-,8.0,13.0,63,33,0,0,0,0,1,0,0,0,0,1,Low,1,0,0,0
,Sunday,Riyadh,No Holiday,,True,False,False,False,False,False,False,,FALSE,FALSE,-,7.0,12.0,64,32,0,0,0,0,0,0,0,0,0,0,Low,1,0,0,0
,Monday,Riyadh,No Holiday,,True,False,False,False,False,False,False,,FALSE,FALSE,-,6.0,11.0,65,31,0,0,0,0,0,0,0,0,0,0,Low,1,0,0,0
,Tuesday,Riyadh,No Holiday,,True,False,False,False,False,False,False,UEFA CL,FALSE,FALSE,-,5.0,10.0,66,30,0,0,0,1,0,0,0,0,0,2,Low,1,0,0,0
,Wednesday,Riyadh,No Holiday,,True,False,False,False,False,False,False,UEFA CL,FALSE,FALSE,-,4.0,9.0,67,29,0,0,0,1,0,0,0,0,0,2,Low,1,0,0,0
,Thursday,Riyadh,No Holiday,,True,False,False,False,False,False,False,,FALSE,FALSE,-,3.0,8.0,68,28,0,0,0,0,1,0,0,1,0,3,Medium,1,0,0,0
,Friday,Riyadh,No Holiday,,False,False,False,False,False,False,False,,FALSE,FALSE,-,2.0,7.0,69,27,0,0,0,0,1,0,0,1,0,3,Medium,1,0,0,0
,Saturday,Riyadh,No Holiday,,False,False,False,False,False,False,False,Preimer League,FALSE,FALSE,-,1.0,6.0,70,26,0,0,0,1,1,0,0,1,0,5,Medium,1,0,0,0
,Sunday,Riyadh,No Holiday,,True,True,False,False,False,False,False,,FALSE,FALSE,-,0.0,5.0,71,25,0,0,0,0,0,0,0,1,0,2,Low,1,0,0,0
,Monday,Riyadh,No Holiday,,True,False,False,False,False,True,False,,"إطلاق مشاريع ضخمة مثل ""حديقة الملك سلمان"" و""وادي السلي""",تحسين البنية التحتية والمساحات الخضراء، مما يعزز جودة الحياة في الرياض.,-,,4.0,72,24,0,0,1,0,0,0,0,1,0,6,High,0,1,0,0
,Tuesday,Riyadh,No Holiday,,True,False,False,False,False,True,False,,FALSE,FALSE,-,,3.0,73,23,0,0,0,0,0,0,0,1,0,3,Medium,0,1,0,0
,Wednesday,Riyadh,No Holiday,,True,,False,False,False,False,False,UEFA CL,FALSE,FALSE,-,,2.0,74,22,0,0,0,1,0,0,0,1,0,4,Medium,1,0,0,0
,Thursday,Riyadh,No Holiday,,True,,False,False,False,False,False,,FALSE,FALSE,-,,1.0,75,21,0,0,0,0,1,0,0,1,0,3,Medium,1,0,0,0
,Friday,Riyadh,No Holiday,,False,,False,False,False,False,False,,FALSE,FALSE,-,,0.0,76,20,0,0,0,0,1,0,0,1,0,3,Medium,1,0,0,0
2025-01-02,Saturday,Riyadh,No Holiday,,False,,False,False,False,False,False,,"فعالية ""ليلة صوت الأرض"" تكريمًا للفنان طلال مداح",زيادة الاهتمام بالفنون والثقافة المحلية، مع مشاركة نجوم عالميين.,-,,,77,19,0,0,1,0,1,0,0,0,0,4,Medium,1,0,0,0
2025-02-02,Sunday,Riyadh,No Holiday,,True,,False,False,False,False,False,Preimer League,FALSE,FALSE,-,,,78,18,0,0,0,1,0,0,0,0,0,2,Low,1,0,0,0
2025-03-02,Monday,Riyadh,No Holiday,,True,,False,False,False,False,False,,FALSE,FALSE,-,,,79,17,0,0,0,0,0,0,0,0,0,0,Low,1,0,0,0
2025-04-02,Tuesday,Riyadh,No Holiday,,True,,False,False,False,False,False,,FALSE,FALSE,-,,,80,16,0,0,0,0,0,0,0,0,0,0,Low,1,0,0,0
2025-05-02,Wednesday,Riyadh,No Holiday,,True,,False,False,False,False,False,,FALSE,FALSE,-,,,81,15,0,0,0,0,0,0,0,0,0,0,Low,1,0,0,0
2025-06-02,Thursday,Riyadh,No Holiday,,True,,False,False,False,False,False,,FALSE,FALSE,-,,,82,14,0,0,0,0,1,0,0,0,0,1,Low,1,0,0,0
2025-07-02,Friday,Riyadh,No Holiday,,False,,False,False,False,False,False,,FALSE,FALSE,-,,,83,13,0,0,0,0,1,0,0,0,0,1,Low,1,0,0,0
2025-08-02,Saturday,Riyadh,No Holiday,,False,,False,False,False,False,False,La liga,FALSE,FALSE,-,,,84,12,0,0,0,1,1,0,0,0,0,3,Medium,1,0,0,0
2025-09-02,Sunday,Riyadh,No Holiday,,True,,False,False,False,False,False,La liga,FALSE,FALSE,-,,,85,11,0,0,0,1,0,0,0,0,0,2,Low,1,0,0,0
2025-10-02,Monday,Riyadh,No Holiday,,True,,False,False,False,False,False,,FALSE,FALSE,-,,,86,10,0,0,0,0,0,0,0,0,0,0,Low,1,0,0,0
2025-11-02,Tuesday,Riyadh,No Holiday,,True,,False,False,False,False,False,,FALSE,FALSE,-,,,87,9,0,0,0,0,0,0,0,0,0,0,Low,1,0,0,0
