DateG,DateH,Day,City,Holiday Name,Type of Public Holiday,School,Cloudy,Widespread Dust,Blowing Dust,Fog,Mist,Rain,Comments,Match,Event,Effect on City,Link Source,Pay Day,days till next payday,days after payday,days after school,days before school,Semesters
01/01/2022,28/05/1443,Saturday,Riyadh,No Holiday,,FALSE,FALSE,FALSE,FALSE,TRUE,FALSE,TRUE,Arsenal vs Man City,"Preimer League, KSA League",FALSE,FALSE,FALSE,FALSE,26,30,Vacation,Vacation,
02/01/2022,29/05/1443,Sunday,Riyadh,No Holiday,,TRUE,FALSE,FALSE,FALSE,TRUE,FALSE,TRUE,Chelsea vs Liverpool,Preimer League,FALSE,FALSE,FALSE,FALSE,25,29,Vacation,Vacation,
03/01/2022,30/05/1443,Monday,Riyadh,No Holiday,,TRUE,FALSE,FALSE,FALSE,FALSE,FALSE,FALSE,,,FALSE,FALSE,FALSE,FALSE,24,28,Vacation,Vacation,
04/01/2022,1/6/1443,Tuesday,Riyadh,No Holiday,,TRUE,FALSE,FALSE,FALSE,FALSE,FALSE,FALSE,,,FALSE,FALSE,FALSE,FALSE,23,27,Vacation,Vacation,
05/01/2022,2/6/1443,Wednesday,Riyadh,No Holiday,,TRUE,FALSE,FALSE,FALSE,FALSE,FALSE,FALSE,Chelsea vs Tottenham,Preimer League,FALSE,FALSE,FALSE,FALSE,22,26,Vacation,Vacation,
06/01/2022,3/6/1443,Thursday,Riyadh,No Holiday,,FALSE,FALSE,FALSE,FALSE,FALSE,FALSE,FALSE,"Al-Hilal - Al-Faisaly, King Fahd Stadium",KSA League,FALSE,FALSE,FALSE,FALSE,21,25,Vacation,Vacation,
07/01/2022,4/6/1443,Friday,Riyadh,No Holiday,,FALSE,FALSE,FALSE,FALSE,FALSE,FALSE,FALSE,,,FALSE,FALSE,FALSE,FALSE,20,24,Vacation,Vacation,
08/01/2022,5/6/1443,Saturday,Riyadh,No Holiday,,FALSE,FALSE,FALSE,FALSE,FALSE,FALSE,FALSE,,,FALSE,FALSE,FALSE,FALSE,19,23,Vacation,Vacation,
09/01/2022,6/6/1443,Sunday,Riyadh,No Holiday,,FALSE,FALSE,FALSE,FALSE,FALSE,FALSE,FALSE,,,FALSE,FALSE,FALSE,FALSE,18,22,Vacation,Vacation,
10/01/2022,7/6/1443,Monday,Riyadh,No Holiday,,FALSE,FALSE,FALSE,FALSE,FALSE,FALSE,FALSE,,,FALSE,FALSE,FALSE,FALSE,17,21,Vacation,Vacation,
11/01/2022,8/6/1443,Tuesday,Riyadh,No Holiday,,FALSE,FALSE,FALSE,FALSE,FALSE,FALSE,FALSE,,,FALSE,FALSE,FALSE,FALSE,16,20,Vacation,Vacation,
12/01/2022,9/6/1443,Wednesday,Riyadh,No Holiday,,FALSE,FALSE,FALSE,FALSE,FALSE,FALSE,FALSE,"King Fahd International Stadium, Riyadh, FC Barcelona vs. Real Madrid, Score: 2:3, Audience: 60,243","Preimer League, La liga",FALSE,FALSE,FALSE,FALSE,15,19,Vacation,Vacation,
13/01/2022,10/6/1443,Thursday,Riyadh,No Holiday,,FALSE,FALSE,FALSE,FALSE,FALSE,FALSE,FALSE,Arsenal vs Liverpool,Preimer League,FALSE,FALSE,FALSE,FALSE,14,18,Vacation,Vacation,
14/01/2022,11/6/1443,Friday,Riyadh,No Holiday,,FALSE,FALSE,TRUE,TRUE,FALSE,FALSE,TRUE,,,الحفلة الكورية (ستراي كيدز – تشونغها),حفلة لفرقة ستراي كيدز والمغنية تشونغها، تستهدف محبي الموسيقى الكورية في بوليفارد الرياض,رابط,FALSE,13,17,Vacation,Vacation,
15/01/2022,12/6/1443,Saturday,Riyadh,No Holiday,,FALSE,FALSE,TRUE,FALSE,TRUE,FALSE,TRUE,Man City vs Chelsea,Preimer League,FALSE,FALSE,FALSE,FALSE,12,16,Vacation,Vacation,
16/01/2022,13/06/1443,Sunday,Riyadh,No Holiday,,TRUE,FALSE,FALSE,FALSE,TRUE,FALSE,FALSE,"Real Madrid vs Athletic Bilbao, King Fahd International Stadium, Riyadh, Score: Real Madrid 2–0 Athletic Bilbao, Attendance: 58,398",La liga,FALSE,FALSE,FALSE,FALSE,11,15,1,53,2 - 1443
17/01/2022,14/06/1443,Monday,Riyadh,No Holiday,,TRUE,FALSE,FALSE,FALSE,FALSE,FALSE,FALSE,,,FALSE,FALSE,FALSE,FALSE,10,14,2,52,
18/01/2022,15/06/1443,Tuesday,Riyadh,No Holiday,,TRUE,TRUE,FALSE,FALSE,TRUE,FALSE,TRUE,,,FALSE,FALSE,FALSE,FALSE,9,13,3,51,
19/01/2022,16/06/1443,Wednesday,Riyadh,No Holiday,,TRUE,TRUE,FALSE,FALSE,FALSE,FALSE,FALSE,,,FALSE,FALSE,FALSE,FALSE,8,12,4,50,
20/01/2022,17/06/1443,Thursday,Riyadh,No Holiday,,TRUE,FALSE,FALSE,TRUE,FALSE,FALSE,FALSE,Arsenal vs Liverpool,Preimer League,FALSE,FALSE,FALSE,FALSE,7,11,5,49,
21/01/2022,18/06/1443,Friday,Riyadh,No Holiday,,FALSE,FALSE,TRUE,TRUE,FALSE,FALSE,FALSE,,KSA League,FALSE,FALSE,FALSE,FALSE,6,10,6,48,
22/01/2022,19/06/1443,Saturday,Riyadh,No Holiday,,FALSE,FALSE,FALSE,FALSE,FALSE,FALSE,FALSE,,,FALSE,FALSE,FALSE,FALSE,5,9,7,47,
23/01/2022,20/06/1443,Sunday,Riyadh,No Holiday,,TRUE,FALSE,FALSE,FALSE,FALSE,FALSE,FALSE,Chelsea vs Tottenham,Preimer League,FALSE,FALSE,FALSE,FALSE,4,8,8,46,
24/01/2022,21/06/1443,Monday,Riyadh,No Holiday,,TRUE,FALSE,FALSE,FALSE,FALSE,FALSE,FALSE,,,FALSE,FALSE,FALSE,FALSE,3,7,9,45,
25/01/2022,22/06/1443,Tuesday,Riyadh,No Holiday,,TRUE,FALSE,FALSE,FALSE,FALSE,FALSE,FALSE,,,FALSE,FALSE,FALSE,FALSE,2,6,10,44,
26/01/2022,23/06/1443,Wednesday,Riyadh,No Holiday,,TRUE,FALSE,TRUE,FALSE,FALSE,FALSE,FALSE,,,FALSE,FALSE,FALSE,FALSE,1,5,11,43,
27/01/2022,24/06/1443,Thursday,Riyadh,No Holiday,,TRUE,FALSE,TRUE,TRUE,FALSE,FALSE,FALSE,"Stadium: King Abdullah Sports City, Jeddah, Score: Saudi Arabia 1–0 Oman, Attendance: 47,364",World Cup,FALSE,FALSE,FALSE,TRUE,31,4,12,42,
28/01/2022,25/06/1443,Friday,Riyadh,No Holiday,,FALSE,FALSE,TRUE,TRUE,FALSE,FALSE,FALSE,,,FALSE,FALSE,FALSE,FALSE,30,3,13,41,
29/01/2022,26/06/1443,Saturday,Riyadh,No Holiday,,FALSE,FALSE,FALSE,FALSE,FALSE,FALSE,FALSE,,,FALSE,FALSE,FALSE,FALSE,29,2,14,40,
30/01/2022,27/06/1443,Sunday,Riyadh,No Holiday,,TRUE,FALSE,TRUE,FALSE,FALSE,FALSE,FALSE,,,FALSE,FALSE,FALSE,FALSE,28,1,15,39,
31/01/2022,28/06/1443,Monday,Riyadh,No Holiday,,TRUE,FALSE,FALSE,FALSE,FALSE,FALSE,FALSE,,,FALSE,FALSE,FALSE,FALSE,27,0,16,38,
01/02/2022,29/06/1443,Tuesday,Riyadh,No Holiday,,TRUE,FALSE,FALSE,FALSE,FALSE,FALSE,FALSE,,World Cup,FALSE,FALSE,FALSE,FALSE,26,27,17,37,
02/02/2022,1/7/1443,Wednesday,Riyadh,No Holiday,,FALSE,FALSE,FALSE,FALSE,FALSE,FALSE,FALSE,,,FALSE,FALSE,FALSE,FALSE,25,26,18,36,
03/02/2022,2/7/1443,Thursday,Riyadh,No Holiday,,FALSE,FALSE,FALSE,FALSE,FALSE,FALSE,FALSE,,,FALSE,FALSE,FALSE,FALSE,24,25,19,35,
04/02/2022,3/7/1443,Friday,Riyadh,No Holiday,,FALSE,FALSE,FALSE,FALSE,FALSE,FALSE,FALSE,,,FALSE,FALSE,FALSE,FALSE,23,24,20,34,
05/02/2022,4/7/1443,Saturday,Riyadh,No Holiday,,FALSE,FALSE,FALSE,FALSE,FALSE,FALSE,FALSE,,KSA League,FALSE,FALSE,FALSE,FALSE,22,23,21,33,
06/02/2022,5/7/1443,Sunday,Riyadh,No Holiday,,TRUE,FALSE,FALSE,FALSE,FALSE,FALSE,FALSE,,"KSA League, La liga",FALSE,FALSE,FALSE,FALSE,21,22,22,32,
07/02/2022,6/7/1443,Monday,Riyadh,No Holiday,,TRUE,FALSE,FALSE,FALSE,FALSE,FALSE,FALSE,,,FALSE,FALSE,FALSE,FALSE,20,21,23,31,
08/02/2022,7/7/1443,Tuesday,Riyadh,No Holiday,,TRUE,FALSE,FALSE,FALSE,FALSE,FALSE,FALSE,,,FALSE,FALSE,FALSE,FALSE,19,20,24,30,
09/02/2022,8/7/1443,Wednesday,Riyadh,No Holiday,,TRUE,FALSE,FALSE,FALSE,FALSE,FALSE,FALSE,,,FALSE,FALSE,FALSE,FALSE,18,19,25,29,
10/02/2022,9/7/1443,Thursday,Riyadh,No Holiday,,TRUE,FALSE,FALSE,FALSE,FALSE,FALSE,FALSE,,,FALSE,FALSE,FALSE,FALSE,17,18,26,28,
11/02/2022,10/7/1443,Friday,Riyadh,No Holiday,,FALSE,FALSE,FALSE,FALSE,FALSE,FALSE,FALSE,Al Nassr vs Al Ittihad,KSA League,FALSE,FALSE,FALSE,FALSE,16,17,27,27,
12/02/2022,11/7/1443,Saturday,Riyadh,No Holiday,,FALSE,FALSE,FALSE,FALSE,FALSE,FALSE,FALSE,,,FALSE,FALSE,FALSE,FALSE,15,16,28,26,
13/02/2022,12/7/1443,Sunday,Riyadh,No Holiday,,TRUE,FALSE,FALSE,FALSE,FALSE,FALSE,FALSE,,,FALSE,FALSE,FALSE,FALSE,14,15,29,25,
14/02/2022,13/07/1443,Monday,Riyadh,No Holiday,,TRUE,FALSE,FALSE,FALSE,FALSE,FALSE,FALSE,,,FALSE,FALSE,FALSE,FALSE,13,14,30,24,
15/02/2022,14/07/1443,Tuesday,Riyadh,No Holiday,,TRUE,FALSE,FALSE,FALSE,FALSE,FALSE,FALSE,,UEFA CL,FALSE,FALSE,FALSE,FALSE,12,13,31,23,
16/02/2022,15/07/1443,Wednesday,Riyadh,No Holiday,,TRUE,FALSE,FALSE,FALSE,FALSE,FALSE,FALSE,,UEFA CL,FALSE,FALSE,FALSE,FALSE,11,12,32,22,
17/02/2022,16/07/1443,Thursday,Riyadh,No Holiday,,TRUE,FALSE,FALSE,FALSE,FALSE,FALSE,FALSE,Al-Hilal - Al-Shabab,KSA League,FALSE,FALSE,FALSE,FALSE,10,11,33,21,
18/02/2022,17/07/1443,Friday,Riyadh,No Holiday,,FALSE,FALSE,FALSE,FALSE,FALSE,FALSE,FALSE,,,FALSE,FALSE,FALSE,FALSE,9,10,34,20,
19/02/2022,18/07/1443,Saturday,Riyadh,No Holiday,,FALSE,FALSE,TRUE,TRUE,FALSE,FALSE,FALSE,Man City vs Tottenham,Preimer League,FALSE,FALSE,FALSE,FALSE,8,9,35,19,
20/02/2022,19/07/1443,Sunday,Riyadh,No Holiday,,TRUE,FALSE,TRUE,FALSE,FALSE,FALSE,FALSE,,,FALSE,FALSE,FALSE,FALSE,7,8,36,18,
21/02/2022,20/07/1443,Monday,Riyadh,No Holiday,,TRUE,FALSE,TRUE,TRUE,FALSE,FALSE,FALSE,"Al Hilal vs Al Nassr, Al-Awwal Park",KSA League,FALSE,FALSE,FALSE,FALSE,6,7,37,17,
22/02/2022,21/07/1443,Tuesday,Riyadh,Founding Day,Founding Day is a national holiday in Saudi Arabia,FALSE,FALSE,TRUE,FALSE,FALSE,FALSE,FALSE,,UEFA CL,إعلان يوم التأسيس كإجازة رسمية في السعودية,تعزيز الهوية الوطنية والتراث، مع إقامة فعاليات ثقافية وترفيهية في الرياض.,رابط,FALSE,5,6,38,16,
23/02/2022,22/07/1443,Wednesday,Riyadh,No Holiday,,FALSE,FALSE,FALSE,FALSE,FALSE,FALSE,FALSE,long weekend,UEFA CL,FALSE,FALSE,FALSE,FALSE,4,5,39,15,
24/02/2022,23/07/1443,Thursday,Riyadh,No Holiday,,FALSE,FALSE,FALSE,FALSE,FALSE,FALSE,FALSE,,,FALSE,FALSE,FALSE,FALSE,3,4,40,14,
25/02/2022,24/07/1443,Friday,Riyadh,No Holiday,,FALSE,FALSE,FALSE,FALSE,FALSE,FALSE,FALSE,,,FALSE,FALSE,FALSE,FALSE,2,3,41,13,
26/02/2022,25/07/1443,Saturday,Riyadh,No Holiday,,FALSE,FALSE,FALSE,FALSE,FALSE,FALSE,FALSE,,KSA League,FALSE,FALSE,FALSE,FALSE,1,2,42,12,
27/02/2022,26/07/1443,Sunday,Riyadh,No Holiday,,TRUE,FALSE,FALSE,FALSE,FALSE,FALSE,FALSE,Chelsea vs Liverpool,Preimer League,FALSE,FALSE,FALSE,TRUE,31,1,43,11,
28/02/2022,27/07/1443,Monday,Riyadh,No Holiday,,TRUE,FALSE,FALSE,FALSE,FALSE,FALSE,FALSE,,,FALSE,FALSE,FALSE,FALSE,30,0,44,10,
01/03/2022,28/07/1443,Tuesday,Riyadh,No Holiday,,TRUE,FALSE,FALSE,FALSE,FALSE,FALSE,FALSE,,,FALSE,FALSE,FALSE,FALSE,29,30,45,9,
02/03/2022,29/07/1443,Wednesday,Riyadh,No Holiday,,TRUE,FALSE,FALSE,FALSE,FALSE,FALSE,FALSE,,,FALSE,FALSE,FALSE,FALSE,28,29,46,8,
03/03/2022,30/07/1443,Thursday,Riyadh,No Holiday,,TRUE,FALSE,TRUE,FALSE,FALSE,FALSE,FALSE,"Al Hilal vs Al Nassr, Al-Awwal Park",KSA League,FALSE,FALSE,FALSE,FALSE,27,28,47,7,
04/03/2022,1/8/1443,Friday,Riyadh,No Holiday,,FALSE,FALSE,TRUE,TRUE,FALSE,FALSE,FALSE,,,FALSE,FALSE,FALSE,FALSE,26,27,48,6,
05/03/2022,2/8/1443,Saturday,Riyadh,No Holiday,,FALSE,FALSE,TRUE,FALSE,FALSE,FALSE,FALSE,,,FALSE,FALSE,FALSE,FALSE,25,26,49,5,
06/03/2022,3/8/1443,Sunday,Riyadh,No Holiday,,TRUE,FALSE,TRUE,FALSE,FALSE,FALSE,FALSE,Man City vs Man United,Preimer League,FALSE,FALSE,FALSE,FALSE,24,25,50,4,
07/03/2022,4/8/1443,Monday,Riyadh,No Holiday,,TRUE,FALSE,TRUE,TRUE,FALSE,FALSE,FALSE,,,FALSE,FALSE,FALSE,FALSE,23,24,51,3,
08/03/2022,5/8/1443,Tuesday,Riyadh,No Holiday,,TRUE,FALSE,TRUE,FALSE,FALSE,FALSE,FALSE,"Al Hilal vs Al Ittihad, King Fahd Stadium","UEFA CL, KSA League",FALSE,FALSE,FALSE,FALSE,22,23,52,2,
09/03/2022,6/8/1443,Wednesday,Riyadh,No Holiday,,TRUE,FALSE,FALSE,FALSE,FALSE,FALSE,FALSE,,UEFA CL,FALSE,FALSE,FALSE,FALSE,21,22,53,1,
10/03/2022,7/8/1443,Thursday,Riyadh,No Holiday,,FALSE,FALSE,FALSE,FALSE,FALSE,FALSE,FALSE,,,FALSE,FALSE,FALSE,FALSE,20,21,"Vacation	",Vacation,
11/03/2022,8/8/1443,Friday,Riyadh,No Holiday,,FALSE,FALSE,TRUE,TRUE,FALSE,FALSE,FALSE,,,FALSE,FALSE,FALSE,FALSE,19,20,"Vacation	",Vacation,
12/03/2022,9/8/1443,Saturday,Riyadh,No Holiday,,FALSE,FALSE,TRUE,FALSE,FALSE,FALSE,FALSE,Man United vs Tottenham,Preimer League,FALSE,FALSE,FALSE,FALSE,18,19,"Vacation	",Vacation,
13/03/2022,10/8/1443,Sunday,Riyadh,No Holiday,,FALSE,FALSE,TRUE,FALSE,FALSE,FALSE,FALSE,,KSA League,FALSE,FALSE,FALSE,FALSE,17,18,"Vacation	",Vacation,
14/03/2022,11/8/1443,Monday,Riyadh,No Holiday,,FALSE,FALSE,TRUE,FALSE,FALSE,FALSE,FALSE,,,FALSE,FALSE,FALSE,FALSE,16,17,"Vacation	",Vacation,
15/03/2022,12/8/1443,Tuesday,Riyadh,No Holiday,,FALSE,FALSE,FALSE,TRUE,FALSE,FALSE,FALSE,,UEFA CL,FALSE,FALSE,FALSE,FALSE,15,16,"Vacation	",Vacation,
16/03/2022,13/08/1443,Wednesday,Riyadh,No Holiday,,FALSE,FALSE,FALSE,TRUE,FALSE,FALSE,FALSE,Arsenal vs Liverpool,"UEFA CL, Preimer League",FALSE,FALSE,FALSE,FALSE,14,15,"Vacation	",Vacation,
17/03/2022,14/08/1443,Thursday,Riyadh,No Holiday,,FALSE,FALSE,FALSE,FALSE,FALSE,FALSE,FALSE,,KSA League,FALSE,FALSE,FALSE,FALSE,13,14,"Vacation	",Vacation,
18/03/2022,15/08/1443,Friday,Riyadh,No Holiday,,FALSE,FALSE,FALSE,FALSE,FALSE,FALSE,FALSE,,KSA League,FALSE,FALSE,FALSE,FALSE,12,13,"Vacation	",Vacation,
19/03/2022,16/08/1443,Saturday,Riyadh,No Holiday,,FALSE,FALSE,FALSE,FALSE,FALSE,FALSE,FALSE,,,FALSE,FALSE,FALSE,FALSE,11,12,"Vacation	",Vacation,
20/03/2022,17/08/1443,Sunday,Riyadh,No Holiday,,TRUE,FALSE,FALSE,FALSE,FALSE,FALSE,FALSE,March Equinox in Saudi Arabia (Riyadh)/ el clasico,La liga,FALSE,FALSE,FALSE,FALSE,10,11,1,102,3 - 1443
21/03/2022,18/08/1443,Monday,Riyadh,No Holiday,,TRUE,FALSE,FALSE,FALSE,FALSE,FALSE,FALSE,,,FALSE,FALSE,FALSE,FALSE,9,10,2,101,
22/03/2022,19/08/1443,Tuesday,Riyadh,No Holiday,,TRUE,FALSE,FALSE,FALSE,FALSE,FALSE,FALSE,,,FALSE,FALSE,FALSE,FALSE,8,9,3,100,
23/03/2022,20/08/1443,Wednesday,Riyadh,No Holiday,,TRUE,FALSE,FALSE,FALSE,FALSE,FALSE,FALSE,,,FALSE,FALSE,FALSE,FALSE,7,8,4,99,
24/03/2022,21/08/1443,Thursday,Riyadh,No Holiday,,TRUE,FALSE,FALSE,FALSE,FALSE,FALSE,FALSE,,World Cup,FALSE,FALSE,FALSE,FALSE,6,7,5,98,
25/03/2022,22/08/1443,Friday,Riyadh,No Holiday,,FALSE,FALSE,FALSE,FALSE,FALSE,FALSE,FALSE,,,FALSE,FALSE,FALSE,FALSE,5,6,6,97,
26/03/2022,23/08/1443,Saturday,Riyadh,No Holiday,,FALSE,FALSE,FALSE,FALSE,FALSE,FALSE,FALSE,,,FALSE,FALSE,FALSE,FALSE,4,5,7,96,
27/03/2022,24/08/1443,Sunday,Riyadh,No Holiday,,TRUE,FALSE,FALSE,FALSE,FALSE,FALSE,FALSE,,,FALSE,FALSE,FALSE,TRUE,31,4,8,95,
28/03/2022,25/08/1443,Monday,Riyadh,No Holiday,,TRUE,FALSE,FALSE,FALSE,FALSE,FALSE,FALSE,,,FALSE,FALSE,FALSE,FALSE,30,3,9,94,
29/03/2022,26/08/1443,Tuesday,Riyadh,No Holiday,,TRUE,FALSE,FALSE,FALSE,FALSE,FALSE,FALSE,"King Abdullah Sports City, Jeddah,Score: Saudi Arabia 1–0 Australia, Attendance: 51,433",World Cup,FALSE,FALSE,FALSE,FALSE,29,2,10,93,
30/03/2022,27/08/1443,Wednesday,Riyadh,No Holiday,,TRUE,FALSE,FALSE,FALSE,FALSE,FALSE,FALSE,,,FALSE,FALSE,FALSE,FALSE,28,1,11,92,
31/03/2022,28/08/1443,Thursday,Riyadh,No Holiday,,TRUE,FALSE,FALSE,FALSE,FALSE,FALSE,FALSE,,,FALSE,FALSE,FALSE,FALSE,27,0,12,91,
01/04/2022,29/08/1443,Friday,Riyadh,No Holiday,,FALSE,FALSE,FALSE,FALSE,FALSE,FALSE,FALSE,,,FALSE,FALSE,FALSE,FALSE,26,29,13,90,
02/04/2022,1/9/1443,Saturday,Riyadh,No Holiday,,FALSE,FALSE,FALSE,FALSE,FALSE,FALSE,FALSE,Ramadan begins,,FALSE,FALSE,FALSE,FALSE,25,28,14,89,
03/04/2022,2/9/1443,Sunday,Riyadh,No Holiday,,TRUE,FALSE,FALSE,FALSE,FALSE,FALSE,FALSE,,"KSA League, La liga",FALSE,FALSE,FALSE,FALSE,24,27,15,88,
04/04/2022,3/9/1443,Monday,Riyadh,No Holiday,,TRUE,FALSE,FALSE,FALSE,FALSE,FALSE,FALSE,,,FALSE,FALSE,FALSE,FALSE,23,26,16,87,
05/04/2022,4/9/1443,Tuesday,Riyadh,No Holiday,,TRUE,FALSE,FALSE,FALSE,FALSE,FALSE,FALSE,,UEFA CL,FALSE,FALSE,FALSE,FALSE,22,25,17,86,
06/04/2022,5/9/1443,Wednesday,Riyadh,No Holiday,,TRUE,FALSE,FALSE,FALSE,FALSE,FALSE,FALSE,,UEFA CL,FALSE,FALSE,FALSE,FALSE,21,24,18,85,
07/04/2022,6/9/1443,Thursday,Riyadh,No Holiday,,TRUE,FALSE,FALSE,FALSE,FALSE,FALSE,FALSE,,,FALSE,FALSE,FALSE,FALSE,20,23,19,84,
08/04/2022,7/9/1443,Friday,Riyadh,No Holiday,,FALSE,FALSE,FALSE,FALSE,FALSE,FALSE,FALSE,,KSA League,FALSE,FALSE,FALSE,FALSE,19,22,20,83,
09/04/2022,8/9/1443,Saturday,Riyadh,No Holiday,,FALSE,FALSE,FALSE,FALSE,FALSE,FALSE,FALSE,,,FALSE,FALSE,FALSE,FALSE,18,21,21,82,
10/04/2022,9/9/1443,Sunday,Riyadh,No Holiday,,TRUE,FALSE,TRUE,FALSE,FALSE,FALSE,FALSE,Man City vs Liverpool,Preimer League,FALSE,FALSE,FALSE,FALSE,17,20,22,81,
11/04/2022,10/9/1443,Monday,Riyadh,No Holiday,,TRUE,FALSE,TRUE,TRUE,FALSE,FALSE,FALSE,,KSA League,FALSE,FALSE,FALSE,FALSE,16,19,23,80,
12/04/2022,11/9/1443,Tuesday,Riyadh,No Holiday,,TRUE,FALSE,FALSE,TRUE,FALSE,FALSE,FALSE,,UEFA CL,FALSE,FALSE,FALSE,FALSE,15,18,24,79,
13/04/2022,12/9/1443,Wednesday,Riyadh,No Holiday,,TRUE,FALSE,TRUE,TRUE,FALSE,FALSE,FALSE,,UEFA CL,FALSE,FALSE,FALSE,FALSE,14,17,25,78,
14/04/2022,13/09/1443,Thursday,Riyadh,No Holiday,,TRUE,FALSE,TRUE,TRUE,FALSE,FALSE,FALSE,,,FALSE,FALSE,FALSE,FALSE,13,16,26,77,
15/04/2022,14/09/1443,Friday,Riyadh,No Holiday,,FALSE,FALSE,TRUE,TRUE,FALSE,FALSE,FALSE,,KSA League,FALSE,FALSE,FALSE,FALSE,12,15,27,76,
16/04/2022,15/09/1443,Saturday,Riyadh,No Holiday,,FALSE,FALSE,TRUE,FALSE,FALSE,FALSE,FALSE,Man City vs Liverpool,Preimer League,FALSE,FALSE,FALSE,FALSE,11,14,28,75,
17/04/2022,16/09/1443,Sunday,Riyadh,No Holiday,,TRUE,FALSE,FALSE,FALSE,FALSE,FALSE,FALSE,,La liga,FALSE,FALSE,FALSE,FALSE,10,13,29,74,
18/04/2022,17/09/1443,Monday,Riyadh,No Holiday,,TRUE,FALSE,FALSE,FALSE,FALSE,FALSE,FALSE,,,FALSE,FALSE,FALSE,FALSE,9,12,30,73,
19/04/2022,18/09/1443,Tuesday,Riyadh,No Holiday,,TRUE,FALSE,FALSE,FALSE,FALSE,FALSE,FALSE,Liverpool vs Man United,"Preimer League, KSA League",FALSE,FALSE,FALSE,FALSE,8,11,31,72,
20/04/2022,19/09/1443,Wednesday,Riyadh,No Holiday,,TRUE,FALSE,FALSE,FALSE,FALSE,FALSE,FALSE,Arsenal vs Chelsea,Preimer League,FALSE,FALSE,FALSE,FALSE,7,10,32,71,
21/04/2022,20/09/1443,Thursday,Riyadh,No Holiday,,TRUE,FALSE,TRUE,TRUE,FALSE,FALSE,FALSE,,,FALSE,FALSE,FALSE,FALSE,6,9,33,70,
22/04/2022,21/09/1443,Friday,Riyadh,No Holiday,,FALSE,FALSE,TRUE,TRUE,FALSE,FALSE,FALSE,,,FALSE,FALSE,FALSE,FALSE,5,8,34,69,
23/04/2022,22/09/1443,Saturday,Riyadh,No Holiday,,FALSE,FALSE,TRUE,TRUE,FALSE,FALSE,FALSE,Arsenal vs Man United,"Preimer League, KSA League",FALSE,FALSE,FALSE,FALSE,4,7,35,68,
24/04/2022,23/09/1443,Sunday,Riyadh,No Holiday,,TRUE,FALSE,TRUE,TRUE,FALSE,FALSE,FALSE,,,FALSE,FALSE,FALSE,FALSE,3,6,36,67,
25/04/2022,24/09/1443,Monday,Riyadh,No Holiday,,FALSE,TRUE,FALSE,TRUE,FALSE,FALSE,TRUE,,,FALSE,FALSE,FALSE,FALSE,2,5,37,66,
26/04/2022,25/09/1443,Tuesday,Riyadh,No Holiday,,FALSE,FALSE,TRUE,FALSE,FALSE,FALSE,FALSE,,UEFA CL,FALSE,FALSE,FALSE,FALSE,1,4,38,65,
27/04/2022,26/09/1443,Wednesday,Riyadh,No Holiday,,FALSE,FALSE,TRUE,TRUE,FALSE,FALSE,FALSE,,"UEFA CL, KSA League",FALSE,FALSE,FALSE,TRUE,31,3,39,64,
28/04/2022,27/09/1443,Thursday,Riyadh,No Holiday,,FALSE,FALSE,TRUE,TRUE,FALSE,FALSE,TRUE,Man United vs Chelsea,Preimer League,FALSE,FALSE,FALSE,FALSE,30,2,40,63,
29/04/2022,28/09/1443,Friday,Riyadh,No Holiday,,FALSE,TRUE,FALSE,FALSE,FALSE,FALSE,TRUE,,,FALSE,FALSE,FALSE,FALSE,29,1,41,62,
30/04/2022,29/09/1443,Saturday,Riyadh,Eid al-Fitr Holiday,Eid al-Fitr Holiday is a national holiday in Saudi Arabia,FALSE,FALSE,FALSE,FALSE,FALSE,FALSE,FALSE,,,FALSE,FALSE,FALSE,FALSE,28,0,42,61,
01/05/2022,30/09/1443,Sunday,Riyadh,Eid al-Fitr Holiday,Eid al-Fitr Holiday is a national holiday in Saudi Arabia,FALSE,FALSE,TRUE,TRUE,FALSE,FALSE,FALSE,,,FALSE,FALSE,FALSE,FALSE,27,30,43,60,
02/05/2022,1/10/1443,Monday,Riyadh,Eid al-Fitr Holiday,Eid al-Fitr Holiday is a national holiday in Saudi Arabia,FALSE,FALSE,TRUE,FALSE,FALSE,FALSE,FALSE,,,FALSE,FALSE,FALSE,FALSE,26,29,44,59,
03/05/2022,2/10/1443,Tuesday,Riyadh,Eid al-Fitr Holiday,Eid al-Fitr Holiday is a national holiday in Saudi Arabia,FALSE,FALSE,FALSE,FALSE,FALSE,FALSE,FALSE,,"UEFA CL, KSA League",FALSE,FALSE,FALSE,FALSE,25,28,45,58,
04/05/2022,3/10/1443,Wednesday,Riyadh,Eid al-Fitr Holiday,Eid al-Fitr Holiday is a national holiday in Saudi Arabia,FALSE,FALSE,FALSE,FALSE,FALSE,FALSE,FALSE,,UEFA CL,FALSE,FALSE,FALSE,FALSE,24,27,46,57,
05/05/2022,4/10/1443,Thursday,Riyadh,Eid al-Fitr Holiday,Eid al-Fitr Holiday is a national holiday in Saudi Arabia,FALSE,FALSE,FALSE,FALSE,FALSE,FALSE,FALSE,,,FALSE,FALSE,FALSE,FALSE,23,26,47,56,
06/05/2022,5/10/1443,Friday,Riyadh,Eid al-Fitr Holiday,Eid al-Fitr Holiday is a national holiday in Saudi Arabia,FALSE,FALSE,TRUE,TRUE,FALSE,FALSE,FALSE,,KSA League,FALSE,FALSE,FALSE,FALSE,22,25,48,55,
07/05/2022,6/10/1443,Saturday,Riyadh,Eid al-Fitr Holiday,Eid al-Fitr Holiday is a national holiday in Saudi Arabia,FALSE,FALSE,TRUE,TRUE,FALSE,FALSE,FALSE,Liverpool vs Tottenham,"Preimer League, KSA League",FALSE,FALSE,FALSE,FALSE,21,24,49,54,
08/05/2022,7/10/1443,Sunday,Riyadh,No Holiday,,TRUE,FALSE,FALSE,FALSE,FALSE,FALSE,FALSE,,La liga,FALSE,FALSE,FALSE,FALSE,20,23,50,53,
09/05/2022,8/10/1443,Monday,Riyadh,No Holiday,,TRUE,FALSE,FALSE,FALSE,FALSE,FALSE,FALSE,,,FALSE,FALSE,FALSE,FALSE,19,22,51,52,
10/05/2022,9/10/1443,Tuesday,Riyadh,No Holiday,,TRUE,FALSE,FALSE,FALSE,FALSE,FALSE,FALSE,,,FALSE,FALSE,FALSE,FALSE,18,21,52,51,
11/05/2022,10/10/1443,Wednesday,Riyadh,No Holiday,,TRUE,FALSE,FALSE,FALSE,FALSE,FALSE,FALSE,,KSA League,FALSE,FALSE,FALSE,FALSE,17,20,53,50,
12/05/2022,11/10/1443,Thursday,Riyadh,No Holiday,,TRUE,FALSE,FALSE,FALSE,FALSE,FALSE,FALSE,Arsenal vs Tottenham,Preimer League,FALSE,FALSE,FALSE,FALSE,16,19,54,49,
13/05/2022,12/10/1443,Friday,Riyadh,No Holiday,,FALSE,FALSE,TRUE,TRUE,FALSE,FALSE,FALSE,,,FALSE,FALSE,FALSE,FALSE,15,18,55,48,
14/05/2022,13/10/1443,Saturday,Riyadh,No Holiday,,FALSE,FALSE,TRUE,TRUE,FALSE,FALSE,FALSE,Chelsea vs Liverpool,,FALSE,FALSE,FALSE,FALSE,14,17,56,47,
15/05/2022,14/10/1443,Sunday,Riyadh,No Holiday,,TRUE,FALSE,FALSE,FALSE,FALSE,FALSE,FALSE,,,FALSE,FALSE,FALSE,FALSE,13,16,57,46,
16/05/2022,15/10/1443,Monday,Riyadh,No Holiday,,TRUE,FALSE,FALSE,FALSE,FALSE,FALSE,FALSE,,,FALSE,FALSE,FALSE,FALSE,12,15,58,45,
17/05/2022,16/10/1443,Tuesday,Riyadh,No Holiday,,TRUE,FALSE,TRUE,FALSE,FALSE,FALSE,FALSE,,,FALSE,FALSE,FALSE,FALSE,11,14,59,44,
18/05/2022,17/10/1443,Wednesday,Riyadh,No Holiday,,TRUE,FALSE,TRUE,FALSE,FALSE,FALSE,FALSE,,,FALSE,FALSE,FALSE,FALSE,10,13,60,43,
19/05/2022,18/10/1443,Thursday,Riyadh,No Holiday,,TRUE,FALSE,FALSE,FALSE,FALSE,FALSE,FALSE,,KSA League,FALSE,FALSE,FALSE,FALSE,9,12,61,42,
20/05/2022,19/10/1443,Friday,Riyadh,No Holiday,,FALSE,FALSE,FALSE,FALSE,FALSE,FALSE,FALSE,,,FALSE,FALSE,FALSE,FALSE,8,11,62,41,
21/05/2022,20/10/1443,Saturday,Riyadh,No Holiday,,FALSE,FALSE,TRUE,FALSE,FALSE,FALSE,FALSE,,KSA League,FALSE,FALSE,FALSE,FALSE,7,10,63,40,
22/05/2022,21/10/1443,Sunday,Riyadh,No Holiday,,TRUE,FALSE,TRUE,FALSE,FALSE,FALSE,FALSE,,,FALSE,FALSE,FALSE,FALSE,6,9,64,39,
23/05/2022,22/10/1443,Monday,Riyadh,No Holiday,,TRUE,FALSE,TRUE,TRUE,FALSE,FALSE,FALSE,Al Hilal vs Al Ittihad,KSA League,FALSE,FALSE,FALSE,FALSE,5,8,65,38,
24/05/2022,23/10/1443,Tuesday,Riyadh,No Holiday,,TRUE,FALSE,TRUE,TRUE,FALSE,FALSE,FALSE,,,FALSE,FALSE,FALSE,FALSE,4,7,66,37,
25/05/2022,24/10/1443,Wednesday,Riyadh,No Holiday,,FALSE,FALSE,TRUE,FALSE,FALSE,FALSE,FALSE,,,FALSE,FALSE,FALSE,FALSE,3,6,67,36,
26/05/2022,25/10/1443,Thursday,Riyadh,No Holiday,,FALSE,FALSE,FALSE,FALSE,FALSE,FALSE,FALSE,,,FALSE,FALSE,FALSE,TRUE,31,5,68,35,
27/05/2022,26/10/1443,Friday,Riyadh,No Holiday,,FALSE,FALSE,FALSE,FALSE,FALSE,FALSE,FALSE,,,FALSE,FALSE,FALSE,FALSE,30,4,69,34,
28/05/2022,27/10/1443,Saturday,Riyadh,No Holiday,,FALSE,FALSE,TRUE,FALSE,FALSE,FALSE,FALSE,,"UEFA CL, KSA League",FALSE,FALSE,FALSE,FALSE,29,3,70,33,
29/05/2022,28/10/1443,Sunday,Riyadh,No Holiday,,TRUE,FALSE,FALSE,FALSE,FALSE,FALSE,FALSE,,KSA League,FALSE,FALSE,FALSE,FALSE,28,2,71,32,
30/05/2022,29/10/1443,Monday,Riyadh,No Holiday,,TRUE,FALSE,FALSE,FALSE,FALSE,FALSE,FALSE,,,FALSE,FALSE,FALSE,FALSE,27,1,72,31,
31/05/2022,1/11/1443,Tuesday,Riyadh,No Holiday,,TRUE,FALSE,FALSE,FALSE,FALSE,FALSE,FALSE,,,FALSE,FALSE,FALSE,FALSE,26,0,73,30,
01/06/2022,2/11/1443,Wednesday,Riyadh,No Holiday,,TRUE,FALSE,TRUE,TRUE,FALSE,FALSE,FALSE,,,FALSE,FALSE,FALSE,FALSE,25,29,74,29,
02/06/2022,3/11/1443,Thursday,Riyadh,No Holiday,,TRUE,FALSE,FALSE,FALSE,FALSE,FALSE,FALSE,,,FALSE,FALSE,FALSE,FALSE,24,28,75,28,
03/06/2022,4/11/1443,Friday,Riyadh,No Holiday,,FALSE,FALSE,FALSE,FALSE,FALSE,FALSE,FALSE,,,FALSE,FALSE,FALSE,FALSE,23,27,76,27,
04/06/2022,5/11/1443,Saturday,Riyadh,No Holiday,,FALSE,FALSE,FALSE,FALSE,FALSE,FALSE,FALSE,,,FALSE,FALSE,FALSE,FALSE,22,26,77,26,
05/06/2022,6/11/1443,Sunday,Riyadh,No Holiday,,TRUE,FALSE,FALSE,FALSE,FALSE,FALSE,FALSE,,,FALSE,FALSE,FALSE,FALSE,21,25,78,25,
06/06/2022,7/11/1443,Monday,Riyadh,No Holiday,,TRUE,FALSE,FALSE,FALSE,FALSE,FALSE,FALSE,,,FALSE,FALSE,FALSE,FALSE,20,24,79,24,
07/06/2022,8/11/1443,Tuesday,Riyadh,No Holiday,,TRUE,FALSE,FALSE,FALSE,FALSE,FALSE,FALSE,,,FALSE,FALSE,FALSE,FALSE,19,23,80,23,
08/06/2022,9/11/1443,Wednesday,Riyadh,No Holiday,,TRUE,FALSE,FALSE,FALSE,FALSE,FALSE,FALSE,,,FALSE,FALSE,FALSE,FALSE,18,22,81,22,
09/06/2022,10/11/1443,Thursday,Riyadh,No Holiday,,TRUE,FALSE,FALSE,FALSE,FALSE,FALSE,FALSE,,,FALSE,FALSE,FALSE,FALSE,17,21,82,21,
10/06/2022,11/11/1443,Friday,Riyadh,No Holiday,,FALSE,FALSE,FALSE,FALSE,FALSE,FALSE,FALSE,,,FALSE,FALSE,FALSE,FALSE,16,20,83,20,
11/06/2022,12/11/1443,Saturday,Riyadh,No Holiday,,FALSE,FALSE,FALSE,FALSE,FALSE,FALSE,FALSE,,,FALSE,FALSE,FALSE,FALSE,15,19,84,19,
12/06/2022,13/11/1443,Sunday,Riyadh,No Holiday,,TRUE,FALSE,FALSE,FALSE,FALSE,FALSE,FALSE,,,FALSE,FALSE,FALSE,FALSE,14,18,85,18,
13/06/2022,14/11/1443,Monday,Riyadh,No Holiday,,TRUE,FALSE,FALSE,FALSE,FALSE,FALSE,FALSE,,,FALSE,FALSE,FALSE,FALSE,13,17,86,17,
14/06/2022,15/11/1443,Tuesday,Riyadh,No Holiday,,TRUE,FALSE,FALSE,FALSE,FALSE,FALSE,FALSE,,,FALSE,FALSE,FALSE,FALSE,12,16,87,16,
15/06/2022,16/11/1443,Wednesday,Riyadh,No Holiday,,FALSE,FALSE,FALSE,FALSE,FALSE,FALSE,FALSE,long weekend,,FALSE,FALSE,FALSE,FALSE,11,15,88,15,
16/06/2022,17/11/1443,Thursday,Riyadh,No Holiday,,FALSE,FALSE,FALSE,FALSE,FALSE,FALSE,FALSE,long weekend,,FALSE,FALSE,FALSE,FALSE,10,14,89,14,
17/06/2022,18/11/1443,Friday,Riyadh,No Holiday,,FALSE,FALSE,TRUE,FALSE,FALSE,FALSE,FALSE,,,FALSE,FALSE,FALSE,FALSE,9,13,90,13,
18/06/2022,19/11/1443,Saturday,Riyadh,No Holiday,,FALSE,FALSE,TRUE,TRUE,FALSE,FALSE,FALSE,,,FALSE,FALSE,FALSE,FALSE,8,12,91,12,
19/06/2022,20/11/1443,Sunday,Riyadh,No Holiday,,TRUE,FALSE,TRUE,FALSE,FALSE,FALSE,FALSE,,,FALSE,FALSE,FALSE,FALSE,7,11,92,11,
20/06/2022,21/11/1443,Monday,Riyadh,No Holiday,,TRUE,FALSE,FALSE,FALSE,FALSE,FALSE,FALSE,,,FALSE,FALSE,FALSE,FALSE,6,10,93,10,
21/06/2022,22/11/1443,Tuesday,Riyadh,No Holiday,,TRUE,FALSE,FALSE,FALSE,FALSE,FALSE,FALSE,June Solstice in Saudi Arabia (Riyadh),,FALSE,FALSE,FALSE,FALSE,5,9,94,9,
22/06/2022,23/11/1443,Wednesday,Riyadh,No Holiday,,TRUE,FALSE,FALSE,FALSE,FALSE,FALSE,FALSE,,,FALSE,FALSE,FALSE,FALSE,4,8,95,8,
23/06/2022,24/11/1443,Thursday,Riyadh,No Holiday,,TRUE,FALSE,TRUE,FALSE,FALSE,FALSE,FALSE,,KSA League,FALSE,FALSE,FALSE,FALSE,3,7,96,7,
24/06/2022,25/11/1443,Friday,Riyadh,No Holiday,,FALSE,FALSE,FALSE,FALSE,FALSE,FALSE,FALSE,,,FALSE,FALSE,FALSE,FALSE,2,6,97,6,
25/06/2022,26/11/1443,Saturday,Riyadh,No Holiday,,FALSE,FALSE,FALSE,FALSE,FALSE,FALSE,FALSE,,,FALSE,FALSE,FALSE,FALSE,1,5,98,5,
26/06/2022,27/11/1443,Sunday,Riyadh,No Holiday,,TRUE,FALSE,TRUE,FALSE,FALSE,FALSE,FALSE,,,FALSE,FALSE,FALSE,FALSE,0,4,99,4,
27/06/2022,28/11/1443,Monday,Riyadh,No Holiday,,TRUE,FALSE,TRUE,FALSE,FALSE,FALSE,FALSE,,KSA League,FALSE,FALSE,FALSE,TRUE,31,3,100,3,
28/06/2022,29/11/1443,Tuesday,Riyadh,No Holiday,,TRUE,FALSE,FALSE,FALSE,FALSE,FALSE,FALSE,,,FALSE,FALSE,FALSE,FALSE,30,2,101,2,
29/06/2022,30/11/1443,Wednesday,Riyadh,No Holiday,,TRUE,FALSE,FALSE,FALSE,FALSE,FALSE,FALSE,,,FALSE,FALSE,FALSE,FALSE,29,1,102,1,
30/06/2022,1/12/1443,Thursday,Riyadh,No Holiday,,FALSE,FALSE,FALSE,FALSE,FALSE,FALSE,FALSE,,,FALSE,FALSE,FALSE,FALSE,28,0,"Vacation	",Vacation,
01/07/2022,2/12/1443,Friday,Riyadh,No Holiday,,FALSE,FALSE,FALSE,FALSE,FALSE,FALSE,FALSE,,,FALSE,FALSE,FALSE,FALSE,27,30,"Vacation	",Vacation,
02/07/2022,3/12/1443,Saturday,Riyadh,No Holiday,,FALSE,FALSE,FALSE,FALSE,FALSE,FALSE,FALSE,,,FALSE,FALSE,FALSE,FALSE,26,29,"Vacation	",Vacation,
03/07/2022,4/12/1443,Sunday,Riyadh,No Holiday,,FALSE,FALSE,FALSE,FALSE,FALSE,FALSE,FALSE,,,FALSE,FALSE,FALSE,FALSE,25,28,"Vacation	",Vacation,
04/07/2022,5/12/1443,Monday,Riyadh,No Holiday,,FALSE,FALSE,FALSE,FALSE,FALSE,FALSE,FALSE,,,FALSE,FALSE,FALSE,FALSE,24,27,"Vacation	",Vacation,
05/07/2022,6/12/1443,Tuesday,Riyadh,No Holiday,,FALSE,FALSE,FALSE,FALSE,FALSE,FALSE,FALSE,,,FALSE,FALSE,FALSE,FALSE,23,26,"Vacation	",Vacation,
06/07/2022,7/12/1443,Wednesday,Riyadh,No Holiday,,FALSE,FALSE,FALSE,FALSE,FALSE,FALSE,FALSE,,,FALSE,FALSE,FALSE,FALSE,22,25,"Vacation	",Vacation,
07/07/2022,8/12/1443,Thursday,Riyadh,No Holiday,,FALSE,FALSE,FALSE,FALSE,FALSE,FALSE,FALSE,,,FALSE,FALSE,FALSE,FALSE,21,24,"Vacation	",Vacation,
08/07/2022,9/12/1443,Friday,Riyadh,Arafat Day,Arafat Day is a national holiday in Saudi Arabia,FALSE,FALSE,FALSE,FALSE,FALSE,FALSE,FALSE,,,FALSE,FALSE,FALSE,FALSE,20,23,"Vacation	",Vacation,
09/07/2022,10/12/1443,Saturday,Riyadh,Eid al-Adha Holiday,Eid al-Adha (Id ul-Adha) is an Islamic festival falling on the 10th day of the month of Dhul Hijja (Thou al-Hijja) to commemorate the willingness of Ibrahim (Abraham) to sacrifice his son.,FALSE,FALSE,FALSE,FALSE,FALSE,FALSE,FALSE,,,FALSE,FALSE,FALSE,FALSE,19,22,"Vacation	",Vacation,
10/07/2022,11/12/1443,Sunday,Riyadh,Eid al-Adha Holiday,Eid al-Adha Holiday is a national holiday in Saudi Arabia,FALSE,FALSE,FALSE,FALSE,FALSE,FALSE,FALSE,,,FALSE,FALSE,FALSE,FALSE,18,21,"Vacation	",Vacation,
11/07/2022,12/12/1443,Monday,Riyadh,Eid al-Adha Holiday,Eid al-Adha Holiday is a national holiday in Saudi Arabia,FALSE,FALSE,FALSE,FALSE,FALSE,FALSE,FALSE,,,FALSE,FALSE,FALSE,FALSE,17,20,"Vacation	",Vacation,
12/07/2022,13/12/1443,Tuesday,Riyadh,Eid al-Adha Holiday,Eid al-Adha Holiday is a national holiday in Saudi Arabia,FALSE,FALSE,TRUE,TRUE,FALSE,FALSE,FALSE,,,FALSE,FALSE,FALSE,FALSE,16,19,"Vacation	",Vacation,
13/07/2022,14/12/1443,Wednesday,Riyadh,Eid al-Adha Holiday,Eid al-Adha Holiday is a national holiday in Saudi Arabia,FALSE,FALSE,TRUE,TRUE,FALSE,FALSE,FALSE,,,FALSE,FALSE,FALSE,FALSE,15,18,"Vacation	",Vacation,
14/07/2022,15/12/1443,Thursday,Riyadh,No Holiday,,FALSE,FALSE,TRUE,TRUE,FALSE,FALSE,FALSE,,,FALSE,FALSE,FALSE,FALSE,14,17,"Vacation	",Vacation,
15/07/2022,16/12/1443,Friday,Riyadh,No Holiday,,FALSE,FALSE,FALSE,FALSE,FALSE,FALSE,FALSE,,,FALSE,FALSE,FALSE,FALSE,13,16,"Vacation	",Vacation,
16/07/2022,17/12/1443,Saturday,Riyadh,No Holiday,,FALSE,FALSE,FALSE,FALSE,FALSE,FALSE,FALSE,,,FALSE,FALSE,FALSE,FALSE,12,15,"Vacation	",Vacation,
17/07/2022,18/12/1443,Sunday,Riyadh,No Holiday,,FALSE,FALSE,FALSE,FALSE,FALSE,FALSE,FALSE,,,FALSE,FALSE,FALSE,FALSE,11,14,"Vacation	",Vacation,
18/07/2022,19/12/1443,Monday,Riyadh,No Holiday,,FALSE,FALSE,FALSE,FALSE,FALSE,FALSE,FALSE,,,FALSE,FALSE,FALSE,FALSE,10,13,"Vacation	",Vacation,
19/07/2022,20/12/1443,Tuesday,Riyadh,No Holiday,,FALSE,FALSE,FALSE,FALSE,FALSE,FALSE,FALSE,,,FALSE,FALSE,FALSE,FALSE,9,12,"Vacation	",Vacation,
20/07/2022,21/12/1443,Wednesday,Riyadh,No Holiday,,FALSE,FALSE,FALSE,FALSE,FALSE,FALSE,FALSE,,,FALSE,FALSE,FALSE,FALSE,8,11,"Vacation	",Vacation,
21/07/2022,22/12/1443,Thursday,Riyadh,No Holiday,,FALSE,FALSE,TRUE,FALSE,FALSE,FALSE,FALSE,,,FALSE,FALSE,FALSE,FALSE,7,10,"Vacation	",Vacation,
22/07/2022,23/12/1443,Friday,Riyadh,No Holiday,,FALSE,FALSE,FALSE,FALSE,FALSE,FALSE,FALSE,,,FALSE,FALSE,FALSE,FALSE,6,9,"Vacation	",Vacation,
23/07/2022,24/12/1443,Saturday,Riyadh,No Holiday,,FALSE,FALSE,FALSE,FALSE,FALSE,FALSE,FALSE,,,FALSE,FALSE,FALSE,FALSE,5,8,"Vacation	",Vacation,
24/07/2022,25/12/1443,Sunday,Riyadh,No Holiday,,FALSE,FALSE,FALSE,FALSE,FALSE,FALSE,FALSE,,,FALSE,FALSE,FALSE,FALSE,4,7,"Vacation	",Vacation,
25/07/2022,26/12/1443,Monday,Riyadh,No Holiday,,FALSE,FALSE,TRUE,FALSE,FALSE,FALSE,FALSE,,,FALSE,FALSE,FALSE,FALSE,3,6,"Vacation	",Vacation,
26/07/2022,27/12/1443,Tuesday,Riyadh,No Holiday,,FALSE,FALSE,FALSE,FALSE,FALSE,FALSE,FALSE,,,FALSE,FALSE,FALSE,FALSE,2,5,"Vacation	",Vacation,
27/07/2022,28/12/1443,Wednesday,Riyadh,No Holiday,,FALSE,FALSE,FALSE,FALSE,FALSE,FALSE,FALSE,,,FALSE,FALSE,FALSE,TRUE,31,4,"Vacation	",Vacation,
28/07/2022,29/12/1443,Thursday,Riyadh,No Holiday,,FALSE,TRUE,FALSE,FALSE,FALSE,FALSE,FALSE,,,FALSE,FALSE,FALSE,FALSE,30,3,"Vacation	",Vacation,
29/07/2022,30/12/1444,Friday,Riyadh,No Holiday,,FALSE,FALSE,FALSE,FALSE,FALSE,FALSE,FALSE,,,FALSE,FALSE,FALSE,FALSE,29,2,"Vacation	",Vacation,
30/07/2022,1/1/1444,Saturday,Riyadh,No Holiday,,FALSE,FALSE,FALSE,FALSE,FALSE,FALSE,FALSE,Muharram is the first month of the Islamic calendar and a time of remembrance or mourning.,,FALSE,FALSE,FALSE,FALSE,28,1,"Vacation	",Vacation,
31/07/2022,2/1/1444,Sunday,Riyadh,No Holiday,,FALSE,TRUE,FALSE,TRUE,FALSE,FALSE,FALSE,,,FALSE,FALSE,FALSE,FALSE,27,0,"Vacation	",Vacation,
01/08/2022,3/1/1444,Monday,Riyadh,No Holiday,,FALSE,TRUE,FALSE,FALSE,FALSE,FALSE,FALSE,,,FALSE,FALSE,FALSE,FALSE,26,30,"Vacation	",Vacation,
02/08/2022,4/1/1444,Tuesday,Riyadh,No Holiday,,FALSE,FALSE,FALSE,FALSE,FALSE,FALSE,FALSE,,,FALSE,FALSE,FALSE,FALSE,25,29,"Vacation	",Vacation,
03/08/2022,5/1/1444,Wednesday,Riyadh,No Holiday,,FALSE,FALSE,TRUE,FALSE,FALSE,FALSE,FALSE,,,FALSE,FALSE,FALSE,FALSE,24,28,"Vacation	",Vacation,
04/08/2022,6/1/1444,Thursday,Riyadh,No Holiday,,FALSE,FALSE,FALSE,FALSE,FALSE,FALSE,FALSE,,,FALSE,FALSE,FALSE,FALSE,23,27,"Vacation	",Vacation,
05/08/2022,7/1/1444,Friday,Riyadh,No Holiday,,FALSE,FALSE,FALSE,FALSE,FALSE,FALSE,FALSE,,,FALSE,FALSE,FALSE,FALSE,22,26,"Vacation	",Vacation,
06/08/2022,8/1/1444,Saturday,Riyadh,No Holiday,,FALSE,FALSE,TRUE,FALSE,FALSE,FALSE,FALSE,,,FALSE,FALSE,FALSE,FALSE,21,25,"Vacation	",Vacation,
07/08/2022,9/1/1444,Sunday,Riyadh,No Holiday,,FALSE,FALSE,TRUE,FALSE,FALSE,FALSE,FALSE,,,FALSE,FALSE,FALSE,FALSE,20,24,"Vacation	",Vacation,
08/08/2022,10/1/1444,Monday,Riyadh,No Holiday,,FALSE,FALSE,FALSE,FALSE,FALSE,FALSE,FALSE,,,FALSE,FALSE,FALSE,FALSE,19,23,"Vacation	",Vacation,
09/08/2022,11/1/1444,Tuesday,Riyadh,No Holiday,,FALSE,FALSE,TRUE,TRUE,FALSE,FALSE,FALSE,,,FALSE,FALSE,FALSE,FALSE,18,22,"Vacation	",Vacation,
10/08/2022,12/1/1444,Wednesday,Riyadh,No Holiday,,FALSE,FALSE,TRUE,TRUE,FALSE,FALSE,FALSE,,,FALSE,FALSE,FALSE,FALSE,17,21,"Vacation	",Vacation,
11/08/2022,13/01/1444,Thursday,Riyadh,No Holiday,,FALSE,FALSE,TRUE,TRUE,FALSE,FALSE,FALSE,,,FALSE,FALSE,FALSE,FALSE,16,20,"Vacation	",Vacation,
12/08/2022,14/01/1444,Friday,Riyadh,No Holiday,,FALSE,FALSE,TRUE,TRUE,FALSE,FALSE,FALSE,,,FALSE,FALSE,FALSE,FALSE,15,19,"Vacation	",Vacation,
13/08/2022,15/01/1444,Saturday,Riyadh,No Holiday,,FALSE,FALSE,TRUE,TRUE,FALSE,FALSE,FALSE,,,FALSE,FALSE,FALSE,FALSE,14,18,"Vacation	",Vacation,
14/08/2022,16/01/1444,Sunday,Riyadh,No Holiday,,FALSE,FALSE,TRUE,TRUE,FALSE,FALSE,FALSE,Chelsea vs Tottenham,Preimer League,FALSE,FALSE,FALSE,FALSE,13,17,"Vacation	",Vacation,
15/08/2022,17/01/1444,Monday,Riyadh,No Holiday,,FALSE,FALSE,TRUE,FALSE,FALSE,FALSE,FALSE,,,FALSE,FALSE,FALSE,FALSE,12,16,"Vacation	",Vacation,
16/08/2022,18/01/1444,Tuesday,Riyadh,No Holiday,,FALSE,FALSE,FALSE,FALSE,FALSE,FALSE,FALSE,,,FALSE,FALSE,FALSE,FALSE,11,15,"Vacation	",Vacation,
17/08/2022,19/01/1444,Wednesday,Riyadh,No Holiday,,FALSE,FALSE,TRUE,TRUE,FALSE,FALSE,FALSE,,,FALSE,FALSE,FALSE,FALSE,10,14,"Vacation	",Vacation,
18/08/2022,20/01/1444,Thursday,Riyadh,No Holiday,,FALSE,FALSE,FALSE,FALSE,FALSE,FALSE,FALSE,,,FALSE,FALSE,FALSE,FALSE,9,13,"Vacation	",Vacation,
19/08/2022,21/01/1444,Friday,Riyadh,No Holiday,,FALSE,FALSE,FALSE,FALSE,FALSE,FALSE,FALSE,,,FALSE,FALSE,FALSE,FALSE,8,12,"Vacation	",Vacation,
20/08/2022,22/01/1444,Saturday,Riyadh,No Holiday,,FALSE,FALSE,FALSE,FALSE,FALSE,FALSE,FALSE,,,FALSE,FALSE,FALSE,FALSE,7,11,"Vacation	",Vacation,
21/08/2022,23/01/1444,Sunday,Riyadh,No Holiday,,FALSE,FALSE,FALSE,FALSE,FALSE,FALSE,FALSE,,,FALSE,FALSE,FALSE,FALSE,6,10,"Vacation	",Vacation,
22/08/2022,24/01/1444,Monday,Riyadh,No Holiday,,FALSE,FALSE,FALSE,FALSE,FALSE,FALSE,FALSE,Man United vs Liverpool,Preimer League,FALSE,FALSE,FALSE,FALSE,5,9,"Vacation	",Vacation,
23/08/2022,25/01/1444,Tuesday,Riyadh,No Holiday,,FALSE,FALSE,FALSE,FALSE,FALSE,FALSE,FALSE,,,FALSE,FALSE,FALSE,FALSE,4,8,"Vacation	",Vacation,
24/08/2022,26/01/1444,Wednesday,Riyadh,No Holiday,,FALSE,FALSE,FALSE,FALSE,FALSE,FALSE,FALSE,,,FALSE,FALSE,FALSE,FALSE,3,7,"Vacation	",Vacation,
25/08/2022,27/01/1444,Thursday,Riyadh,No Holiday,,FALSE,FALSE,FALSE,FALSE,FALSE,FALSE,FALSE,,KSA League,FALSE,FALSE,FALSE,FALSE,2,6,"Vacation	",Vacation,
26/08/2022,28/01/1444,Friday,Riyadh,No Holiday,,FALSE,FALSE,FALSE,FALSE,FALSE,FALSE,FALSE,,KSA League,FALSE,FALSE,FALSE,FALSE,1,5,"Vacation	",Vacation,
27/08/2022,29/01/1444,Saturday,Riyadh,No Holiday,,FALSE,FALSE,FALSE,FALSE,FALSE,FALSE,FALSE,,KSA League,FALSE,FALSE,FALSE,FALSE,0,4,"Vacation	",Vacation,
28/08/2022,1/2/1444,Sunday,Riyadh,No Holiday,,TRUE,FALSE,FALSE,FALSE,FALSE,FALSE,FALSE,,,FALSE,FALSE,FALSE,TRUE,31,3,1,88,1 - 1444
29/08/2022,2/2/1444,Monday,Riyadh,No Holiday,,TRUE,FALSE,FALSE,FALSE,FALSE,FALSE,FALSE,,,FALSE,FALSE,FALSE,FALSE,30,2,2,87,
30/08/2022,3/2/1444,Tuesday,Riyadh,No Holiday,,TRUE,FALSE,FALSE,FALSE,FALSE,FALSE,FALSE,,,FALSE,FALSE,FALSE,FALSE,29,1,3,86,
31/08/2022,4/2/1444,Wednesday,Riyadh,No Holiday,,TRUE,FALSE,FALSE,FALSE,FALSE,FALSE,FALSE,,KSA League,FALSE,FALSE,FALSE,FALSE,28,0,4,85,
01/09/2022,5/2/1444,Thursday,Riyadh,No Holiday,,TRUE,FALSE,FALSE,FALSE,FALSE,FALSE,FALSE,,,FALSE,FALSE,FALSE,FALSE,27,29,5,84,
02/09/2022,6/2/1444,Friday,Riyadh,No Holiday,,FALSE,FALSE,FALSE,FALSE,FALSE,FALSE,FALSE,,,FALSE,FALSE,FALSE,FALSE,26,28,6,83,
03/09/2022,7/2/1444,Saturday,Riyadh,No Holiday,,FALSE,FALSE,FALSE,FALSE,FALSE,FALSE,FALSE,,"KSA League, La liga",FALSE,FALSE,FALSE,FALSE,25,27,7,82,
04/09/2022,8/2/1444,Sunday,Riyadh,No Holiday,,TRUE,FALSE,FALSE,FALSE,FALSE,FALSE,FALSE,Man United vs Arsenal,"Preimer League, KSA League",FALSE,FALSE,FALSE,FALSE,24,26,8,81,
05/09/2022,9/2/1444,Monday,Riyadh,No Holiday,,TRUE,FALSE,FALSE,FALSE,FALSE,FALSE,FALSE,,,FALSE,FALSE,FALSE,FALSE,23,25,9,80,
06/09/2022,10/2/1444,Tuesday,Riyadh,No Holiday,,TRUE,FALSE,FALSE,FALSE,FALSE,FALSE,FALSE,,UEFA CL,FALSE,FALSE,FALSE,FALSE,22,24,10,79,
07/09/2022,11/2/1444,Wednesday,Riyadh,No Holiday,,TRUE,FALSE,FALSE,FALSE,FALSE,FALSE,FALSE,,UEFA CL,FALSE,FALSE,FALSE,FALSE,21,23,11,78,
08/09/2022,12/2/1444,Thursday,Riyadh,No Holiday,,TRUE,FALSE,FALSE,FALSE,FALSE,FALSE,FALSE,,,FALSE,FALSE,FALSE,FALSE,20,22,12,77,
09/09/2022,13/02/1444,Friday,Riyadh,No Holiday,,FALSE,FALSE,FALSE,FALSE,FALSE,FALSE,FALSE,,KSA League,FALSE,FALSE,FALSE,FALSE,19,21,13,76,
10/09/2022,14/02/1444,Saturday,Riyadh,No Holiday,,FALSE,FALSE,FALSE,FALSE,FALSE,FALSE,FALSE,,KSA League,FALSE,FALSE,FALSE,FALSE,18,20,14,75,
11/09/2022,15/02/1444,Sunday,Riyadh,No Holiday,,TRUE,FALSE,FALSE,FALSE,FALSE,FALSE,FALSE,,,FALSE,FALSE,FALSE,FALSE,17,19,15,74,
12/09/2022,16/02/1444,Monday,Riyadh,No Holiday,,TRUE,FALSE,FALSE,FALSE,FALSE,FALSE,FALSE,,,FALSE,FALSE,FALSE,FALSE,16,18,16,73,
13/09/2022,17/02/1444,Tuesday,Riyadh,No Holiday,,TRUE,FALSE,FALSE,FALSE,FALSE,FALSE,FALSE,,UEFA CL,FALSE,FALSE,FALSE,FALSE,15,17,17,72,
14/09/2022,18/02/1444,Wednesday,Riyadh,No Holiday,,TRUE,FALSE,FALSE,FALSE,FALSE,FALSE,FALSE,,UEFA CL,FALSE,FALSE,FALSE,FALSE,14,16,18,71,
15/09/2022,19/02/1444,Thursday,Riyadh,No Holiday,,TRUE,FALSE,FALSE,FALSE,FALSE,FALSE,FALSE,,KSA League,FALSE,FALSE,FALSE,FALSE,13,15,19,70,
16/09/2022,20/02/1444,Friday,Riyadh,No Holiday,,FALSE,FALSE,FALSE,FALSE,FALSE,FALSE,FALSE,,KSA League,FALSE,FALSE,FALSE,FALSE,12,14,20,69,
17/09/2022,21/02/1444,Saturday,Riyadh,No Holiday,,FALSE,FALSE,FALSE,FALSE,FALSE,FALSE,FALSE,,,FALSE,FALSE,FALSE,FALSE,11,13,21,68,
18/09/2022,22/02/1444,Sunday,Riyadh,No Holiday,,TRUE,FALSE,FALSE,FALSE,FALSE,FALSE,FALSE,,La liga,FALSE,FALSE,FALSE,FALSE,10,12,22,67,
19/09/2022,23/02/1444,Monday,Riyadh,No Holiday,,TRUE,FALSE,FALSE,FALSE,FALSE,FALSE,FALSE,,,FALSE,FALSE,FALSE,FALSE,9,11,23,66,
20/09/2022,24/02/1444,Tuesday,Riyadh,No Holiday,,TRUE,FALSE,FALSE,FALSE,FALSE,FALSE,FALSE,,,FALSE,FALSE,FALSE,FALSE,8,10,24,65,
21/09/2022,25/02/1444,Wednesday,Riyadh,No Holiday,,FALSE,FALSE,FALSE,FALSE,FALSE,FALSE,FALSE,,,FALSE,FALSE,FALSE,FALSE,7,9,25,64,
22/09/2022,26/02/1444,Thursday,Riyadh,Day off for Saudi National Day,Saudi National Day is a national holiday in Saudi Arabia,FALSE,FALSE,FALSE,FALSE,FALSE,FALSE,FALSE,,,FALSE,FALSE,FALSE,FALSE,6,8,26,63,
23/09/2022,27/02/1444,Friday,Riyadh,No Holiday,,FALSE,FALSE,FALSE,FALSE,FALSE,FALSE,FALSE,,,FALSE,FALSE,FALSE,FALSE,5,7,27,62,
24/09/2022,28/02/1444,Saturday,Riyadh,No Holiday,,FALSE,FALSE,FALSE,FALSE,FALSE,FALSE,FALSE,September Equinox in Saudi Arabia (Riyadh),,FALSE,FALSE,FALSE,FALSE,4,6,28,61,
25/09/2022,29/02/1444,Sunday,Riyadh,No Holiday,,TRUE,FALSE,TRUE,FALSE,FALSE,FALSE,FALSE,,,FALSE,FALSE,FALSE,FALSE,3,5,29,60,
26/09/2022,30/02/1444,Monday,Riyadh,No Holiday,,TRUE,FALSE,TRUE,FALSE,FALSE,FALSE,FALSE,,,FALSE,FALSE,FALSE,FALSE,2,4,30,59,
27/09/2022,1/3/1444,Tuesday,Riyadh,No Holiday,,TRUE,FALSE,TRUE,FALSE,FALSE,FALSE,FALSE,,,FALSE,FALSE,FALSE,TRUE,31,3,31,58,
28/09/2022,2/3/1444,Wednesday,Riyadh,No Holiday,,TRUE,FALSE,FALSE,FALSE,FALSE,FALSE,FALSE,,,FALSE,FALSE,FALSE,FALSE,30,2,32,57,
29/09/2022,3/3/1444,Thursday,Riyadh,No Holiday,,TRUE,FALSE,FALSE,FALSE,FALSE,FALSE,FALSE,,,مهرجان القهوة السعودية,فعالية تركز على تاريخ القهوة السعودية وطرق تحضيرها، مع مشاركة أفضل صناع القهوة المحليين، مركز ذي أرينا,رابط,FALSE,29,1,33,56,
30/09/2022,4/3/1444,Friday,Riyadh,No Holiday,,FALSE,FALSE,FALSE,FALSE,FALSE,FALSE,FALSE,,,FALSE,FALSE,FALSE,FALSE,28,0,34,55,
01/10/2022,5/3/1444,Saturday,Riyadh,No Holiday,,FALSE,FALSE,FALSE,FALSE,FALSE,FALSE,FALSE,Arsenal vs Tottenham,Preimer League,FALSE,FALSE,FALSE,FALSE,27,30,35,54,
02/10/2022,6/3/1444,Sunday,Riyadh,No Holiday,,TRUE,FALSE,FALSE,FALSE,FALSE,FALSE,FALSE,"Al Ittihad vs Al Nassr, King Fahd Stadium","Preimer League, KSA League",FALSE,FALSE,FALSE,FALSE,26,29,36,53,
03/10/2022,7/3/1444,Monday,Riyadh,No Holiday,,TRUE,FALSE,FALSE,FALSE,FALSE,FALSE,FALSE,,,FALSE,FALSE,FALSE,FALSE,25,28,37,52,
04/10/2022,8/3/1444,Tuesday,Riyadh,No Holiday,,TRUE,FALSE,FALSE,FALSE,FALSE,FALSE,FALSE,,UEFA CL,FALSE,FALSE,FALSE,FALSE,24,27,38,51,
05/10/2022,9/3/1444,Wednesday,Riyadh,No Holiday,,TRUE,FALSE,FALSE,FALSE,FALSE,FALSE,FALSE,,UEFA CL,FALSE,FALSE,FALSE,FALSE,23,26,39,50,
06/10/2022,10/3/1444,Thursday,Riyadh,No Holiday,,TRUE,FALSE,FALSE,FALSE,FALSE,FALSE,FALSE,,KSA League,FALSE,FALSE,FALSE,FALSE,22,25,40,49,
07/10/2022,11/3/1444,Friday,Riyadh,No Holiday,,FALSE,FALSE,FALSE,FALSE,FALSE,FALSE,FALSE,,KSA League,FALSE,FALSE,FALSE,FALSE,21,24,41,48,
08/10/2022,12/3/1444,Saturday,Riyadh,No Holiday,,FALSE,FALSE,FALSE,FALSE,FALSE,FALSE,FALSE,,,FALSE,FALSE,FALSE,FALSE,20,23,42,47,
09/10/2022,13/03/1444,Sunday,Riyadh,No Holiday,,TRUE,FALSE,FALSE,FALSE,FALSE,FALSE,FALSE,Arsenal vs Liverpool,Preimer League,FALSE,FALSE,FALSE,FALSE,19,22,43,46,
10/10/2022,14/03/1444,Monday,Riyadh,No Holiday,,TRUE,FALSE,FALSE,FALSE,FALSE,FALSE,FALSE,,KSA League,FALSE,FALSE,FALSE,FALSE,18,21,44,45,
11/10/2022,15/03/1444,Tuesday,Riyadh,No Holiday,,TRUE,FALSE,FALSE,FALSE,FALSE,FALSE,FALSE,,"UEFA CL, KSA League",FALSE,FALSE,FALSE,FALSE,17,20,45,44,
12/10/2022,16/03/1444,Wednesday,Riyadh,No Holiday,,TRUE,FALSE,FALSE,FALSE,FALSE,FALSE,FALSE,,UEFA CL,FALSE,FALSE,FALSE,FALSE,16,19,46,43,
13/10/2022,17/03/1444,Thursday,Riyadh,No Holiday,,TRUE,FALSE,FALSE,FALSE,FALSE,FALSE,FALSE,,,FALSE,FALSE,FALSE,FALSE,15,18,47,42,
14/10/2022,18/03/1444,Friday,Riyadh,No Holiday,,FALSE,FALSE,FALSE,FALSE,FALSE,FALSE,FALSE,,,FALSE,FALSE,FALSE,FALSE,14,17,48,41,
15/10/2022,19/03/1444,Saturday,Riyadh,No Holiday,,FALSE,FALSE,FALSE,FALSE,FALSE,FALSE,FALSE,,KSA League,FALSE,FALSE,FALSE,FALSE,13,16,49,40,
16/10/2022,20/03/1444,Sunday,Riyadh,No Holiday,,FALSE,FALSE,FALSE,FALSE,FALSE,FALSE,FALSE,Liverpool vs Man City,"Preimer League, KSA League, La liga",FALSE,FALSE,FALSE,FALSE,12,15,50,39,
17/10/2022,21/03/1444,Monday,Riyadh,No Holiday,,TRUE,FALSE,FALSE,FALSE,FALSE,FALSE,FALSE,,,FALSE,FALSE,FALSE,FALSE,11,14,51,38,
18/10/2022,22/03/1444,Tuesday,Riyadh,No Holiday,,TRUE,FALSE,FALSE,FALSE,FALSE,FALSE,FALSE,,,FALSE,FALSE,FALSE,FALSE,10,13,52,37,
19/10/2022,23/03/1444,Wednesday,Riyadh,No Holiday,,TRUE,FALSE,FALSE,FALSE,FALSE,FALSE,FALSE,Man United vs Tottenham,Preimer League,FALSE,FALSE,FALSE,FALSE,9,12,53,36,
20/10/2022,24/03/1444,Thursday,Riyadh,No Holiday,,TRUE,FALSE,FALSE,FALSE,FALSE,FALSE,FALSE,,,إطلاق موسم الرياض 2022,جذب أكثر من 20 مليون زائر، مما أدى إلى زيادة كبيرة في الحركة السياحية والاقتصادية.,رابط,FALSE,8,11,54,35,
21/10/2022,25/03/1444,Friday,Riyadh,No Holiday,,FALSE,FALSE,FALSE,FALSE,FALSE,FALSE,FALSE,,,FALSE,FALSE,FALSE,FALSE,7,10,55,34,
22/10/2022,26/03/1444,Saturday,Riyadh,No Holiday,,FALSE,FALSE,FALSE,FALSE,FALSE,FALSE,FALSE,Man United vs Chelsea,"Preimer League, La liga",FALSE,FALSE,FALSE,FALSE,6,9,56,33,
23/10/2022,27/03/1444,Sunday,Riyadh,No Holiday,,TRUE,FALSE,FALSE,FALSE,FALSE,FALSE,FALSE,,,FALSE,FALSE,FALSE,FALSE,5,8,57,32,
24/10/2022,28/03/1444,Monday,Riyadh,No Holiday,,TRUE,FALSE,FALSE,FALSE,FALSE,FALSE,FALSE,,,FALSE,FALSE,FALSE,FALSE,4,7,58,31,
25/10/2022,29/03/1444,Tuesday,Riyadh,No Holiday,,TRUE,FALSE,FALSE,FALSE,FALSE,FALSE,FALSE,,UEFA CL,FALSE,FALSE,FALSE,FALSE,3,6,59,30,
26/10/2022,1/4/1444,Wednesday,Riyadh,No Holiday,,TRUE,FALSE,FALSE,FALSE,FALSE,FALSE,FALSE,,UEFA CL,FALSE,FALSE,FALSE,FALSE,2,5,60,29,
27/10/2022,2/4/1444,Thursday,Riyadh,No Holiday,,TRUE,FALSE,FALSE,FALSE,FALSE,FALSE,FALSE,,,FALSE,FALSE,FALSE,TRUE,31,4,61,28,
28/10/2022,3/4/1444,Friday,Riyadh,No Holiday,,FALSE,FALSE,FALSE,FALSE,FALSE,FALSE,FALSE,,,FALSE,FALSE,FALSE,FALSE,30,3,62,27,
29/10/2022,4/4/1444,Saturday,Riyadh,No Holiday,,FALSE,FALSE,FALSE,FALSE,FALSE,FALSE,FALSE,,,FALSE,FALSE,FALSE,FALSE,29,2,63,26,
30/10/2022,5/4/1444,Sunday,Riyadh,No Holiday,,TRUE,FALSE,FALSE,FALSE,FALSE,FALSE,FALSE,,,FALSE,FALSE,FALSE,FALSE,28,1,64,25,
31/10/2022,6/4/1444,Monday,Riyadh,No Holiday,,TRUE,FALSE,FALSE,FALSE,FALSE,FALSE,FALSE,,,FALSE,FALSE,FALSE,FALSE,27,0,65,24,
01/11/2022,7/4/1444,Tuesday,Riyadh,No Holiday,,TRUE,FALSE,FALSE,FALSE,FALSE,FALSE,FALSE,,UEFA CL,FALSE,FALSE,FALSE,FALSE,26,29,66,23,
02/11/2022,8/4/1444,Wednesday,Riyadh,No Holiday,,TRUE,FALSE,FALSE,FALSE,FALSE,FALSE,FALSE,,UEFA CL,FALSE,FALSE,FALSE,FALSE,25,28,67,22,
03/11/2022,9/4/1444,Thursday,Riyadh,No Holiday,,TRUE,FALSE,FALSE,TRUE,FALSE,FALSE,FALSE,,,مهرجان نور الرياض,انتشرت الأعمال في 40 موقعًا بالرياض، بما في ذلك منتزه الملك عبد الله ووادي حنيفة وحي جاكس و تجاوز عدد الزوار 2.5 مليون زائر,رابط,FALSE,24,27,68,21,
04/11/2022,10/4/1444,Friday,Riyadh,No Holiday,,FALSE,FALSE,TRUE,FALSE,FALSE,FALSE,FALSE,,,FALSE,FALSE,FALSE,FALSE,23,26,69,20,
05/11/2022,11/4/1444,Saturday,Riyadh,No Holiday,,FALSE,FALSE,FALSE,FALSE,FALSE,FALSE,FALSE,,,FALSE,FALSE,FALSE,FALSE,22,25,70,19,
06/11/2022,12/4/1444,Sunday,Riyadh,No Holiday,,TRUE,FALSE,FALSE,FALSE,FALSE,FALSE,FALSE,Liverpool vs Tottenham,Preimer League,FALSE,FALSE,FALSE,FALSE,21,24,71,18,
07/11/2022,13/04/1444,Monday,Riyadh,No Holiday,,TRUE,FALSE,FALSE,FALSE,FALSE,FALSE,FALSE,,,FALSE,FALSE,FALSE,FALSE,20,23,72,17,
08/11/2022,14/04/1444,Tuesday,Riyadh,No Holiday,,TRUE,FALSE,FALSE,TRUE,FALSE,FALSE,FALSE,,,FALSE,FALSE,FALSE,FALSE,19,22,73,16,
09/11/2022,15/04/1444,Wednesday,Riyadh,No Holiday,,TRUE,FALSE,FALSE,FALSE,FALSE,FALSE,FALSE,Man City vs Chelsea,Preimer League,FALSE,FALSE,FALSE,FALSE,18,21,74,15,
10/11/2022,16/04/1444,Thursday,Riyadh,No Holiday,,FALSE,FALSE,FALSE,FALSE,FALSE,FALSE,FALSE,,,FALSE,FALSE,FALSE,FALSE,17,20,75,14,
11/11/2022,17/04/1444,Friday,Riyadh,No Holiday,,FALSE,FALSE,TRUE,FALSE,FALSE,FALSE,FALSE,,,FALSE,FALSE,FALSE,FALSE,16,19,76,13,
12/11/2022,18/04/1444,Saturday,Riyadh,No Holiday,,FALSE,FALSE,FALSE,FALSE,FALSE,FALSE,FALSE,,,FALSE,FALSE,FALSE,FALSE,15,18,77,12,
13/11/2022,19/04/1444,Sunday,Riyadh,No Holiday,,TRUE,FALSE,FALSE,FALSE,FALSE,FALSE,FALSE,,,FALSE,FALSE,FALSE,FALSE,14,17,78,11,
14/11/2022,20/04/1444,Monday,Riyadh,No Holiday,,TRUE,FALSE,FALSE,FALSE,FALSE,FALSE,FALSE,,,FALSE,FALSE,FALSE,FALSE,13,16,79,10,
15/11/2022,21/04/1444,Tuesday,Riyadh,No Holiday,,TRUE,FALSE,FALSE,FALSE,FALSE,FALSE,FALSE,,,FALSE,FALSE,FALSE,FALSE,12,15,80,9,
16/11/2022,22/04/1444,Wednesday,Riyadh,No Holiday,,TRUE,FALSE,FALSE,FALSE,FALSE,FALSE,FALSE,"Saudi Arabia vs Croatia, Date: 16 November 2022, Stadium: Prince Faisal bin Fahd Stadium, Riyadh, Score: Saudi Arabia 0–1 Croatia, Attendance: 8,287 ",National Cup,FALSE,FALSE,FALSE,FALSE,11,14,81,8,
17/11/2022,23/04/1444,Thursday,Riyadh,No Holiday,,TRUE,FALSE,FALSE,FALSE,FALSE,FALSE,FALSE,,,FALSE,FALSE,FALSE,FALSE,10,13,82,7,
18/11/2022,24/04/1444,Friday,Riyadh,No Holiday,,TRUE,FALSE,FALSE,FALSE,FALSE,FALSE,FALSE,,,FALSE,FALSE,FALSE,FALSE,9,12,83,6,
19/11/2022,25/04/1444,Saturday,Riyadh,No Holiday,,FALSE,FALSE,FALSE,FALSE,TRUE,FALSE,FALSE,,,FALSE,FALSE,FALSE,FALSE,8,11,84,5,
20/11/2022,26/04/1444,Sunday,Riyadh,No Holiday,,FALSE,FALSE,FALSE,FALSE,FALSE,FALSE,FALSE,,World Cup,FALSE,FALSE,FALSE,FALSE,7,10,85,4,
21/11/2022,27/04/1444,Monday,Riyadh,No Holiday,,TRUE,FALSE,FALSE,FALSE,FALSE,FALSE,FALSE,,World Cup,FALSE,FALSE,FALSE,FALSE,6,9,86,3,
22/11/2022,28/04/1444,Tuesday,Riyadh,No Holiday,,TRUE,FALSE,FALSE,FALSE,FALSE,FALSE,FALSE,KSA vs Argentina,World Cup,FALSE,FALSE,FALSE,FALSE,5,8,87,2,
23/11/2022,29/04/1444,Wednesday,Riyadh,Public holiday,It's a holiday to celebrate KSA victory over Argentina.,FALSE,FALSE,FALSE,FALSE,FALSE,FALSE,FALSE,,World Cup,FALSE,FALSE,FALSE,FALSE,4,7,88,1,
24/11/2022,30/04/1444,Thursday,Riyadh,No Holiday,,FALSE,FALSE,FALSE,FALSE,FALSE,FALSE,FALSE,,World Cup,FALSE,FALSE,FALSE,FALSE,3,6,"Vacation	",Vacation,
25/11/2022,1/5/1444,Friday,Riyadh,No Holiday,,FALSE,FALSE,FALSE,FALSE,FALSE,FALSE,FALSE,,World Cup,FALSE,FALSE,FALSE,FALSE,2,5,"Vacation	",Vacation,
26/11/2022,2/5/1444,Saturday,Riyadh,No Holiday,,FALSE,FALSE,FALSE,FALSE,FALSE,FALSE,FALSE,KSA vs Poland,World Cup,FALSE,FALSE,FALSE,FALSE,1,4,"Vacation	",Vacation,
27/11/2022,3/5/1444,Sunday,Riyadh,No Holiday,,FALSE,FALSE,FALSE,FALSE,FALSE,FALSE,FALSE,,World Cup,FALSE,FALSE,FALSE,TRUE,31,3,"Vacation	",Vacation,
28/11/2022,4/5/1444,Monday,Riyadh,No Holiday,,FALSE,FALSE,FALSE,FALSE,FALSE,FALSE,FALSE,,World Cup,FALSE,FALSE,FALSE,FALSE,30,2,"Vacation	",Vacation,
29/11/2022,5/5/1444,Tuesday,Riyadh,No Holiday,,FALSE,FALSE,FALSE,FALSE,FALSE,FALSE,FALSE,,World Cup,FALSE,FALSE,FALSE,FALSE,29,1,"Vacation	",Vacation,
30/11/2022,6/5/1444,Wednesday,Riyadh,No Holiday,,FALSE,FALSE,FALSE,FALSE,FALSE,FALSE,FALSE,KSA vs Mexico,World Cup,FALSE,FALSE,FALSE,FALSE,28,0,"Vacation	",Vacation,
01/12/2022,7/5/1444,Thursday,Riyadh,No Holiday,,FALSE,FALSE,FALSE,FALSE,FALSE,FALSE,FALSE,,World Cup,FALSE,FALSE,FALSE,FALSE,27,30,"Vacation	",Vacation,
02/12/2022,8/5/1444,Friday,Riyadh,No Holiday,,FALSE,FALSE,FALSE,FALSE,FALSE,FALSE,FALSE,,World Cup,FALSE,FALSE,FALSE,FALSE,26,29,"Vacation	",Vacation,
03/12/2022,9/5/1444,Saturday,Riyadh,No Holiday,,FALSE,FALSE,FALSE,FALSE,FALSE,FALSE,FALSE,,World Cup,FALSE,FALSE,FALSE,FALSE,25,28,"Vacation	",Vacation,
04/12/2022,10/5/1444,Sunday,Riyadh,No Holiday,,TRUE,FALSE,FALSE,FALSE,FALSE,FALSE,FALSE,,World Cup,FALSE,FALSE,FALSE,FALSE,24,27,1,88,2 - 1444
05/12/2022,11/5/1444,Monday,Riyadh,No Holiday,,TRUE,FALSE,FALSE,FALSE,FALSE,FALSE,FALSE,,World Cup,FALSE,FALSE,FALSE,FALSE,23,26,2,87,
06/12/2022,12/5/1444,Tuesday,Riyadh,No Holiday,,TRUE,FALSE,FALSE,FALSE,FALSE,FALSE,FALSE,,World Cup,FALSE,FALSE,FALSE,FALSE,22,25,3,86,
07/12/2022,13/05/1444,Wednesday,Riyadh,No Holiday,,TRUE,FALSE,FALSE,FALSE,TRUE,FALSE,FALSE,,,قمة الرياض العربية-الصينية,شارك فيها قادة دول مجلس التعاون الخليجي والعالم العربي، وأبرمت اتفاقيات تعزز التعاون الاقتصادي والأمني .,رابط,FALSE,21,24,4,85,
08/12/2022,14/05/1444,Thursday,Riyadh,No Holiday,,TRUE,FALSE,TRUE,FALSE,TRUE,FALSE,FALSE,,,FALSE,FALSE,FALSE,FALSE,20,23,5,84,
09/12/2022,15/05/1444,Friday,Riyadh,No Holiday,,FALSE,TRUE,FALSE,FALSE,FALSE,FALSE,FALSE,,World Cup,FALSE,FALSE,FALSE,FALSE,19,22,6,83,
10/12/2022,16/05/1444,Saturday,Riyadh,No Holiday,,FALSE,FALSE,FALSE,FALSE,TRUE,FALSE,FALSE,,World Cup,FALSE,FALSE,FALSE,FALSE,18,21,7,82,
11/12/2022,17/05/1444,Sunday,Riyadh,No Holiday,,TRUE,FALSE,FALSE,FALSE,TRUE,FALSE,FALSE,,,FALSE,FALSE,FALSE,FALSE,17,20,8,81,
12/12/2022,18/05/1444,Monday,Riyadh,No Holiday,,TRUE,FALSE,FALSE,FALSE,FALSE,FALSE,FALSE,,,FALSE,FALSE,FALSE,FALSE,16,19,9,80,
13/12/2022,19/05/1444,Tuesday,Riyadh,No Holiday,,TRUE,FALSE,FALSE,FALSE,FALSE,FALSE,FALSE,,World Cup,FALSE,FALSE,FALSE,FALSE,15,18,10,79,
14/12/2022,20/05/1444,Wednesday,Riyadh,No Holiday,,TRUE,FALSE,FALSE,FALSE,FALSE,FALSE,FALSE,,World Cup,FALSE,FALSE,FALSE,FALSE,14,17,11,78,
15/12/2022,21/05/1444,Thursday,Riyadh,No Holiday,,TRUE,FALSE,FALSE,FALSE,FALSE,FALSE,FALSE,,,FALSE,FALSE,FALSE,FALSE,13,16,12,77,
16/12/2022,22/05/1444,Friday,Riyadh,No Holiday,,FALSE,FALSE,FALSE,FALSE,FALSE,FALSE,FALSE,,,FALSE,FALSE,FALSE,FALSE,12,15,13,76,
17/12/2022,23/05/1444,Saturday,Riyadh,No Holiday,,FALSE,FALSE,FALSE,FALSE,TRUE,FALSE,FALSE,,World Cup,FALSE,FALSE,FALSE,FALSE,11,14,14,75,
18/12/2022,24/05/1444,Sunday,Riyadh,No Holiday,,FALSE,FALSE,FALSE,FALSE,FALSE,FALSE,FALSE,,World Cup,FALSE,FALSE,FALSE,FALSE,10,13,15,74,
19/12/2022,25/05/1444,Monday,Riyadh,No Holiday,,TRUE,FALSE,FALSE,FALSE,FALSE,FALSE,FALSE,,,FALSE,FALSE,FALSE,FALSE,9,12,16,73,
20/12/2022,26/05/1444,Tuesday,Riyadh,No Holiday,,TRUE,FALSE,FALSE,FALSE,FALSE,FALSE,FALSE,,,FALSE,FALSE,FALSE,FALSE,8,11,17,72,
21/12/2022,27/05/1444,Wednesday,Riyadh,No Holiday,,TRUE,FALSE,FALSE,FALSE,FALSE,FALSE,FALSE,,KSA League,FALSE,FALSE,FALSE,FALSE,7,10,18,71,
22/12/2022,28/05/1444,Thursday,Riyadh,No Holiday,,TRUE,FALSE,FALSE,FALSE,FALSE,FALSE,FALSE,December Solstice in Saudi Arabia (Riyadh),KSA League,FALSE,FALSE,FALSE,FALSE,6,9,19,70,
23/12/2022,29/05/1444,Friday,Riyadh,No Holiday,,FALSE,FALSE,TRUE,TRUE,FALSE,FALSE,FALSE,,,FALSE,FALSE,FALSE,FALSE,5,8,20,69,
24/12/2022,30/05/1444,Saturday,Riyadh,No Holiday,,FALSE,FALSE,FALSE,FALSE,FALSE,FALSE,FALSE,,,FALSE,FALSE,FALSE,FALSE,4,7,21,68,
25/12/2022,1/6/1444,Sunday,Riyadh,No Holiday,,TRUE,FALSE,FALSE,FALSE,FALSE,FALSE,FALSE,,,FALSE,FALSE,FALSE,FALSE,3,6,22,67,
26/12/2022,2/6/1444,Monday,Riyadh,No Holiday,,TRUE,FALSE,FALSE,FALSE,FALSE,FALSE,FALSE,"Al Hilal vs Al Nassr, King Fahd Stadium",KSA League,FALSE,FALSE,FALSE,FALSE,2,5,23,66,
27/12/2022,3/6/1444,Tuesday,Riyadh,No Holiday,,TRUE,FALSE,FALSE,TRUE,FALSE,FALSE,FALSE,,,FALSE,FALSE,FALSE,TRUE,31,4,24,65,
28/12/2022,4/6/1444,Wednesday,Riyadh,No Holiday,,TRUE,FALSE,FALSE,FALSE,FALSE,FALSE,FALSE,,,FALSE,FALSE,FALSE,FALSE,30,3,25,64,
29/12/2022,5/6/1444,Thursday,Riyadh,No Holiday,,TRUE,FALSE,FALSE,FALSE,FALSE,FALSE,FALSE,,,FALSE,FALSE,FALSE,FALSE,29,2,26,63,
30/12/2022,6/6/1444,Friday,Riyadh,No Holiday,,FALSE,TRUE,FALSE,FALSE,TRUE,FALSE,TRUE,,,FALSE,FALSE,FALSE,FALSE,28,1,27,62,
31/12/2022,7/6/1444,Saturday,Riyadh,No Holiday,,FALSE,FALSE,FALSE,FALSE,TRUE,FALSE,FALSE,,,FALSE,FALSE,FALSE,FALSE,27,0,28,61,
01/01/2023,8/6/1444,Sunday,Riyadh,No Holiday,,TRUE,FALSE,FALSE,FALSE,TRUE,FALSE,TRUE,,,FALSE,FALSE,FALSE,FALSE,26,30,29,60,
02/01/2023,9/6/1444,Monday,Riyadh,No Holiday,,TRUE,FALSE,FALSE,FALSE,TRUE,FALSE,TRUE,,,FALSE,FALSE,FALSE,FALSE,25,29,30,59,
03/01/2023,10/6/1444,Tuesday,Riyadh,No Holiday,,FALSE,TRUE,FALSE,FALSE,TRUE,FALSE,TRUE,,,FALSE,FALSE,FALSE,FALSE,24,28,31,58,
04/01/2023,11/6/1444,Wednesday,Riyadh,No Holiday,,TRUE,TRUE,FALSE,FALSE,TRUE,FALSE,TRUE,was online school day,,FALSE,FALSE,FALSE,FALSE,23,27,32,57,
05/01/2023,12/6/1444,Thursday,Riyadh,No Holiday,,TRUE,TRUE,FALSE,FALSE,TRUE,FALSE,TRUE,Al Ittihad vs Al Nassr,"Preimer League, KSA League",افتتاح المسار البرتقالي لشبكة قطار الرياض,تحسين حركة النقل العام وتخفيف الزحام المروري في المدينة.,رابط,FALSE,22,26,33,56,
06/01/2023,13/06/1444,Friday,Riyadh,No Holiday,,FALSE,TRUE,FALSE,FALSE,FALSE,FALSE,TRUE,,Gulf Cup,FALSE,FALSE,FALSE,FALSE,21,25,34,55,
07/01/2023,14/06/1444,Saturday,Riyadh,No Holiday,,FALSE,TRUE,FALSE,FALSE,TRUE,FALSE,TRUE,,Gulf Cup,FALSE,FALSE,FALSE,FALSE,20,24,35,54,
08/01/2023,15/06/1444,Sunday,Riyadh,No Holiday,,TRUE,FALSE,FALSE,FALSE,FALSE,FALSE,FALSE,,La liga,FALSE,FALSE,FALSE,FALSE,19,23,36,53,
09/01/2023,16/06/1444,Monday,Riyadh,No Holiday,,TRUE,FALSE,FALSE,FALSE,FALSE,FALSE,FALSE,,Gulf Cup,FALSE,FALSE,FALSE,FALSE,18,22,37,52,
10/01/2023,17/06/1444,Tuesday,Riyadh,No Holiday,,TRUE,FALSE,FALSE,FALSE,FALSE,FALSE,TRUE,,Gulf Cup,FALSE,FALSE,FALSE,FALSE,17,21,38,51,
11/01/2023,18/06/1444,Wednesday,Riyadh,No Holiday,,TRUE,FALSE,FALSE,FALSE,FALSE,FALSE,FALSE,,,FALSE,FALSE,FALSE,FALSE,16,20,39,50,
12/01/2023,19/06/1444,Thursday,Riyadh,No Holiday,,TRUE,FALSE,FALSE,FALSE,FALSE,FALSE,FALSE,,Gulf Cup,FALSE,FALSE,FALSE,FALSE,15,19,40,49,
13/01/2023,20/06/1444,Friday,Riyadh,No Holiday,,FALSE,FALSE,FALSE,FALSE,FALSE,FALSE,FALSE,,"Preimer League, Gulf Cup",FALSE,FALSE,FALSE,FALSE,14,18,41,48,
14/01/2023,21/06/1444,Saturday,Riyadh,No Holiday,,FALSE,FALSE,FALSE,FALSE,FALSE,FALSE,TRUE,,Preimer League,FALSE,FALSE,FALSE,FALSE,13,17,42,47,
15/01/2023,22/06/1444,Sunday,Riyadh,No Holiday,,FALSE,FALSE,FALSE,FALSE,TRUE,FALSE,FALSE,"Barcelona vs Real Madrid, King Fahd International Stadium, Riyadh",La liga,FALSE,FALSE,FALSE,FALSE,12,16,43,46,
16/01/2023,23/06/1444,Monday,Riyadh,No Holiday,,TRUE,FALSE,FALSE,FALSE,TRUE,FALSE,FALSE,,Gulf Cup,FALSE,FALSE,FALSE,FALSE,11,15,44,45,
17/01/2023,24/06/1444,Tuesday,Riyadh,No Holiday,,TRUE,TRUE,FALSE,TRUE,TRUE,FALSE,TRUE,,,FALSE,FALSE,FALSE,FALSE,10,14,45,44,
18/01/2023,25/06/1444,Wednesday,Riyadh,No Holiday,,TRUE,FALSE,FALSE,FALSE,TRUE,FALSE,FALSE,,,FALSE,FALSE,FALSE,FALSE,9,13,46,43,
19/01/2023,26/06/1444,Thursday,Riyadh,No Holiday,,TRUE,FALSE,FALSE,FALSE,FALSE,FALSE,FALSE,"Al Hilal & Al Nassr vs PSG, King Fahd Stadium","Preimer League, KSA League, Gulf Cup",FALSE,FALSE,FALSE,FALSE,8,12,47,42,
20/01/2023,27/06/1444,Friday,Riyadh,No Holiday,,FALSE,FALSE,FALSE,FALSE,FALSE,FALSE,FALSE,,,FALSE,FALSE,FALSE,FALSE,7,11,48,41,
21/01/2023,28/06/1444,Saturday,Riyadh,No Holiday,,FALSE,FALSE,FALSE,FALSE,FALSE,FALSE,FALSE,,,FALSE,FALSE,FALSE,FALSE,6,10,49,40,
22/01/2023,29/06/1444,Sunday,Riyadh,No Holiday,,TRUE,FALSE,FALSE,FALSE,FALSE,FALSE,FALSE,,,FALSE,FALSE,FALSE,FALSE,5,9,50,39,
23/01/2023,1/7/1444,Monday,Riyadh,No Holiday,,TRUE,TRUE,FALSE,FALSE,FALSE,FALSE,TRUE,,Preimer League,FALSE,FALSE,FALSE,FALSE,4,8,51,38,
24/01/2023,2/7/1444,Tuesday,Riyadh,No Holiday,,TRUE,FALSE,FALSE,FALSE,FALSE,FALSE,TRUE,,,FALSE,FALSE,FALSE,FALSE,3,7,52,37,
25/01/2023,3/7/1444,Wednesday,Riyadh,No Holiday,,TRUE,FALSE,FALSE,FALSE,TRUE,FALSE,TRUE,,,FALSE,FALSE,FALSE,FALSE,2,6,53,36,
26/01/2023,4/7/1444,Thursday,Riyadh,No Holiday,,TRUE,TRUE,TRUE,FALSE,TRUE,FALSE,TRUE,Al Ittihad vs Al Nassr,KSA League,FALSE,FALSE,FALSE,TRUE,31,5,54,35,
27/01/2023,5/7/1444,Friday,Riyadh,No Holiday,,FALSE,FALSE,FALSE,FALSE,FALSE,FALSE,FALSE,,,FALSE,FALSE,FALSE,FALSE,30,4,55,34,
28/01/2023,6/7/1444,Saturday,Riyadh,No Holiday,,FALSE,FALSE,FALSE,FALSE,TRUE,FALSE,FALSE,,,FALSE,FALSE,FALSE,FALSE,29,3,56,33,
29/01/2023,7/7/1444,Sunday,Riyadh,No Holiday,,TRUE,FALSE,FALSE,FALSE,FALSE,FALSE,FALSE,,,FALSE,FALSE,FALSE,FALSE,28,2,57,32,
30/01/2023,8/7/1444,Monday,Riyadh,No Holiday,,TRUE,FALSE,FALSE,FALSE,FALSE,FALSE,FALSE,,,FALSE,FALSE,FALSE,FALSE,27,1,58,31,
31/01/2023,9/7/1444,Tuesday,Riyadh,No Holiday,,TRUE,FALSE,TRUE,FALSE,FALSE,FALSE,FALSE,,,FALSE,FALSE,FALSE,FALSE,26,0,59,30,
01/02/2023,10/7/1444,Wednesday,Riyadh,No Holiday,,TRUE,FALSE,TRUE,FALSE,FALSE,FALSE,FALSE,,,FALSE,FALSE,FALSE,FALSE,25,27,60,29,
02/02/2023,11/7/1444,Thursday,Riyadh,No Holiday,,TRUE,FALSE,FALSE,FALSE,FALSE,FALSE,FALSE,,,FALSE,FALSE,FALSE,FALSE,24,26,61,28,
03/02/2023,12/7/1444,Friday,Riyadh,No Holiday,,FALSE,FALSE,FALSE,FALSE,FALSE,FALSE,FALSE,,Preimer League,FALSE,FALSE,FALSE,FALSE,23,25,62,27,
04/02/2023,13/07/1444,Saturday,Riyadh,No Holiday,,FALSE,FALSE,FALSE,FALSE,FALSE,FALSE,FALSE,,Preimer League,FALSE,FALSE,FALSE,FALSE,22,24,63,26,
05/02/2023,14/07/1444,Sunday,Riyadh,No Holiday,,TRUE,FALSE,FALSE,FALSE,FALSE,FALSE,FALSE,,"Preimer League, La liga",FALSE,FALSE,FALSE,FALSE,21,23,64,25,
06/02/2023,15/07/1444,Monday,Riyadh,No Holiday,,TRUE,FALSE,TRUE,TRUE,FALSE,FALSE,FALSE,,,FALSE,FALSE,FALSE,FALSE,20,22,65,24,
07/02/2023,16/07/1444,Tuesday,Riyadh,No Holiday,,TRUE,FALSE,FALSE,FALSE,FALSE,FALSE,FALSE,,,FALSE,FALSE,FALSE,FALSE,19,21,66,23,
08/02/2023,17/07/1444,Wednesday,Riyadh,No Holiday,,TRUE,FALSE,FALSE,FALSE,FALSE,FALSE,FALSE,,Preimer League,FALSE,FALSE,FALSE,FALSE,18,20,67,22,
09/02/2023,18/07/1444,Thursday,Riyadh,No Holiday,,TRUE,FALSE,FALSE,FALSE,FALSE,FALSE,FALSE,,,FALSE,FALSE,FALSE,FALSE,17,19,68,21,
10/02/2023,19/07/1444,Friday,Riyadh,No Holiday,,FALSE,FALSE,FALSE,FALSE,FALSE,FALSE,FALSE,,,FALSE,FALSE,FALSE,FALSE,16,18,69,20,
11/02/2023,20/07/1444,Saturday,Riyadh,No Holiday,,FALSE,FALSE,FALSE,FALSE,FALSE,FALSE,FALSE,,Preimer League,FALSE,FALSE,FALSE,FALSE,15,17,70,19,
12/02/2023,21/07/1444,Sunday,Riyadh,No Holiday,,TRUE,FALSE,FALSE,FALSE,FALSE,FALSE,FALSE,,Preimer League,FALSE,FALSE,FALSE,FALSE,14,16,71,18,
13/02/2023,22/07/1444,Monday,Riyadh,No Holiday,,TRUE,FALSE,FALSE,FALSE,FALSE,FALSE,FALSE,,Preimer League,FALSE,FALSE,FALSE,FALSE,13,15,72,17,
14/02/2023,23/07/1444,Tuesday,Riyadh,No Holiday,,TRUE,FALSE,FALSE,FALSE,FALSE,FALSE,FALSE,,UEFA CL,FALSE,FALSE,FALSE,FALSE,12,14,73,16,
15/02/2023,24/07/1444,Wednesday,Riyadh,No Holiday,,TRUE,FALSE,FALSE,FALSE,FALSE,FALSE,FALSE,,Preimer League,FALSE,FALSE,FALSE,FALSE,11,13,74,15,
16/02/2023,25/07/1444,Thursday,Riyadh,No Holiday,,TRUE,FALSE,FALSE,FALSE,FALSE,FALSE,FALSE,,,FALSE,FALSE,FALSE,FALSE,10,12,75,14,
17/02/2023,26/07/1444,Friday,Riyadh,No Holiday,,FALSE,FALSE,FALSE,FALSE,FALSE,FALSE,FALSE,,,FALSE,FALSE,FALSE,FALSE,9,11,76,13,
18/02/2023,27/07/1444,Saturday,Riyadh,No Holiday,,FALSE,FALSE,FALSE,FALSE,FALSE,FALSE,FALSE,,Preimer League,FALSE,FALSE,FALSE,FALSE,8,10,77,12,
19/02/2023,28/07/1444,Sunday,Riyadh,No Holiday,,TRUE,FALSE,FALSE,FALSE,FALSE,FALSE,FALSE,,Preimer League,FALSE,FALSE,FALSE,FALSE,7,9,78,11,
20/02/2023,29/07/1444,Monday,Riyadh,No Holiday,,TRUE,FALSE,FALSE,FALSE,FALSE,FALSE,FALSE,,,FALSE,FALSE,FALSE,FALSE,6,8,79,10,
21/02/2023,1/8/1444,Tuesday,Riyadh,No Holiday,,TRUE,FALSE,FALSE,FALSE,FALSE,FALSE,FALSE,,UEFA CL,FALSE,FALSE,FALSE,FALSE,5,7,80,9,
22/02/2023,2/8/1444,Wednesday,Riyadh,Founding Day,Founding Day is a national holiday in Saudi Arabia,FALSE,FALSE,FALSE,FALSE,FALSE,FALSE,FALSE,,UEFA CL,FALSE,FALSE,FALSE,FALSE,4,6,81,8,
23/02/2023,3/8/1444,Thursday,Riyadh,Founding Day Public Sector Holiday,Founding Day Public Sector Holiday is a public sector holiday in Saudi Arabia,FALSE,FALSE,FALSE,FALSE,FALSE,FALSE,FALSE,,,FALSE,FALSE,FALSE,FALSE,3,5,82,7,
24/02/2023,4/8/1444,Friday,Riyadh,No Holiday,,FALSE,FALSE,FALSE,FALSE,FALSE,FALSE,FALSE,,Preimer League,FALSE,FALSE,FALSE,FALSE,2,4,83,6,
25/02/2023,5/8/1444,Saturday,Riyadh,No Holiday,,FALSE,FALSE,FALSE,FALSE,FALSE,FALSE,FALSE,,"Preimer League, La liga",FALSE,FALSE,FALSE,FALSE,1,3,84,5,
26/02/2023,6/8/1444,Sunday,Riyadh,No Holiday,,TRUE,FALSE,FALSE,FALSE,FALSE,FALSE,FALSE,,Preimer League,FALSE,FALSE,FALSE,FALSE,0,2,85,4,
27/02/2023,7/8/1444,Monday,Riyadh,No Holiday,,TRUE,FALSE,TRUE,FALSE,FALSE,FALSE,FALSE,,,FALSE,FALSE,FALSE,TRUE,31,1,86,3,
28/02/2023,8/8/1444,Tuesday,Riyadh,No Holiday,,TRUE,FALSE,TRUE,FALSE,FALSE,FALSE,FALSE,,,FALSE,FALSE,FALSE,FALSE,30,0,87,2,
01/03/2023,9/8/1444,Wednesday,Riyadh,No Holiday,,TRUE,FALSE,FALSE,FALSE,FALSE,FALSE,FALSE,,Preimer League,FALSE,FALSE,FALSE,FALSE,29,30,88,1,
02/03/2023,10/8/1444,Thursday,Riyadh,No Holiday,,FALSE,FALSE,FALSE,FALSE,FALSE,FALSE,FALSE,,,FALSE,FALSE,FALSE,FALSE,28,29,"Vacation	",Vacation,
03/03/2023,11/8/1444,Friday,Riyadh,No Holiday,,FALSE,FALSE,FALSE,FALSE,FALSE,FALSE,FALSE,,,FALSE,FALSE,FALSE,FALSE,27,28,"Vacation	",Vacation,
04/03/2023,12/8/1444,Saturday,Riyadh,No Holiday,,FALSE,FALSE,FALSE,FALSE,FALSE,FALSE,FALSE,,Preimer League,FALSE,FALSE,FALSE,FALSE,26,27,"Vacation	",Vacation,
05/03/2023,13/08/1444,Sunday,Riyadh,No Holiday,,FALSE,FALSE,FALSE,FALSE,FALSE,FALSE,FALSE,,Preimer League,FALSE,FALSE,FALSE,FALSE,25,26,"Vacation	",Vacation,
06/03/2023,14/08/1444,Monday,Riyadh,No Holiday,,FALSE,FALSE,FALSE,FALSE,FALSE,FALSE,FALSE,,Preimer League,FALSE,FALSE,FALSE,FALSE,24,25,"Vacation	",Vacation,
07/03/2023,15/08/1444,Tuesday,Riyadh,No Holiday,,FALSE,FALSE,FALSE,FALSE,FALSE,FALSE,FALSE,,UEFA CL,FALSE,FALSE,FALSE,FALSE,23,24,"Vacation	",Vacation,
08/03/2023,16/08/1444,Wednesday,Riyadh,No Holiday,,FALSE,FALSE,FALSE,FALSE,FALSE,FALSE,FALSE,,UEFA CL,FALSE,FALSE,FALSE,FALSE,22,23,"Vacation	",Vacation,
09/03/2023,17/08/1444,Thursday,Riyadh,No Holiday,,FALSE,FALSE,FALSE,FALSE,FALSE,FALSE,FALSE,Al Ittihad vs Al Nassr,KSA League,FALSE,FALSE,FALSE,FALSE,21,22,"Vacation	",Vacation,
10/03/2023,18/08/1444,Friday,Riyadh,No Holiday,,FALSE,FALSE,FALSE,TRUE,FALSE,FALSE,FALSE,,,FALSE,FALSE,FALSE,FALSE,20,21,"Vacation	",Vacation,
11/03/2023,19/08/1444,Saturday,Riyadh,No Holiday,,FALSE,FALSE,FALSE,FALSE,FALSE,FALSE,FALSE,,Preimer League,FALSE,FALSE,FALSE,FALSE,19,20,"Vacation	",Vacation,
12/03/2023,20/08/1444,Sunday,Riyadh,No Holiday,,TRUE,TRUE,FALSE,FALSE,FALSE,FALSE,TRUE,Flag Day is a observance in Saudi Arabia,Preimer League,FALSE,FALSE,FALSE,FALSE,18,19,1,102,3 - 1444
13/03/2023,21/08/1444,Monday,Riyadh,No Holiday,,TRUE,FALSE,FALSE,FALSE,TRUE,FALSE,TRUE,,,FALSE,FALSE,FALSE,FALSE,17,18,2,101,
14/03/2023,22/08/1444,Tuesday,Riyadh,No Holiday,,TRUE,FALSE,FALSE,FALSE,FALSE,FALSE,FALSE,,UEFA CL,FALSE,FALSE,FALSE,FALSE,16,17,3,100,
15/03/2023,23/08/1444,Wednesday,Riyadh,No Holiday,,TRUE,FALSE,FALSE,FALSE,FALSE,FALSE,TRUE,,Preimer League,FALSE,FALSE,FALSE,FALSE,15,16,4,99,
16/03/2023,24/08/1444,Thursday,Riyadh,No Holiday,,TRUE,TRUE,FALSE,FALSE,FALSE,FALSE,TRUE,,,FALSE,FALSE,FALSE,FALSE,14,15,5,98,
17/03/2023,25/08/1444,Friday,Riyadh,No Holiday,,FALSE,FALSE,FALSE,FALSE,FALSE,FALSE,FALSE,,Preimer League,FALSE,FALSE,FALSE,FALSE,13,14,6,97,
18/03/2023,26/08/1444,Saturday,Riyadh,No Holiday,,FALSE,FALSE,FALSE,FALSE,FALSE,FALSE,FALSE,,Preimer League,FALSE,FALSE,FALSE,FALSE,12,13,7,96,
19/03/2023,27/08/1444,Sunday,Riyadh,No Holiday,,TRUE,FALSE,FALSE,FALSE,FALSE,FALSE,FALSE,,"Preimer League, La liga",FALSE,FALSE,FALSE,FALSE,11,12,8,95,
20/03/2023,28/08/1444,Monday,Riyadh,No Holiday,,TRUE,FALSE,FALSE,FALSE,FALSE,FALSE,FALSE,,,FALSE,FALSE,FALSE,FALSE,10,11,9,94,
21/03/2023,29/08/1444,Tuesday,Riyadh,No Holiday,,TRUE,FALSE,TRUE,FALSE,FALSE,FALSE,FALSE,March Equinox in Saudi Arabia (Riyadh),,FALSE,FALSE,FALSE,FALSE,9,10,10,93,
22/03/2023,30/08/1444,Wednesday,Riyadh,No Holiday,,TRUE,FALSE,FALSE,FALSE,FALSE,FALSE,FALSE,,,FALSE,FALSE,FALSE,FALSE,8,9,11,92,
23/03/2023,1/9/1444,Thursday,Riyadh,No Holiday,,TRUE,FALSE,FALSE,FALSE,FALSE,FALSE,FALSE,,,FALSE,FALSE,FALSE,FALSE,7,8,12,91,
24/03/2023,2/9/1444,Friday,Riyadh,No Holiday,,FALSE,FALSE,FALSE,FALSE,FALSE,FALSE,FALSE,"Ramadan is a period of prayer, reflection and fasting for many Muslims worldwide. It is the ninth month in the Islamic calendar.",,FALSE,FALSE,FALSE,FALSE,6,7,13,90,
25/03/2023,3/9/1444,Saturday,Riyadh,No Holiday,,FALSE,FALSE,FALSE,FALSE,FALSE,FALSE,FALSE,,,FALSE,FALSE,FALSE,FALSE,5,6,14,89,
26/03/2023,4/9/1444,Sunday,Riyadh,No Holiday,,TRUE,TRUE,FALSE,FALSE,FALSE,FALSE,TRUE,,,FALSE,FALSE,FALSE,FALSE,4,5,15,88,
27/03/2023,5/9/1444,Monday,Riyadh,No Holiday,,TRUE,FALSE,FALSE,FALSE,FALSE,FALSE,FALSE,,,FALSE,FALSE,FALSE,TRUE,31,4,16,87,
28/03/2023,6/9/1444,Tuesday,Riyadh,No Holiday,,TRUE,FALSE,FALSE,FALSE,FALSE,FALSE,FALSE,,,FALSE,FALSE,FALSE,FALSE,30,3,17,86,
29/03/2023,7/9/1444,Wednesday,Riyadh,No Holiday,,TRUE,FALSE,FALSE,FALSE,FALSE,FALSE,FALSE,,,FALSE,FALSE,FALSE,FALSE,29,2,18,85,
30/03/2023,8/9/1444,Thursday,Riyadh,No Holiday,,TRUE,FALSE,FALSE,FALSE,FALSE,FALSE,TRUE,,,FALSE,FALSE,FALSE,FALSE,28,1,19,84,
31/03/2023,9/9/1444,Friday,Riyadh,No Holiday,,FALSE,FALSE,FALSE,TRUE,FALSE,FALSE,FALSE,,,FALSE,FALSE,FALSE,FALSE,27,0,20,83,
01/04/2023,10/9/1444,Saturday,Riyadh,No Holiday,,FALSE,FALSE,FALSE,FALSE,FALSE,FALSE,FALSE,,Preimer League,FALSE,FALSE,FALSE,FALSE,26,29,21,82,
02/04/2023,11/9/1444,Sunday,Riyadh,No Holiday,,TRUE,FALSE,FALSE,FALSE,FALSE,FALSE,FALSE,,Preimer League,FALSE,FALSE,FALSE,FALSE,25,28,22,81,
03/04/2023,12/9/1444,Monday,Riyadh,No Holiday,,TRUE,FALSE,FALSE,FALSE,FALSE,FALSE,FALSE,,Preimer League,FALSE,FALSE,FALSE,FALSE,24,27,23,80,
04/04/2023,13/09/1444,Tuesday,Riyadh,No Holiday,,TRUE,FALSE,FALSE,FALSE,FALSE,FALSE,FALSE,,Preimer League,FALSE,FALSE,FALSE,FALSE,23,26,24,79,
05/04/2023,14/09/1444,Wednesday,Riyadh,No Holiday,,TRUE,FALSE,FALSE,FALSE,FALSE,FALSE,FALSE,,Preimer League,FALSE,FALSE,FALSE,FALSE,22,25,25,78,
06/04/2023,15/09/1444,Thursday,Riyadh,No Holiday,,TRUE,FALSE,FALSE,FALSE,FALSE,FALSE,FALSE,,,FALSE,FALSE,FALSE,FALSE,21,24,26,77,
07/04/2023,16/09/1444,Friday,Riyadh,No Holiday,,FALSE,TRUE,FALSE,FALSE,FALSE,FALSE,FALSE,,,FALSE,FALSE,FALSE,FALSE,20,23,27,76,
08/04/2023,17/09/1444,Saturday,Riyadh,No Holiday,,FALSE,FALSE,FALSE,FALSE,FALSE,FALSE,FALSE,,Preimer League,FALSE,FALSE,FALSE,FALSE,19,22,28,75,
09/04/2023,18/09/1444,Sunday,Riyadh,No Holiday,,TRUE,FALSE,FALSE,FALSE,FALSE,FALSE,FALSE,,Preimer League,FALSE,FALSE,FALSE,FALSE,18,21,29,74,
10/04/2023,19/09/1444,Monday,Riyadh,No Holiday,,TRUE,FALSE,FALSE,FALSE,FALSE,FALSE,FALSE,,,FALSE,FALSE,FALSE,FALSE,17,20,30,73,
11/04/2023,20/09/1444,Tuesday,Riyadh,No Holiday,,TRUE,FALSE,FALSE,FALSE,FALSE,FALSE,FALSE,,UEFA CL,FALSE,FALSE,FALSE,FALSE,16,19,31,72,
12/04/2023,21/09/1444,Wednesday,Riyadh,No Holiday,,TRUE,FALSE,FALSE,FALSE,FALSE,FALSE,FALSE,,UEFA CL,FALSE,FALSE,FALSE,FALSE,15,18,32,71,
13/04/2023,22/09/1444,Thursday,Riyadh,No Holiday,,FALSE,FALSE,FALSE,FALSE,FALSE,FALSE,FALSE,,,FALSE,FALSE,FALSE,FALSE,14,17,33,70,
14/04/2023,23/09/1444,Friday,Riyadh,No Holiday,,FALSE,FALSE,FALSE,FALSE,FALSE,FALSE,FALSE,,,FALSE,FALSE,FALSE,FALSE,13,16,34,69,
15/04/2023,24/09/1444,Saturday,Riyadh,No Holiday,,FALSE,TRUE,FALSE,FALSE,FALSE,FALSE,TRUE,,Preimer League,FALSE,FALSE,FALSE,FALSE,12,15,35,68,
16/04/2023,25/09/1444,Sunday,Riyadh,No Holiday,,FALSE,TRUE,FALSE,FALSE,FALSE,FALSE,TRUE,,Preimer League,FALSE,FALSE,FALSE,FALSE,11,14,36,67,
17/04/2023,26/09/1444,Monday,Riyadh,No Holiday,,FALSE,TRUE,FALSE,FALSE,FALSE,FALSE,TRUE,,Preimer League,FALSE,FALSE,FALSE,FALSE,10,13,37,66,
18/04/2023,27/09/1444,Tuesday,Riyadh,No Holiday,,FALSE,FALSE,FALSE,FALSE,FALSE,FALSE,FALSE,"Al Hilal vs Al Nassr, Al Awwal Park","UEFA CL, KSA League",FALSE,FALSE,FALSE,FALSE,9,12,38,65,
19/04/2023,28/09/1444,Wednesday,Riyadh,No Holiday,,FALSE,TRUE,FALSE,FALSE,FALSE,FALSE,FALSE,,UEFA CL,FALSE,FALSE,FALSE,FALSE,8,11,39,64,
20/04/2023,29/09/1444,Thursday,Riyadh,Eid al-Fitr Holiday,"Eid al-Fitr is a holiday to mark the end of the Islamic month of Ramadan, during which Muslims fast during the hours of daylight.",FALSE,FALSE,FALSE,FALSE,FALSE,FALSE,FALSE,,,FALSE,FALSE,FALSE,FALSE,7,10,40,63,
21/04/2023,1/10/1444,Friday,Riyadh,Eid al-Fitr Holiday,"Eid al-Fitr is a holiday to mark the end of the Islamic month of Ramadan, during which Muslims fast during the hours of daylight.",FALSE,FALSE,FALSE,FALSE,FALSE,FALSE,FALSE,,Preimer League,FALSE,FALSE,FALSE,FALSE,6,9,41,62,
22/04/2023,2/10/1444,Saturday,Riyadh,Eid al-Fitr Holiday,"Eid al-Fitr is a holiday to mark the end of the Islamic month of Ramadan, during which Muslims fast during the hours of daylight.",FALSE,FALSE,FALSE,FALSE,FALSE,FALSE,FALSE,,Preimer League,FALSE,FALSE,FALSE,FALSE,5,8,42,61,
23/04/2023,3/10/1444,Sunday,Riyadh,Eid al-Fitr Holiday,Eid al-Fitr Holiday is a national holiday in Saudi Arabia,FALSE,FALSE,FALSE,FALSE,FALSE,FALSE,FALSE,,"Preimer League, La liga, KSA League",FALSE,FALSE,FALSE,FALSE,4,7,43,60,
24/04/2023,4/10/1444,Monday,Riyadh,Eid al-Fitr Holiday,Eid al-Fitr Holiday is a national holiday in Saudi Arabia,FALSE,FALSE,TRUE,TRUE,FALSE,FALSE,FALSE,,,FALSE,FALSE,FALSE,FALSE,3,6,44,59,
25/04/2023,5/10/1444,Tuesday,Riyadh,Eid al-Fitr Holiday,Eid al-Fitr Holiday is a national holiday in Saudi Arabia,FALSE,FALSE,FALSE,FALSE,FALSE,FALSE,FALSE,,Preimer League,FALSE,FALSE,FALSE,FALSE,2,5,45,58,
26/04/2023,6/10/1444,Wednesday,Riyadh,No Holiday,,TRUE,FALSE,FALSE,FALSE,FALSE,FALSE,FALSE,,Preimer League,FALSE,FALSE,FALSE,FALSE,1,4,46,57,
27/04/2023,7/10/1444,Thursday,Riyadh,No Holiday,,TRUE,FALSE,FALSE,FALSE,FALSE,FALSE,FALSE,,Preimer League,FALSE,FALSE,FALSE,TRUE,31,3,47,56,
28/04/2023,8/10/1444,Friday,Riyadh,No Holiday,,FALSE,FALSE,TRUE,TRUE,FALSE,FALSE,FALSE,,,FALSE,FALSE,FALSE,FALSE,30,2,48,55,
29/04/2023,9/10/1444,Saturday,Riyadh,No Holiday,,FALSE,FALSE,FALSE,FALSE,FALSE,FALSE,FALSE,,,FALSE,FALSE,FALSE,FALSE,29,1,49,54,
30/04/2023,10/10/1444,Sunday,Riyadh,No Holiday,,TRUE,FALSE,TRUE,FALSE,FALSE,FALSE,FALSE,,,FALSE,FALSE,FALSE,FALSE,28,0,50,53,
01/05/2023,11/10/1444,Monday,Riyadh,No Holiday,,TRUE,FALSE,FALSE,TRUE,FALSE,FALSE,FALSE,,,FALSE,FALSE,FALSE,FALSE,27,30,51,52,
02/05/2023,12/10/1444,Tuesday,Riyadh,No Holiday,,TRUE,FALSE,FALSE,FALSE,FALSE,FALSE,FALSE,,Preimer League,FALSE,FALSE,FALSE,FALSE,26,29,52,51,
03/05/2023,13/10/1444,Wednesday,Riyadh,No Holiday,,TRUE,FALSE,FALSE,FALSE,FALSE,FALSE,FALSE,,,FALSE,FALSE,FALSE,FALSE,25,28,53,50,
04/05/2023,14/10/1444,Thursday,Riyadh,No Holiday,,TRUE,FALSE,FALSE,FALSE,FALSE,FALSE,FALSE,,,FALSE,FALSE,FALSE,FALSE,24,27,54,49,
05/05/2023,15/10/1444,Friday,Riyadh,No Holiday,,FALSE,FALSE,FALSE,FALSE,FALSE,FALSE,FALSE,,,FALSE,FALSE,FALSE,FALSE,23,26,55,48,
06/05/2023,16/10/1444,Saturday,Riyadh,No Holiday,,FALSE,FALSE,FALSE,FALSE,FALSE,FALSE,FALSE,,Preimer League,FALSE,FALSE,FALSE,FALSE,22,25,56,47,
07/05/2023,17/10/1444,Sunday,Riyadh,No Holiday,,TRUE,FALSE,FALSE,FALSE,FALSE,FALSE,FALSE,,,FALSE,FALSE,FALSE,FALSE,21,24,57,46,
08/05/2023,18/10/1444,Monday,Riyadh,No Holiday,,TRUE,FALSE,FALSE,FALSE,FALSE,FALSE,FALSE,,,FALSE,FALSE,FALSE,FALSE,20,23,58,45,
09/05/2023,19/10/1444,Tuesday,Riyadh,No Holiday,,TRUE,FALSE,FALSE,FALSE,FALSE,FALSE,FALSE,,UEFA CL,FALSE,FALSE,FALSE,FALSE,19,22,59,44,
10/05/2023,20/10/1444,Wednesday,Riyadh,No Holiday,,TRUE,FALSE,TRUE,FALSE,FALSE,FALSE,FALSE,,UEFA CL,FALSE,FALSE,FALSE,FALSE,18,21,60,43,
11/05/2023,21/10/1444,Thursday,Riyadh,No Holiday,,TRUE,FALSE,FALSE,FALSE,FALSE,FALSE,FALSE,,,FALSE,FALSE,FALSE,FALSE,17,20,61,42,
12/05/2023,22/10/1444,Friday,Riyadh,No Holiday,,FALSE,FALSE,FALSE,FALSE,FALSE,FALSE,FALSE,,,FALSE,FALSE,FALSE,FALSE,16,19,62,41,
13/05/2023,23/10/1444,Saturday,Riyadh,No Holiday,,FALSE,FALSE,FALSE,FALSE,FALSE,FALSE,FALSE,,,FALSE,FALSE,FALSE,FALSE,15,18,63,40,
14/05/2023,24/10/1444,Sunday,Riyadh,No Holiday,,TRUE,FALSE,FALSE,FALSE,FALSE,FALSE,FALSE,,Preimer League,FALSE,FALSE,FALSE,FALSE,14,17,64,39,
15/05/2023,25/10/1444,Monday,Riyadh,No Holiday,,TRUE,FALSE,FALSE,FALSE,FALSE,FALSE,FALSE,,,FALSE,FALSE,FALSE,FALSE,13,16,65,38,
16/05/2023,26/10/1444,Tuesday,Riyadh,No Holiday,,TRUE,FALSE,FALSE,FALSE,FALSE,FALSE,FALSE,Al Ittihad vs Al Nassr,"UEFA CL, KSA League",FALSE,FALSE,FALSE,FALSE,12,15,66,37,
17/05/2023,27/10/1444,Wednesday,Riyadh,No Holiday,,TRUE,FALSE,FALSE,FALSE,FALSE,FALSE,FALSE,,UEFA CL,FALSE,FALSE,FALSE,FALSE,11,14,67,36,
18/05/2023,28/10/1444,Thursday,Riyadh,No Holiday,,TRUE,FALSE,TRUE,TRUE,FALSE,FALSE,FALSE,,,FALSE,FALSE,FALSE,FALSE,10,13,68,35,
19/05/2023,29/10/1444,Friday,Riyadh,No Holiday,,FALSE,FALSE,FALSE,FALSE,FALSE,FALSE,FALSE,,,FALSE,FALSE,FALSE,FALSE,9,12,69,34,
20/05/2023,30/10/1444,Saturday,Riyadh,No Holiday,,FALSE,FALSE,FALSE,FALSE,FALSE,FALSE,FALSE,,Preimer League,FALSE,FALSE,FALSE,FALSE,8,11,70,33,
21/05/2023,1/11/1444,Sunday,Riyadh,No Holiday,,TRUE,FALSE,TRUE,FALSE,FALSE,FALSE,FALSE,,,FALSE,FALSE,FALSE,FALSE,7,10,71,32,
22/05/2023,2/11/1444,Monday,Riyadh,No Holiday,,TRUE,FALSE,FALSE,FALSE,FALSE,FALSE,FALSE,,,FALSE,FALSE,FALSE,FALSE,6,9,72,31,
23/05/2023,3/11/1444,Tuesday,Riyadh,No Holiday,,TRUE,FALSE,FALSE,FALSE,FALSE,FALSE,FALSE,,,FALSE,FALSE,FALSE,FALSE,5,8,73,30,
24/05/2023,4/11/1444,Wednesday,Riyadh,No Holiday,,TRUE,FALSE,TRUE,FALSE,FALSE,FALSE,FALSE,,,FALSE,FALSE,FALSE,FALSE,4,7,74,29,
25/05/2023,5/11/1444,Thursday,Riyadh,No Holiday,,TRUE,FALSE,TRUE,FALSE,FALSE,FALSE,FALSE,,Preimer League,FALSE,FALSE,FALSE,FALSE,3,6,75,28,
26/05/2023,6/11/1444,Friday,Riyadh,No Holiday,,FALSE,FALSE,TRUE,TRUE,FALSE,FALSE,FALSE,,,FALSE,FALSE,FALSE,FALSE,2,5,76,27,
27/05/2023,7/11/1444,Saturday,Riyadh,No Holiday,,FALSE,FALSE,FALSE,FALSE,FALSE,FALSE,FALSE,,La liga,FALSE,FALSE,FALSE,FALSE,1,4,77,26,
28/05/2023,8/11/1444,Sunday,Riyadh,No Holiday,,FALSE,FALSE,FALSE,FALSE,FALSE,FALSE,FALSE,,Preimer League,FALSE,FALSE,FALSE,TRUE,31,3,78,25,
29/05/2023,9/11/1444,Monday,Riyadh,No Holiday,,TRUE,FALSE,TRUE,TRUE,FALSE,FALSE,FALSE,,,FALSE,FALSE,FALSE,FALSE,30,2,79,24,
30/05/2023,10/11/1444,Tuesday,Riyadh,No Holiday,,TRUE,FALSE,FALSE,FALSE,FALSE,FALSE,FALSE,,,FALSE,FALSE,FALSE,FALSE,29,1,80,23,
31/05/2023,11/11/1444,Wednesday,Riyadh,No Holiday,,TRUE,FALSE,FALSE,FALSE,FALSE,FALSE,FALSE,,,FALSE,FALSE,FALSE,FALSE,28,0,81,22,
01/06/2023,12/11/1444,Thursday,Riyadh,No Holiday,,TRUE,FALSE,FALSE,FALSE,FALSE,FALSE,FALSE,,,FALSE,FALSE,FALSE,FALSE,27,29,82,21,
02/06/2023,13/11/1444,Friday,Riyadh,No Holiday,,FALSE,FALSE,FALSE,FALSE,FALSE,FALSE,FALSE,,,FALSE,FALSE,FALSE,FALSE,26,28,83,20,
03/06/2023,14/11/1444,Saturday,Riyadh,No Holiday,,FALSE,FALSE,FALSE,FALSE,FALSE,FALSE,FALSE,,,FALSE,FALSE,FALSE,FALSE,25,27,84,19,
04/06/2023,15/11/1444,Sunday,Riyadh,No Holiday,,TRUE,FALSE,FALSE,FALSE,FALSE,FALSE,FALSE,,,FALSE,FALSE,FALSE,FALSE,24,26,85,18,
05/06/2023,16/11/1444,Monday,Riyadh,No Holiday,,TRUE,FALSE,FALSE,FALSE,FALSE,FALSE,FALSE,,,FALSE,FALSE,FALSE,FALSE,23,25,86,17,
06/06/2023,17/11/1444,Tuesday,Riyadh,No Holiday,,TRUE,FALSE,FALSE,FALSE,FALSE,FALSE,FALSE,,,FALSE,FALSE,FALSE,FALSE,22,24,87,16,
07/06/2023,18/11/1444,Wednesday,Riyadh,No Holiday,,TRUE,FALSE,FALSE,FALSE,FALSE,FALSE,FALSE,,,FALSE,FALSE,FALSE,FALSE,21,23,88,15,
08/06/2023,19/11/1444,Thursday,Riyadh,No Holiday,,TRUE,FALSE,FALSE,FALSE,FALSE,FALSE,FALSE,,,FALSE,FALSE,FALSE,FALSE,20,22,89,14,
09/06/2023,20/11/1444,Friday,Riyadh,No Holiday,,FALSE,FALSE,FALSE,FALSE,FALSE,FALSE,FALSE,,,FALSE,FALSE,FALSE,FALSE,19,21,90,13,
10/06/2023,21/11/1444,Saturday,Riyadh,No Holiday,,FALSE,FALSE,FALSE,FALSE,FALSE,FALSE,FALSE,,UEFA CL,FALSE,FALSE,FALSE,FALSE,18,20,91,12,
11/06/2023,22/11/1444,Sunday,Riyadh,No Holiday,,TRUE,FALSE,FALSE,FALSE,FALSE,FALSE,FALSE,,,FALSE,FALSE,FALSE,FALSE,17,19,92,11,
12/06/2023,23/11/1444,Monday,Riyadh,No Holiday,,TRUE,FALSE,FALSE,FALSE,FALSE,FALSE,FALSE,,,FALSE,FALSE,FALSE,FALSE,16,18,93,10,
13/06/2023,24/11/1444,Tuesday,Riyadh,No Holiday,,TRUE,FALSE,FALSE,FALSE,FALSE,FALSE,FALSE,,,FALSE,FALSE,FALSE,FALSE,15,17,94,9,
14/06/2023,25/11/1444,Wednesday,Riyadh,No Holiday,,TRUE,FALSE,FALSE,FALSE,FALSE,FALSE,FALSE,,,FALSE,FALSE,FALSE,FALSE,14,16,95,8,
15/06/2023,26/11/1444,Thursday,Riyadh,No Holiday,,TRUE,FALSE,FALSE,FALSE,FALSE,FALSE,FALSE,,,FALSE,FALSE,FALSE,FALSE,13,15,96,7,
16/06/2023,27/11/1444,Friday,Riyadh,No Holiday,,FALSE,FALSE,FALSE,FALSE,FALSE,FALSE,FALSE,,,FALSE,FALSE,FALSE,FALSE,12,14,97,6,
17/06/2023,28/11/1444,Saturday,Riyadh,No Holiday,,FALSE,FALSE,FALSE,FALSE,FALSE,FALSE,FALSE,,,FALSE,FALSE,FALSE,FALSE,11,13,98,5,
18/06/2023,29/11/1444,Sunday,Riyadh,No Holiday,,TRUE,FALSE,FALSE,FALSE,FALSE,FALSE,FALSE,,,FALSE,FALSE,FALSE,FALSE,10,12,99,4,
19/06/2023,1/12/1444,Monday,Riyadh,No Holiday,,TRUE,FALSE,FALSE,FALSE,FALSE,FALSE,FALSE,,,FALSE,FALSE,FALSE,FALSE,9,11,100,3,
20/06/2023,2/12/1444,Tuesday,Riyadh,No Holiday,,TRUE,FALSE,FALSE,FALSE,FALSE,FALSE,FALSE,,,FALSE,FALSE,FALSE,FALSE,8,10,101,2,
21/06/2023,3/12/1444,Wednesday,Riyadh,No Holiday,,TRUE,FALSE,FALSE,FALSE,FALSE,FALSE,FALSE,,,FALSE,FALSE,FALSE,FALSE,7,9,102,1,
22/06/2023,4/12/1444,Thursday,Riyadh,No Holiday,,FALSE,FALSE,FALSE,FALSE,FALSE,FALSE,FALSE,June Solstice in Saudi Arabia (Riyadh),,FALSE,FALSE,FALSE,FALSE,6,8,"Vacation	",Vacation,
23/06/2023,5/12/1444,Friday,Riyadh,No Holiday,,FALSE,FALSE,FALSE,FALSE,FALSE,FALSE,FALSE,,,FALSE,FALSE,FALSE,FALSE,5,7,"Vacation	",Vacation,
24/06/2023,6/12/1444,Saturday,Riyadh,No Holiday,,FALSE,FALSE,FALSE,FALSE,FALSE,FALSE,FALSE,,,FALSE,FALSE,FALSE,FALSE,4,6,"Vacation	",Vacation,
25/06/2023,7/12/1444,Sunday,Riyadh,No Holiday,,FALSE,FALSE,FALSE,FALSE,FALSE,FALSE,FALSE,,,FALSE,FALSE,FALSE,FALSE,3,5,"Vacation	",Vacation,
26/06/2023,8/12/1444,Monday,Riyadh,Eid al-Adha Holiday,Arafat Day is a national holiday in Saudi Arabia,FALSE,FALSE,FALSE,FALSE,FALSE,FALSE,FALSE,,,FALSE,FALSE,FALSE,FALSE,2,4,"Vacation	",Vacation,
27/06/2023,9/12/1444,Tuesday,Riyadh,Eid al-Adha Holiday,Eid al-Adha (Id ul-Adha) is an Islamic festival falling on the 10th day of the month of Dhul Hijja (Thou al-Hijja) to commemorate the willingness of Ibrahim (Abraham) to sacrifice his son.,FALSE,FALSE,FALSE,FALSE,FALSE,FALSE,FALSE,,,FALSE,FALSE,FALSE,TRUE,31,3,"Vacation	",Vacation,
28/06/2023,10/12/1444,Wednesday,Riyadh,Eid al-Adha Holiday,Eid al-Adha (Id ul-Adha) is an Islamic festival falling on the 10th day of the month of Dhul Hijja (Thou al-Hijja) to commemorate the willingness of Ibrahim (Abraham) to sacrifice his son.,FALSE,FALSE,FALSE,FALSE,FALSE,FALSE,FALSE,,,FALSE,FALSE,FALSE,FALSE,30,2,"Vacation	",Vacation,
29/06/2023,11/12/1444,Thursday,Riyadh,Eid al-Adha Holiday,Eid al-Adha (Id ul-Adha) is an Islamic festival falling on the 10th day of the month of Dhul Hijja (Thou al-Hijja) to commemorate the willingness of Ibrahim (Abraham) to sacrifice his son.,FALSE,FALSE,FALSE,FALSE,FALSE,FALSE,FALSE,,,FALSE,FALSE,FALSE,FALSE,29,1,"Vacation	",Vacation,
30/06/2023,12/12/1444,Friday,Riyadh,Eid al-Adha Holiday,Eid al-Adha Holiday is a national holiday in Saudi Arabia,FALSE,FALSE,FALSE,FALSE,FALSE,FALSE,FALSE,,,FALSE,FALSE,FALSE,FALSE,28,0,"Vacation	",Vacation,
01/07/2023,13/12/1444,Saturday,Riyadh,Eid al-Adha Holiday,Eid al-Adha Holiday is a national holiday in Saudi Arabia,FALSE,FALSE,FALSE,FALSE,FALSE,FALSE,FALSE,,,FALSE,FALSE,FALSE,FALSE,27,30,"Vacation	",Vacation,
02/07/2023,14/12/1444,Sunday,Riyadh,No Holiday,,FALSE,FALSE,FALSE,FALSE,FALSE,FALSE,FALSE,,,FALSE,FALSE,FALSE,FALSE,26,29,"Vacation	",Vacation,
03/07/2023,15/12/1444,Monday,Riyadh,No Holiday,,FALSE,FALSE,FALSE,FALSE,FALSE,FALSE,FALSE,,,FALSE,FALSE,FALSE,FALSE,25,28,"Vacation	",Vacation,
04/07/2023,16/12/1444,Tuesday,Riyadh,No Holiday,,FALSE,FALSE,FALSE,FALSE,FALSE,FALSE,FALSE,,,FALSE,FALSE,FALSE,FALSE,24,27,"Vacation	",Vacation,
05/07/2023,17/12/1444,Wednesday,Riyadh,No Holiday,,FALSE,FALSE,FALSE,FALSE,FALSE,FALSE,FALSE,,,FALSE,FALSE,FALSE,FALSE,23,26,"Vacation	",Vacation,
06/07/2023,18/12/1444,Thursday,Riyadh,No Holiday,,FALSE,FALSE,FALSE,FALSE,FALSE,FALSE,FALSE,,,FALSE,FALSE,FALSE,FALSE,22,25,"Vacation	",Vacation,
07/07/2023,19/12/1444,Friday,Riyadh,No Holiday,,FALSE,FALSE,FALSE,FALSE,FALSE,FALSE,FALSE,,,FALSE,FALSE,FALSE,FALSE,21,24,"Vacation	",Vacation,
08/07/2023,20/12/1444,Saturday,Riyadh,No Holiday,,FALSE,FALSE,FALSE,FALSE,FALSE,FALSE,FALSE,,,FALSE,FALSE,FALSE,FALSE,20,23,"Vacation	",Vacation,
09/07/2023,21/12/1444,Sunday,Riyadh,No Holiday,,FALSE,FALSE,FALSE,FALSE,FALSE,FALSE,FALSE,,,FALSE,FALSE,FALSE,FALSE,19,22,"Vacation	",Vacation,
10/07/2023,22/12/1444,Monday,Riyadh,No Holiday,,FALSE,FALSE,FALSE,FALSE,FALSE,FALSE,FALSE,,,FALSE,FALSE,FALSE,FALSE,18,21,"Vacation	",Vacation,
11/07/2023,23/12/1444,Tuesday,Riyadh,No Holiday,,FALSE,FALSE,FALSE,FALSE,FALSE,FALSE,FALSE,,,FALSE,FALSE,FALSE,FALSE,17,20,"Vacation	",Vacation,
12/07/2023,24/12/1444,Wednesday,Riyadh,No Holiday,,FALSE,FALSE,FALSE,FALSE,FALSE,FALSE,FALSE,,,FALSE,FALSE,FALSE,FALSE,16,19,"Vacation	",Vacation,
13/07/2023,25/12/1444,Thursday,Riyadh,No Holiday,,FALSE,FALSE,FALSE,FALSE,FALSE,FALSE,FALSE,,,FALSE,FALSE,FALSE,FALSE,15,18,"Vacation	",Vacation,
14/07/2023,26/12/1444,Friday,Riyadh,No Holiday,,FALSE,FALSE,FALSE,FALSE,FALSE,FALSE,FALSE,,,FALSE,FALSE,FALSE,FALSE,14,17,"Vacation	",Vacation,
15/07/2023,27/12/1444,Saturday,Riyadh,No Holiday,,FALSE,FALSE,FALSE,FALSE,FALSE,FALSE,FALSE,,,FALSE,FALSE,FALSE,FALSE,13,16,"Vacation	",Vacation,
16/07/2023,28/12/1444,Sunday,Riyadh,No Holiday,,FALSE,FALSE,FALSE,FALSE,FALSE,FALSE,FALSE,,,FALSE,FALSE,FALSE,FALSE,12,15,"Vacation	",Vacation,
17/07/2023,29/12/1444,Monday,Riyadh,No Holiday,,FALSE,FALSE,FALSE,FALSE,FALSE,FALSE,FALSE,,,FALSE,FALSE,FALSE,FALSE,11,14,"Vacation	",Vacation,
18/07/2023,30/12/1444,Tuesday,Riyadh,No Holiday,,FALSE,FALSE,TRUE,FALSE,FALSE,FALSE,FALSE,,,FALSE,FALSE,FALSE,FALSE,10,13,"Vacation	",Vacation,
19/07/2023,1/1/1445,Wednesday,Riyadh,No Holiday,,FALSE,FALSE,TRUE,FALSE,FALSE,FALSE,FALSE,,,FALSE,FALSE,FALSE,FALSE,9,12,"Vacation	",Vacation,
20/07/2023,2/1/1445,Thursday,Riyadh,No Holiday,,FALSE,FALSE,FALSE,FALSE,FALSE,FALSE,FALSE,Muharram is the first month of the Islamic calendar and a time of remembrance or mourning.,,FALSE,FALSE,FALSE,FALSE,8,11,"Vacation	",Vacation,
21/07/2023,3/1/1445,Friday,Riyadh,No Holiday,,FALSE,FALSE,FALSE,FALSE,FALSE,FALSE,FALSE,,,FALSE,FALSE,FALSE,FALSE,7,10,"Vacation	",Vacation,
22/07/2023,4/1/1445,Saturday,Riyadh,No Holiday,,FALSE,FALSE,FALSE,FALSE,FALSE,FALSE,FALSE,,,FALSE,FALSE,FALSE,FALSE,6,9,"Vacation	",Vacation,
23/07/2023,5/1/1445,Sunday,Riyadh,No Holiday,,FALSE,FALSE,FALSE,FALSE,FALSE,FALSE,FALSE,,,FALSE,FALSE,FALSE,FALSE,5,8,"Vacation	",Vacation,
24/07/2023,6/1/1445,Monday,Riyadh,No Holiday,,FALSE,FALSE,FALSE,FALSE,FALSE,FALSE,FALSE,,,FALSE,FALSE,FALSE,FALSE,4,7,"Vacation	",Vacation,
25/07/2023,7/1/1445,Tuesday,Riyadh,No Holiday,,FALSE,FALSE,FALSE,FALSE,FALSE,FALSE,FALSE,,,FALSE,FALSE,FALSE,FALSE,3,6,"Vacation	",Vacation,
26/07/2023,8/1/1445,Wednesday,Riyadh,No Holiday,,FALSE,FALSE,FALSE,FALSE,FALSE,FALSE,FALSE,,,FALSE,FALSE,FALSE,FALSE,2,5,"Vacation	",Vacation,
27/07/2023,9/1/1445,Thursday,Riyadh,No Holiday,,FALSE,FALSE,FALSE,FALSE,FALSE,FALSE,FALSE,,,FALSE,FALSE,FALSE,TRUE,31,4,"Vacation	",Vacation,
28/07/2023,10/1/1445,Friday,Riyadh,No Holiday,,FALSE,FALSE,FALSE,FALSE,FALSE,FALSE,FALSE,,,FALSE,FALSE,FALSE,FALSE,30,3,"Vacation	",Vacation,
29/07/2023,11/1/1445,Saturday,Riyadh,No Holiday,,FALSE,FALSE,FALSE,FALSE,FALSE,FALSE,FALSE,,,FALSE,FALSE,FALSE,FALSE,29,2,"Vacation	",Vacation,
30/07/2023,12/1/1445,Sunday,Riyadh,No Holiday,,FALSE,FALSE,FALSE,FALSE,FALSE,FALSE,FALSE,,,FALSE,FALSE,FALSE,FALSE,28,1,"Vacation	",Vacation,
31/07/2023,13/01/1445,Monday,Riyadh,No Holiday,,FALSE,FALSE,FALSE,FALSE,FALSE,FALSE,FALSE,,,FALSE,FALSE,FALSE,FALSE,27,0,"Vacation	",Vacation,
01/08/2023,14/01/1445,Tuesday,Riyadh,No Holiday,,FALSE,FALSE,FALSE,FALSE,FALSE,FALSE,FALSE,,,FALSE,FALSE,FALSE,FALSE,26,30,"Vacation	",Vacation,
02/08/2023,15/01/1445,Wednesday,Riyadh,No Holiday,,FALSE,FALSE,FALSE,FALSE,FALSE,FALSE,FALSE,,,FALSE,FALSE,FALSE,FALSE,25,29,"Vacation	",Vacation,
03/08/2023,16/01/1445,Thursday,Riyadh,No Holiday,,FALSE,FALSE,FALSE,FALSE,FALSE,FALSE,FALSE,,,FALSE,FALSE,FALSE,FALSE,24,28,"Vacation	",Vacation,
04/08/2023,17/01/1445,Friday,Riyadh,No Holiday,,FALSE,FALSE,FALSE,FALSE,FALSE,FALSE,FALSE,,,FALSE,FALSE,FALSE,FALSE,23,27,"Vacation	",Vacation,
05/08/2023,18/01/1445,Saturday,Riyadh,No Holiday,,FALSE,FALSE,FALSE,FALSE,FALSE,FALSE,FALSE,Al Ittihad vs Al Nassr,KSA League,FALSE,FALSE,FALSE,FALSE,22,26,"Vacation	",Vacation,
06/08/2023,19/01/1445,Sunday,Riyadh,No Holiday,,FALSE,FALSE,FALSE,FALSE,FALSE,FALSE,FALSE,,,FALSE,FALSE,FALSE,FALSE,21,25,"Vacation	",Vacation,
07/08/2023,20/01/1445,Monday,Riyadh,No Holiday,,FALSE,FALSE,FALSE,FALSE,FALSE,FALSE,FALSE,,,FALSE,FALSE,FALSE,FALSE,20,24,"Vacation	",Vacation,
08/08/2023,21/01/1445,Tuesday,Riyadh,No Holiday,,FALSE,FALSE,FALSE,FALSE,FALSE,FALSE,FALSE,,,FALSE,FALSE,FALSE,FALSE,19,23,"Vacation	",Vacation,
09/08/2023,22/01/1445,Wednesday,Riyadh,No Holiday,,FALSE,FALSE,FALSE,FALSE,FALSE,FALSE,FALSE,,,FALSE,FALSE,FALSE,FALSE,18,22,"Vacation	",Vacation,
10/08/2023,23/01/1445,Thursday,Riyadh,No Holiday,,FALSE,FALSE,FALSE,FALSE,FALSE,FALSE,FALSE,,,FALSE,FALSE,FALSE,FALSE,17,21,"Vacation	",Vacation,
11/08/2023,24/01/1445,Friday,Riyadh,No Holiday,,FALSE,FALSE,FALSE,FALSE,FALSE,FALSE,FALSE,,KSA League,FALSE,FALSE,FALSE,FALSE,16,20,"Vacation	",Vacation,
12/08/2023,25/01/1445,Saturday,Riyadh,No Holiday,,FALSE,FALSE,FALSE,FALSE,FALSE,FALSE,FALSE,Al Hilal vs Al Nassr,KSA League,FALSE,FALSE,FALSE,FALSE,15,19,"Vacation	",Vacation,
13/08/2023,26/01/1445,Sunday,Riyadh,No Holiday,,FALSE,FALSE,FALSE,FALSE,FALSE,FALSE,FALSE,Chelsea FC vs Liverpool FC,Preimer League,FALSE,FALSE,FALSE,FALSE,14,18,"Vacation	",Vacation,
14/08/2023,27/01/1445,Monday,Riyadh,No Holiday,,FALSE,FALSE,FALSE,FALSE,FALSE,FALSE,FALSE,,,FALSE,FALSE,FALSE,FALSE,13,17,"Vacation	",Vacation,
15/08/2023,28/01/1445,Tuesday,Riyadh,No Holiday,,FALSE,FALSE,FALSE,FALSE,FALSE,FALSE,FALSE,,,FALSE,FALSE,FALSE,FALSE,12,16,"Vacation	",Vacation,
16/08/2023,29/01/1445,Wednesday,Riyadh,No Holiday,,FALSE,FALSE,FALSE,FALSE,FALSE,FALSE,FALSE,,,FALSE,FALSE,FALSE,FALSE,11,15,"Vacation	",Vacation,
17/08/2023,1/2/1445,Thursday,Riyadh,No Holiday,,FALSE,FALSE,FALSE,FALSE,FALSE,FALSE,FALSE,,,FALSE,FALSE,FALSE,FALSE,10,14,"Vacation	",Vacation,
18/08/2023,2/2/1445,Friday,Riyadh,No Holiday,,FALSE,FALSE,FALSE,FALSE,FALSE,FALSE,FALSE,,,FALSE,FALSE,FALSE,FALSE,9,13,"Vacation	",Vacation,
19/08/2023,3/2/1445,Saturday,Riyadh,No Holiday,,FALSE,FALSE,FALSE,FALSE,FALSE,FALSE,FALSE,Tottenham Hotspur FC vs Manchester United FC,Preimer League,FALSE,FALSE,FALSE,FALSE,8,12,"Vacation	",Vacation,
20/08/2023,4/2/1445,Sunday,Riyadh,No Holiday,,TRUE,TRUE,FALSE,FALSE,FALSE,FALSE,FALSE,,,FALSE,FALSE,FALSE,FALSE,7,11,1,88,1 - 1445
21/08/2023,5/2/1445,Monday,Riyadh,No Holiday,,TRUE,FALSE,FALSE,FALSE,FALSE,FALSE,FALSE,,,FALSE,FALSE,FALSE,FALSE,6,10,2,87,
22/08/2023,6/2/1445,Tuesday,Riyadh,No Holiday,,TRUE,FALSE,FALSE,FALSE,FALSE,FALSE,FALSE,,,FALSE,FALSE,FALSE,FALSE,5,9,3,86,
23/08/2023,7/2/1445,Wednesday,Riyadh,No Holiday,,TRUE,FALSE,FALSE,FALSE,FALSE,FALSE,FALSE,,,FALSE,FALSE,FALSE,FALSE,4,8,4,85,
24/08/2023,8/2/1445,Thursday,Riyadh,No Holiday,,TRUE,FALSE,FALSE,FALSE,FALSE,FALSE,FALSE,,,FALSE,FALSE,FALSE,FALSE,3,7,5,84,
25/08/2023,9/2/1445,Friday,Riyadh,No Holiday,,FALSE,FALSE,FALSE,FALSE,FALSE,FALSE,FALSE,,,FALSE,FALSE,FALSE,FALSE,2,6,6,83,
26/08/2023,10/2/1445,Saturday,Riyadh,No Holiday,,FALSE,FALSE,FALSE,FALSE,FALSE,FALSE,FALSE,,,FALSE,FALSE,FALSE,FALSE,1,5,7,82,
27/08/2023,11/2/1445,Sunday,Riyadh,No Holiday,,TRUE,FALSE,FALSE,FALSE,FALSE,FALSE,FALSE,,,FALSE,FALSE,FALSE,TRUE,31,4,8,81,
28/08/2023,12/2/1445,Monday,Riyadh,No Holiday,,TRUE,FALSE,FALSE,FALSE,FALSE,FALSE,FALSE,,,FALSE,FALSE,FALSE,FALSE,30,3,9,80,
29/08/2023,13/02/1445,Tuesday,Riyadh,No Holiday,,TRUE,FALSE,FALSE,FALSE,FALSE,FALSE,FALSE,,,FALSE,FALSE,FALSE,FALSE,29,2,10,79,
30/08/2023,14/02/1445,Wednesday,Riyadh,No Holiday,,TRUE,FALSE,FALSE,TRUE,FALSE,FALSE,FALSE,,,FALSE,FALSE,FALSE,FALSE,28,1,11,78,
31/08/2023,15/02/1445,Thursday,Riyadh,No Holiday,,TRUE,FALSE,FALSE,FALSE,FALSE,FALSE,FALSE,,,FALSE,FALSE,FALSE,FALSE,27,0,12,77,
01/09/2023,16/02/1445,Friday,Riyadh,No Holiday,,FALSE,FALSE,FALSE,FALSE,FALSE,FALSE,FALSE,Al Ittihad vs Al Nassr,KSA League,FALSE,FALSE,FALSE,FALSE,26,30,13,76,
02/09/2023,17/02/1445,Saturday,Riyadh,No Holiday,,FALSE,FALSE,FALSE,FALSE,FALSE,FALSE,FALSE,,,FALSE,FALSE,FALSE,FALSE,25,29,14,75,
03/09/2023,18/02/1445,Sunday,Riyadh,No Holiday,,TRUE,FALSE,FALSE,FALSE,FALSE,FALSE,FALSE,Arsenal FC vs Manchester United FC,Preimer League,FALSE,FALSE,FALSE,FALSE,24,28,15,74,
04/09/2023,19/02/1445,Monday,Riyadh,No Holiday,,TRUE,FALSE,FALSE,FALSE,FALSE,FALSE,FALSE,,,FALSE,FALSE,FALSE,FALSE,23,27,16,73,
05/09/2023,20/02/1445,Tuesday,Riyadh,No Holiday,,TRUE,FALSE,FALSE,FALSE,FALSE,FALSE,FALSE,,,FALSE,FALSE,FALSE,FALSE,22,26,17,72,
06/09/2023,21/02/1445,Wednesday,Riyadh,No Holiday,,TRUE,FALSE,FALSE,FALSE,FALSE,FALSE,FALSE,,,FALSE,FALSE,FALSE,FALSE,21,25,18,71,
07/09/2023,22/02/1445,Thursday,Riyadh,No Holiday,,TRUE,FALSE,FALSE,FALSE,FALSE,FALSE,FALSE,,,FALSE,FALSE,FALSE,FALSE,20,24,19,70,
08/09/2023,23/02/1445,Friday,Riyadh,No Holiday,,FALSE,FALSE,FALSE,FALSE,FALSE,FALSE,FALSE,,,FALSE,FALSE,FALSE,FALSE,19,23,20,69,
09/09/2023,24/02/1445,Saturday,Riyadh,No Holiday,,FALSE,FALSE,FALSE,FALSE,FALSE,FALSE,FALSE,,,FALSE,FALSE,FALSE,FALSE,18,22,21,68,
10/09/2023,25/02/1445,Sunday,Riyadh,No Holiday,,TRUE,FALSE,FALSE,FALSE,FALSE,FALSE,FALSE,,,FALSE,FALSE,FALSE,FALSE,17,21,22,67,
11/09/2023,26/02/1445,Monday,Riyadh,No Holiday,,TRUE,FALSE,FALSE,FALSE,FALSE,FALSE,FALSE,,,FALSE,FALSE,FALSE,FALSE,16,20,23,66,
12/09/2023,27/02/1445,Tuesday,Riyadh,No Holiday,,TRUE,FALSE,FALSE,FALSE,FALSE,FALSE,FALSE,,,FALSE,FALSE,FALSE,FALSE,15,19,24,65,
13/09/2023,28/02/1445,Wednesday,Riyadh,No Holiday,,TRUE,FALSE,FALSE,FALSE,FALSE,FALSE,FALSE,,,FALSE,FALSE,FALSE,FALSE,14,18,25,64,
14/09/2023,29/02/1445,Thursday,Riyadh,No Holiday,,TRUE,FALSE,FALSE,FALSE,FALSE,FALSE,FALSE,,,FALSE,FALSE,FALSE,FALSE,13,17,26,63,
15/09/2023,30/02/1445,Friday,Riyadh,No Holiday,,FALSE,FALSE,FALSE,FALSE,FALSE,FALSE,FALSE,,,FALSE,FALSE,FALSE,FALSE,12,16,27,62,
16/09/2023,1/3/1445,Saturday,Riyadh,No Holiday,,FALSE,FALSE,FALSE,FALSE,FALSE,FALSE,FALSE,,,FALSE,FALSE,FALSE,FALSE,11,15,28,61,
17/09/2023,2/3/1445,Sunday,Riyadh,No Holiday,,TRUE,FALSE,FALSE,FALSE,FALSE,FALSE,FALSE,,,FALSE,FALSE,FALSE,FALSE,10,14,29,60,
18/09/2023,3/3/1445,Monday,Riyadh,No Holiday,,TRUE,FALSE,FALSE,FALSE,FALSE,FALSE,FALSE,,,FALSE,FALSE,FALSE,FALSE,9,13,30,59,
19/09/2023,4/3/1445,Tuesday,Riyadh,No Holiday,,TRUE,FALSE,FALSE,FALSE,FALSE,FALSE,FALSE,,UEFA CL,FALSE,FALSE,FALSE,FALSE,8,12,31,58,
20/09/2023,5/3/1445,Wednesday,Riyadh,No Holiday,,TRUE,FALSE,FALSE,FALSE,FALSE,FALSE,FALSE,,UEFA CL,FALSE,FALSE,FALSE,FALSE,7,11,32,57,
21/09/2023,6/3/1445,Thursday,Riyadh,No Holiday,,TRUE,FALSE,FALSE,FALSE,FALSE,FALSE,FALSE,,,FALSE,FALSE,FALSE,FALSE,6,10,33,56,
22/09/2023,7/3/1445,Friday,Riyadh,No Holiday,,FALSE,FALSE,FALSE,FALSE,FALSE,FALSE,FALSE,,,FALSE,FALSE,FALSE,FALSE,5,9,34,55,
23/09/2023,8/3/1445,Saturday,Riyadh,No Holiday,,FALSE,FALSE,FALSE,FALSE,FALSE,FALSE,FALSE,,,FALSE,FALSE,FALSE,FALSE,4,8,35,54,
24/09/2023,9/3/1445,Sunday,Riyadh,Saudi National Day,"Saudi National Day is a national holiday in Saudi Arabia, Day off for Saudi National Day",FALSE,FALSE,FALSE,FALSE,FALSE,FALSE,FALSE,Arsenal FC vs Tottenham Hotspur FC,"Preimer League, La liga",FALSE,FALSE,FALSE,FALSE,3,7,36,53,
25/09/2023,10/3/1445,Monday,Riyadh,No Holiday,,TRUE,FALSE,FALSE,FALSE,FALSE,FALSE,FALSE,September Equinox in Saudi Arabia (Riyadh),,FALSE,FALSE,FALSE,FALSE,2,6,37,52,
26/09/2023,11/3/1445,Tuesday,Riyadh,No Holiday,,TRUE,FALSE,FALSE,FALSE,FALSE,FALSE,FALSE,,,FALSE,FALSE,FALSE,FALSE,1,5,38,51,
27/09/2023,12/3/1445,Wednesday,Riyadh,No Holiday,,TRUE,FALSE,FALSE,FALSE,FALSE,FALSE,FALSE,,,FALSE,FALSE,FALSE,TRUE,31,3,39,50,
28/09/2023,13/03/1445,Thursday,Riyadh,No Holiday,,TRUE,FALSE,FALSE,FALSE,FALSE,FALSE,FALSE,,,FALSE,FALSE,FALSE,FALSE,30,2,40,49,
29/09/2023,14/03/1445,Friday,Riyadh,No Holiday,,FALSE,FALSE,FALSE,FALSE,FALSE,FALSE,FALSE,,La liga,FALSE,FALSE,FALSE,FALSE,29,1,41,48,
30/09/2023,15/03/1445,Saturday,Riyadh,No Holiday,,FALSE,FALSE,FALSE,FALSE,FALSE,FALSE,FALSE,Tottenham Hotspur FC vs Liverpool FC,Preimer League,FALSE,FALSE,FALSE,FALSE,28,0,42,47,
01/10/2023,16/03/1445,Sunday,Riyadh,No Holiday,,TRUE,FALSE,FALSE,FALSE,FALSE,FALSE,FALSE,,,FALSE,FALSE,FALSE,FALSE,27,30,43,46,
02/10/2023,17/03/1445,Monday,Riyadh,No Holiday,,TRUE,FALSE,FALSE,FALSE,FALSE,FALSE,FALSE,,,FALSE,FALSE,FALSE,FALSE,26,29,44,45,
03/10/2023,18/03/1445,Tuesday,Riyadh,No Holiday,,TRUE,FALSE,FALSE,FALSE,FALSE,FALSE,FALSE,,"UEFA CL, Preimer League",FALSE,FALSE,FALSE,FALSE,25,28,45,44,
04/10/2023,19/03/1445,Wednesday,Riyadh,No Holiday,,TRUE,FALSE,FALSE,FALSE,FALSE,FALSE,FALSE,,UEFA CL,FALSE,FALSE,FALSE,FALSE,24,27,46,43,
05/10/2023,20/03/1445,Thursday,Riyadh,No Holiday,,TRUE,FALSE,FALSE,FALSE,FALSE,FALSE,FALSE,,,FALSE,FALSE,FALSE,FALSE,23,26,47,42,
06/10/2023,21/03/1445,Friday,Riyadh,No Holiday,,FALSE,FALSE,FALSE,FALSE,FALSE,FALSE,FALSE,,,FALSE,FALSE,FALSE,FALSE,22,25,48,41,
07/10/2023,22/03/1445,Saturday,Riyadh,No Holiday,,FALSE,FALSE,FALSE,FALSE,FALSE,FALSE,FALSE,,,FALSE,FALSE,FALSE,FALSE,21,24,49,40,
08/10/2023,23/03/1445,Sunday,Riyadh,No Holiday,,TRUE,FALSE,FALSE,FALSE,FALSE,FALSE,FALSE,Arsenal FC vs Manchester City FC,Preimer League,FALSE,FALSE,FALSE,FALSE,20,23,50,39,
09/10/2023,24/03/1445,Monday,Riyadh,No Holiday,,TRUE,FALSE,FALSE,FALSE,FALSE,FALSE,FALSE,,,FALSE,FALSE,FALSE,FALSE,19,22,51,38,
10/10/2023,25/03/1445,Tuesday,Riyadh,No Holiday,,TRUE,FALSE,FALSE,FALSE,FALSE,FALSE,FALSE,,,FALSE,FALSE,FALSE,FALSE,18,21,52,37,
11/10/2023,26/03/1445,Wednesday,Riyadh,No Holiday,,TRUE,FALSE,FALSE,FALSE,FALSE,FALSE,FALSE,,,FALSE,FALSE,FALSE,FALSE,17,20,53,36,
12/10/2023,27/03/1445,Thursday,Riyadh,No Holiday,,TRUE,FALSE,FALSE,FALSE,FALSE,FALSE,FALSE,,,بدء موسم الرياض 2023,"استقبال 4 ملايين زائر في أقل من شهر، مع توسعة مناطق الترفيه مثل ""المملكة أرينا"".",رابط,FALSE,16,19,54,35,
13/10/2023,28/03/1445,Friday,Riyadh,No Holiday,,FALSE,FALSE,FALSE,FALSE,FALSE,FALSE,FALSE,,,FALSE,FALSE,FALSE,FALSE,15,18,55,34,
14/10/2023,29/03/1445,Saturday,Riyadh,No Holiday,,FALSE,FALSE,FALSE,FALSE,FALSE,FALSE,FALSE,,,FALSE,FALSE,FALSE,FALSE,14,17,56,33,
15/10/2023,30/03/1445,Sunday,Riyadh,No Holiday,,TRUE,FALSE,FALSE,FALSE,FALSE,FALSE,FALSE,,,FALSE,FALSE,FALSE,FALSE,13,16,57,32,
16/10/2023,1/4/1445,Monday,Riyadh,No Holiday,,TRUE,FALSE,FALSE,FALSE,FALSE,FALSE,FALSE,,,FALSE,FALSE,FALSE,FALSE,12,15,58,31,
17/10/2023,2/4/1445,Tuesday,Riyadh,No Holiday,,TRUE,FALSE,FALSE,FALSE,FALSE,FALSE,FALSE,,,FALSE,FALSE,FALSE,FALSE,11,14,59,30,
18/10/2023,3/4/1445,Wednesday,Riyadh,No Holiday,,TRUE,FALSE,FALSE,FALSE,FALSE,FALSE,FALSE,,,FALSE,FALSE,FALSE,FALSE,10,13,60,29,
19/10/2023,4/4/1445,Thursday,Riyadh,No Holiday,,TRUE,FALSE,FALSE,FALSE,FALSE,FALSE,FALSE,,,FALSE,FALSE,FALSE,FALSE,9,12,61,28,
20/10/2023,5/4/1445,Friday,Riyadh,No Holiday,,FALSE,FALSE,FALSE,FALSE,FALSE,FALSE,FALSE,,,FALSE,FALSE,FALSE,FALSE,8,11,62,27,
21/10/2023,6/4/1445,Saturday,Riyadh,No Holiday,,FALSE,FALSE,FALSE,FALSE,FALSE,FALSE,FALSE,Chelsea FC vs Arsenal FC,"Preimer League, La liga",FALSE,FALSE,FALSE,FALSE,7,10,63,26,
22/10/2023,7/4/1445,Sunday,Riyadh,No Holiday,,TRUE,FALSE,FALSE,FALSE,FALSE,FALSE,FALSE,,,FALSE,FALSE,FALSE,FALSE,6,9,64,25,
23/10/2023,8/4/1445,Monday,Riyadh,No Holiday,,TRUE,FALSE,FALSE,FALSE,FALSE,FALSE,FALSE,,,FALSE,FALSE,FALSE,FALSE,5,8,65,24,
24/10/2023,9/4/1445,Tuesday,Riyadh,No Holiday,,TRUE,FALSE,FALSE,FALSE,FALSE,FALSE,FALSE,,UEFA CL,FALSE,FALSE,FALSE,FALSE,4,7,66,23,
25/10/2023,10/4/1445,Wednesday,Riyadh,No Holiday,,TRUE,FALSE,FALSE,FALSE,FALSE,FALSE,FALSE,,UEFA CL,FALSE,FALSE,FALSE,FALSE,3,6,67,22,
26/10/2023,11/4/1445,Thursday,Riyadh,No Holiday,,TRUE,FALSE,TRUE,TRUE,FALSE,FALSE,FALSE,,,FALSE,FALSE,FALSE,TRUE,31,5,68,21,
27/10/2023,12/4/1445,Friday,Riyadh,No Holiday,,FALSE,FALSE,FALSE,FALSE,FALSE,FALSE,FALSE,,,FALSE,FALSE,FALSE,FALSE,30,4,69,20,
28/10/2023,13/04/1445,Saturday,Riyadh,No Holiday,,FALSE,FALSE,FALSE,FALSE,FALSE,FALSE,FALSE,,La liga,FALSE,FALSE,FALSE,FALSE,29,3,70,19,
29/10/2023,14/04/1445,Sunday,Riyadh,No Holiday,,TRUE,FALSE,FALSE,FALSE,FALSE,FALSE,FALSE,Manchester United FC vs Manchester City FC,Preimer League,FALSE,FALSE,FALSE,FALSE,28,2,71,18,
30/10/2023,15/04/1445,Monday,Riyadh,No Holiday,,TRUE,FALSE,FALSE,FALSE,FALSE,FALSE,TRUE,,,FALSE,FALSE,FALSE,FALSE,27,1,72,17,
31/10/2023,16/04/1445,Tuesday,Riyadh,No Holiday,,TRUE,FALSE,FALSE,FALSE,FALSE,FALSE,FALSE,,,FALSE,FALSE,FALSE,FALSE,26,0,73,16,
01/11/2023,17/04/1445,Wednesday,Riyadh,No Holiday,,TRUE,FALSE,FALSE,FALSE,FALSE,FALSE,FALSE,,,FALSE,FALSE,FALSE,FALSE,25,29,74,15,
02/11/2023,18/04/1445,Thursday,Riyadh,No Holiday,,FALSE,FALSE,FALSE,FALSE,FALSE,FALSE,TRUE,,,FALSE,FALSE,FALSE,FALSE,24,28,75,14,
03/11/2023,19/04/1445,Friday,Riyadh,No Holiday,,FALSE,FALSE,FALSE,FALSE,FALSE,FALSE,FALSE,,,FALSE,FALSE,FALSE,FALSE,23,27,76,13,
04/11/2023,20/04/1445,Saturday,Riyadh,No Holiday,,FALSE,FALSE,FALSE,FALSE,FALSE,FALSE,TRUE,,,FALSE,FALSE,FALSE,FALSE,22,26,77,12,
05/11/2023,21/04/1445,Sunday,Riyadh,No Holiday,,TRUE,FALSE,FALSE,FALSE,FALSE,FALSE,FALSE,,,FALSE,FALSE,FALSE,FALSE,21,25,78,11,
06/11/2023,22/04/1445,Monday,Riyadh,No Holiday,,TRUE,TRUE,FALSE,FALSE,FALSE,FALSE,FALSE,Tottenham Hotspur FC vs Chelsea FC,Preimer League,FALSE,FALSE,FALSE,FALSE,20,24,79,10,
07/11/2023,23/04/1445,Tuesday,Riyadh,No Holiday,,TRUE,FALSE,FALSE,FALSE,FALSE,FALSE,FALSE,,UEFA CL,FALSE,FALSE,FALSE,FALSE,19,23,80,9,
08/11/2023,24/04/1445,Wednesday,Riyadh,No Holiday,,TRUE,FALSE,FALSE,FALSE,FALSE,FALSE,FALSE,,UEFA CL,FALSE,FALSE,FALSE,FALSE,18,22,81,8,
09/11/2023,25/04/1445,Thursday,Riyadh,No Holiday,,TRUE,FALSE,FALSE,FALSE,FALSE,FALSE,FALSE,,,FALSE,FALSE,FALSE,FALSE,17,21,82,7,
10/11/2023,26/04/1445,Friday,Riyadh,No Holiday,,FALSE,FALSE,FALSE,FALSE,FALSE,FALSE,FALSE,,,FALSE,FALSE,FALSE,FALSE,16,20,83,6,
11/11/2023,27/04/1445,Saturday,Riyadh,No Holiday,,FALSE,TRUE,FALSE,FALSE,FALSE,FALSE,FALSE,,,القمة العربية الإسلامية الاستثنائية,قمة مشتركة بين دول الجامعة العربية ومنظمة التعاون الإسلامي، ناقشت العدوان الإسرائيلي على غزة ولبنان. ترأسها الأمير محمد بن سلمان، وشارك فيها قادة وزعماء من 40 دولة، وأصدرت بياناً يدعو لوقف إطلاق النار,رابط,FALSE,15,19,84,5,
12/11/2023,28/04/1445,Sunday,Riyadh,No Holiday,,TRUE,FALSE,FALSE,FALSE,FALSE,FALSE,FALSE,Chelsea FC vs Manchester City FC,Preimer League,FALSE,FALSE,FALSE,FALSE,14,18,85,4,
13/11/2023,29/04/1445,Monday,Riyadh,No Holiday,,TRUE,FALSE,FALSE,FALSE,FALSE,FALSE,FALSE,,,FALSE,FALSE,FALSE,FALSE,13,17,86,3,
14/11/2023,30/04/1445,Tuesday,Riyadh,No Holiday,,TRUE,FALSE,FALSE,FALSE,FALSE,FALSE,FALSE,,,FALSE,FALSE,FALSE,FALSE,12,16,87,2,
15/11/2023,1/5/1445,Wednesday,Riyadh,No Holiday,,TRUE,TRUE,FALSE,FALSE,FALSE,FALSE,TRUE,,,FALSE,FALSE,FALSE,FALSE,11,15,88,1,
16/11/2023,2/5/1445,Thursday,Riyadh,No Holiday,,FALSE,TRUE,FALSE,FALSE,FALSE,FALSE,TRUE,,World Cup,FALSE,FALSE,FALSE,FALSE,10,14,"Vacation	",Vacation,
17/11/2023,3/5/1445,Friday,Riyadh,No Holiday,,FALSE,FALSE,FALSE,FALSE,FALSE,TRUE,FALSE,,,FALSE,FALSE,FALSE,FALSE,9,13,"Vacation	",Vacation,
18/11/2023,4/5/1445,Saturday,Riyadh,No Holiday,,FALSE,FALSE,FALSE,FALSE,FALSE,TRUE,FALSE,,,FALSE,FALSE,FALSE,FALSE,8,12,"Vacation	",Vacation,
19/11/2023,5/5/1445,Sunday,Riyadh,No Holiday,,FALSE,FALSE,FALSE,FALSE,FALSE,FALSE,TRUE,,,FALSE,FALSE,FALSE,FALSE,7,11,"Vacation	",Vacation,
20/11/2023,6/5/1445,Monday,Riyadh,No Holiday,,FALSE,FALSE,FALSE,FALSE,FALSE,FALSE,TRUE,,,FALSE,FALSE,FALSE,FALSE,6,10,"Vacation	",Vacation,
21/11/2023,7/5/1445,Tuesday,Riyadh,No Holiday,,FALSE,FALSE,FALSE,FALSE,FALSE,FALSE,FALSE,,World Cup,FALSE,FALSE,FALSE,FALSE,5,9,"Vacation	",Vacation,
22/11/2023,8/5/1445,Wednesday,Riyadh,No Holiday,,FALSE,TRUE,FALSE,FALSE,FALSE,FALSE,FALSE,,,FALSE,FALSE,FALSE,FALSE,4,8,"Vacation	",Vacation,
23/11/2023,9/5/1445,Thursday,Riyadh,No Holiday,,FALSE,FALSE,FALSE,FALSE,FALSE,FALSE,FALSE,,,FALSE,FALSE,FALSE,FALSE,3,7,"Vacation	",Vacation,
24/11/2023,10/5/1445,Friday,Riyadh,No Holiday,,FALSE,FALSE,FALSE,FALSE,FALSE,FALSE,FALSE,,,FALSE,FALSE,FALSE,FALSE,2,6,"Vacation	",Vacation,
25/11/2023,11/5/1445,Saturday,Riyadh,No Holiday,,FALSE,TRUE,FALSE,FALSE,FALSE,TRUE,FALSE,Manchester City FC vs Liverpool FC,Preimer League,FALSE,FALSE,FALSE,FALSE,1,5,"Vacation	",Vacation,
26/11/2023,12/5/1445,Sunday,Riyadh,No Holiday,,TRUE,FALSE,FALSE,FALSE,FALSE,FALSE,FALSE,,,FALSE,FALSE,FALSE,FALSE,0,4,"Vacation	",Vacation,
27/11/2023,13/05/1445,Monday,Riyadh,No Holiday,,TRUE,FALSE,FALSE,FALSE,FALSE,FALSE,FALSE,,,FALSE,FALSE,FALSE,TRUE,31,3,"Vacation	",Vacation,
28/11/2023,14/05/1445,Tuesday,Riyadh,No Holiday,,TRUE,FALSE,FALSE,FALSE,FALSE,FALSE,FALSE,,UEFA CL,FALSE,FALSE,FALSE,FALSE,30,2,"Vacation	",Vacation,
29/11/2023,15/05/1445,Wednesday,Riyadh,No Holiday,,TRUE,FALSE,FALSE,FALSE,FALSE,FALSE,FALSE,,UEFA CL,FALSE,FALSE,FALSE,FALSE,29,1,"Vacation	",Vacation,
30/11/2023,16/05/1445,Thursday,Riyadh,No Holiday,,TRUE,FALSE,FALSE,FALSE,FALSE,FALSE,FALSE,,,FALSE,FALSE,FALSE,FALSE,28,0,"Vacation	",Vacation,
01/12/2023,17/05/1445,Friday,Riyadh,No Holiday,,FALSE,FALSE,FALSE,FALSE,FALSE,FALSE,FALSE,Al Hilal vs Al Nassr,KSA League,FALSE,FALSE,FALSE,FALSE,27,30,"Vacation	",Vacation,
02/12/2023,18/05/1445,Saturday,Riyadh,No Holiday,,FALSE,FALSE,FALSE,FALSE,FALSE,FALSE,FALSE,,,FALSE,FALSE,FALSE,FALSE,26,29,"Vacation	",Vacation,
03/12/2023,19/05/1445,Sunday,Riyadh,No Holiday,,TRUE,FALSE,FALSE,FALSE,FALSE,FALSE,FALSE,Manchester City FC vs Tottenham Hotspur FC,"Preimer League, La liga",FALSE,FALSE,FALSE,FALSE,25,28,"Vacation	",Vacation,
04/12/2023,20/05/1445,Monday,Riyadh,No Holiday,,TRUE,FALSE,FALSE,FALSE,FALSE,FALSE,FALSE,,,FALSE,FALSE,FALSE,FALSE,24,27,"Vacation	",Vacation,
05/12/2023,21/05/1445,Tuesday,Riyadh,No Holiday,,TRUE,FALSE,FALSE,FALSE,FALSE,FALSE,FALSE,,,FALSE,FALSE,FALSE,FALSE,23,26,"Vacation	",Vacation,
06/12/2023,22/05/1445,Wednesday,Riyadh,No Holiday,,TRUE,FALSE,FALSE,FALSE,FALSE,FALSE,FALSE,Manchester United FC vs Chelsea FC,Preimer League,FALSE,FALSE,FALSE,FALSE,22,25,"Vacation	",Vacation,
07/12/2023,23/05/1445,Thursday,Riyadh,No Holiday,,TRUE,FALSE,FALSE,FALSE,FALSE,FALSE,FALSE,"Al Shabab vs. Al Ettifaq, Score: 0:0, Audience: 8,037, King Fahd Satdium",KSA League,FALSE,FALSE,FALSE,FALSE,21,24,"Vacation	",Vacation,
08/12/2023,24/05/1445,Friday,Riyadh,No Holiday,,FALSE,FALSE,FALSE,FALSE,FALSE,FALSE,FALSE,,,FALSE,FALSE,FALSE,FALSE,20,23,"Vacation	",Vacation,
09/12/2023,25/05/1445,Saturday,Riyadh,No Holiday,,FALSE,FALSE,FALSE,FALSE,FALSE,FALSE,FALSE,,,FALSE,FALSE,FALSE,FALSE,19,22,"Vacation	",Vacation,
10/12/2023,26/05/1445,Sunday,Riyadh,No Holiday,,TRUE,FALSE,FALSE,FALSE,FALSE,FALSE,FALSE,,,FALSE,FALSE,FALSE,FALSE,18,21,"Vacation	",Vacation,
11/12/2023,27/05/1445,Monday,Riyadh,No Holiday,,TRUE,FALSE,FALSE,FALSE,FALSE,FALSE,FALSE,"Al Shabab vs. Al Nassr, Score: 2:5, King Fahd Stadium",KSA League,FALSE,FALSE,FALSE,FALSE,17,20,"Vacation	",Vacation,
12/12/2023,28/05/1445,Tuesday,Riyadh,No Holiday,,TRUE,FALSE,FALSE,FALSE,FALSE,FALSE,FALSE,,UEFA CL,FALSE,FALSE,FALSE,FALSE,16,19,"Vacation	",Vacation,
13/12/2023,29/05/1445,Wednesday,Riyadh,No Holiday,,TRUE,TRUE,FALSE,TRUE,FALSE,FALSE,FALSE,,UEFA CL,FALSE,FALSE,FALSE,FALSE,15,18,"Vacation	",Vacation,
14/12/2023,1/6/1445,Thursday,Riyadh,No Holiday,,TRUE,FALSE,FALSE,FALSE,FALSE,FALSE,FALSE,,,FALSE,FALSE,FALSE,FALSE,14,17,"Vacation	",Vacation,
15/12/2023,2/6/1445,Friday,Riyadh,No Holiday,,FALSE,FALSE,FALSE,FALSE,FALSE,FALSE,FALSE,Al Ittihad vs Al Nassr,KSA League,FALSE,FALSE,FALSE,FALSE,13,16,"Vacation	",Vacation,
16/12/2023,3/6/1445,Saturday,Riyadh,No Holiday,,FALSE,FALSE,FALSE,FALSE,FALSE,FALSE,FALSE,,,FALSE,FALSE,FALSE,FALSE,12,15,"Vacation	",Vacation,
17/12/2023,4/6/1445,Sunday,Riyadh,No Holiday,,FALSE,FALSE,FALSE,FALSE,FALSE,FALSE,FALSE,Liverpool FC vs Manchester United FC,Preimer League,FALSE,FALSE,FALSE,FALSE,11,14,"Vacation	",Vacation,
18/12/2023,5/6/1445,Monday,Riyadh,No Holiday,,TRUE,FALSE,FALSE,FALSE,FALSE,FALSE,FALSE,,,FALSE,FALSE,FALSE,FALSE,10,13,"Vacation	",Vacation,
19/12/2023,6/6/1445,Tuesday,Riyadh,No Holiday,,TRUE,FALSE,FALSE,FALSE,FALSE,FALSE,FALSE,,,FALSE,FALSE,FALSE,FALSE,9,12,"Vacation	",Vacation,
20/12/2023,7/6/1445,Wednesday,Riyadh,No Holiday,,TRUE,FALSE,FALSE,FALSE,FALSE,FALSE,FALSE,,,FALSE,FALSE,FALSE,FALSE,8,11,"Vacation	",Vacation,
21/12/2023,8/6/1445,Thursday,Riyadh,No Holiday,,TRUE,FALSE,FALSE,FALSE,FALSE,FALSE,FALSE,,,FALSE,FALSE,FALSE,FALSE,7,10,"Vacation	",Vacation,
22/12/2023,9/6/1445,Friday,Riyadh,No Holiday,,FALSE,FALSE,FALSE,FALSE,FALSE,FALSE,FALSE,,,FALSE,FALSE,FALSE,FALSE,6,9,"Vacation	",Vacation,
23/12/2023,10/6/1445,Saturday,Riyadh,No Holiday,,FALSE,FALSE,FALSE,FALSE,FALSE,FALSE,FALSE,Liverpool FC vs Arsenal FC,Preimer League,FALSE,FALSE,FALSE,FALSE,5,8,"Vacation	",Vacation,
24/12/2023,11/6/1445,Sunday,Riyadh,No Holiday,,TRUE,FALSE,FALSE,FALSE,FALSE,FALSE,FALSE,December Solstice in Saudi Arabia (Riyadh),,FALSE,FALSE,FALSE,FALSE,4,7,"Vacation	",Vacation,
25/12/2023,12/6/1445,Monday,Riyadh,No Holiday,,TRUE,FALSE,FALSE,FALSE,FALSE,FALSE,FALSE,,,FALSE,FALSE,FALSE,FALSE,3,6,"Vacation	",Vacation,
26/12/2023,13/06/1445,Tuesday,Riyadh,No Holiday,,TRUE,FALSE,FALSE,FALSE,FALSE,FALSE,FALSE,Al Ittihad vs Al Nassr,KSA League,FALSE,FALSE,FALSE,FALSE,2,5,"Vacation	",Vacation,
27/12/2023,14/06/1445,Wednesday,Riyadh,No Holiday,,TRUE,FALSE,FALSE,FALSE,FALSE,FALSE,FALSE,,,FALSE,FALSE,FALSE,TRUE,31,4,"Vacation	",Vacation,
28/12/2023,15/06/1445,Thursday,Riyadh,No Holiday,,TRUE,FALSE,FALSE,FALSE,FALSE,FALSE,FALSE,,,FALSE,FALSE,FALSE,FALSE,30,3,"Vacation	",Vacation,
29/12/2023,16/06/1445,Friday,Riyadh,No Holiday,,FALSE,FALSE,FALSE,FALSE,FALSE,FALSE,TRUE,,,FALSE,FALSE,FALSE,FALSE,29,2,"Vacation	",Vacation,
30/12/2023,17/06/1445,Saturday,Riyadh,No Holiday,,FALSE,TRUE,FALSE,FALSE,FALSE,TRUE,FALSE,,,FALSE,FALSE,FALSE,FALSE,28,1,"Vacation	",Vacation,
31/12/2023,18/06/1445,Sunday,Riyadh,No Holiday,,TRUE,FALSE,FALSE,FALSE,FALSE,TRUE,TRUE,,,FALSE,FALSE,FALSE,FALSE,27,0,"Vacation	",Vacation,
01/01/2024,19/06/1445,Monday,Riyadh,No Holiday,,TRUE,FALSE,FALSE,FALSE,FALSE,TRUE,FALSE,,,FALSE,FALSE,FALSE,FALSE,26,30,"Vacation	",Vacation,
02/01/2024,20/06/1445,Tuesday,Riyadh,No Holiday,,TRUE,FALSE,FALSE,FALSE,FALSE,TRUE,FALSE,,,FALSE,FALSE,FALSE,FALSE,25,29,"Vacation	",Vacation,
03/01/2024,21/06/1445,Wednesday,Riyadh,No Holiday,,TRUE,TRUE,FALSE,FALSE,FALSE,FALSE,FALSE,,,FALSE,FALSE,FALSE,FALSE,24,28,"Vacation	",Vacation,
04/01/2024,22/06/1445,Thursday,Riyadh,No Holiday,,FALSE,TRUE,FALSE,FALSE,FALSE,FALSE,FALSE,,,FALSE,FALSE,FALSE,FALSE,23,27,"Vacation	",Vacation,
05/01/2024,23/06/1445,Friday,Riyadh,No Holiday,,FALSE,FALSE,FALSE,FALSE,FALSE,FALSE,FALSE,,,FALSE,FALSE,FALSE,FALSE,22,26,"Vacation	",Vacation,
06/01/2024,24/06/1445,Saturday,Riyadh,No Holiday,,FALSE,FALSE,FALSE,FALSE,FALSE,FALSE,FALSE,,,FALSE,FALSE,FALSE,FALSE,21,25,"Vacation	",Vacation,
07/01/2024,25/06/1445,Sunday,Riyadh,No Holiday,,FALSE,FALSE,FALSE,FALSE,FALSE,FALSE,FALSE,,,FALSE,FALSE,FALSE,FALSE,20,24,"Vacation	",Vacation,
08/01/2024,26/06/1445,Monday,Riyadh,No Holiday,,FALSE,FALSE,FALSE,FALSE,FALSE,FALSE,FALSE,,,FALSE,FALSE,FALSE,FALSE,19,23,"Vacation	",Vacation,
09/01/2024,27/06/1445,Tuesday,Riyadh,No Holiday,,FALSE,FALSE,FALSE,FALSE,FALSE,FALSE,FALSE,,,FALSE,FALSE,FALSE,FALSE,18,22,"Vacation	",Vacation,
10/01/2024,28/06/1445,Wednesday,Riyadh,No Holiday,,FALSE,FALSE,FALSE,FALSE,FALSE,FALSE,FALSE,,,FALSE,FALSE,FALSE,FALSE,17,21,"Vacation	",Vacation,
11/01/2024,29/06/1445,Thursday,Riyadh,No Holiday,,FALSE,FALSE,FALSE,FALSE,FALSE,FALSE,FALSE,,,FALSE,FALSE,FALSE,FALSE,16,20,"Vacation	",Vacation,
12/01/2024,30/06/1445,Friday,Riyadh,No Holiday,,FALSE,FALSE,FALSE,FALSE,FALSE,FALSE,FALSE,,,FALSE,FALSE,FALSE,FALSE,15,19,"Vacation	",Vacation,
13/01/2024,1/7/1445,Saturday,Riyadh,No Holiday,,FALSE,FALSE,FALSE,FALSE,FALSE,FALSE,FALSE,,,FALSE,FALSE,FALSE,FALSE,14,18,"Vacation	",Vacation,
14/01/2024,2/7/1445,Sunday,Riyadh,No Holiday,,TRUE,FALSE,FALSE,FALSE,FALSE,FALSE,FALSE,Manchester United FC vs Tottenham Hotspur FC,Preimer League,FALSE,FALSE,FALSE,FALSE,13,17,1,39,2 - 1445
15/01/2024,3/7/1445,Monday,Riyadh,No Holiday,,TRUE,FALSE,FALSE,FALSE,FALSE,FALSE,FALSE,,,FALSE,FALSE,FALSE,FALSE,12,16,2,38,
16/01/2024,4/7/1445,Tuesday,Riyadh,No Holiday,,TRUE,FALSE,FALSE,FALSE,FALSE,FALSE,FALSE,,National Cup,FALSE,FALSE,FALSE,FALSE,11,15,3,37,
17/01/2024,5/7/1445,Wednesday,Riyadh,No Holiday,,TRUE,FALSE,FALSE,FALSE,FALSE,FALSE,FALSE,,,FALSE,FALSE,FALSE,FALSE,10,14,4,36,
18/01/2024,6/7/1445,Thursday,Riyadh,No Holiday,,TRUE,FALSE,FALSE,FALSE,FALSE,FALSE,FALSE,,,FALSE,FALSE,FALSE,FALSE,9,13,5,35,
19/01/2024,7/7/1445,Friday,Riyadh,No Holiday,,FALSE,FALSE,FALSE,FALSE,FALSE,FALSE,FALSE,,,FALSE,FALSE,FALSE,FALSE,8,12,6,34,
20/01/2024,8/7/1445,Saturday,Riyadh,No Holiday,,FALSE,FALSE,FALSE,FALSE,FALSE,FALSE,FALSE,,,FALSE,FALSE,FALSE,FALSE,7,11,7,33,
21/01/2024,9/7/1445,Sunday,Riyadh,No Holiday,,TRUE,FALSE,FALSE,FALSE,FALSE,FALSE,FALSE,,National Cup,FALSE,FALSE,FALSE,FALSE,6,10,8,32,
22/01/2024,10/7/1445,Monday,Riyadh,No Holiday,,TRUE,FALSE,FALSE,FALSE,FALSE,FALSE,FALSE,,,FALSE,FALSE,FALSE,FALSE,5,9,9,31,
23/01/2024,11/7/1445,Tuesday,Riyadh,No Holiday,,TRUE,FALSE,FALSE,FALSE,FALSE,FALSE,FALSE,,,FALSE,FALSE,FALSE,FALSE,4,8,10,30,
24/01/2024,12/7/1445,Wednesday,Riyadh,No Holiday,,TRUE,FALSE,FALSE,FALSE,FALSE,FALSE,FALSE,,,FALSE,FALSE,FALSE,FALSE,3,7,11,29,
25/01/2024,13/07/1445,Thursday,Riyadh,No Holiday,,TRUE,FALSE,FALSE,FALSE,FALSE,FALSE,FALSE,,National Cup,FALSE,FALSE,FALSE,FALSE,2,6,12,28,
26/01/2024,14/07/1445,Friday,Riyadh,No Holiday,,FALSE,FALSE,FALSE,FALSE,FALSE,FALSE,FALSE,,,FALSE,FALSE,FALSE,FALSE,1,5,13,27,
27/01/2024,15/07/1445,Saturday,Riyadh,No Holiday,,FALSE,FALSE,FALSE,FALSE,FALSE,FALSE,FALSE,,,FALSE,FALSE,FALSE,FALSE,0,4,14,26,
28/01/2024,16/07/1445,Sunday,Riyadh,No Holiday,,FALSE,FALSE,FALSE,FALSE,FALSE,FALSE,FALSE,,,FALSE,FALSE,FALSE,TRUE,31,3,15,25,
29/01/2024,17/07/1445,Monday,Riyadh,No Holiday,,TRUE,FALSE,FALSE,FALSE,FALSE,FALSE,FALSE,,,FALSE,FALSE,FALSE,FALSE,30,2,16,24,
30/01/2024,18/07/1445,Tuesday,Riyadh,No Holiday,,TRUE,FALSE,FALSE,FALSE,FALSE,FALSE,FALSE,,National Cup,FALSE,FALSE,FALSE,FALSE,29,1,17,23,
31/01/2024,19/07/1445,Wednesday,Riyadh,No Holiday,,TRUE,FALSE,FALSE,FALSE,FALSE,FALSE,FALSE,Liverpool FC vs Chelsea FC,Preimer League,FALSE,FALSE,FALSE,FALSE,28,0,18,22,
01/02/2024,20/07/1445,Thursday,Riyadh,No Holiday,,TRUE,FALSE,FALSE,FALSE,FALSE,FALSE,FALSE,,,FALSE,FALSE,FALSE,FALSE,27,28,19,21,
02/02/2024,21/07/1445,Friday,Riyadh,No Holiday,,FALSE,FALSE,FALSE,FALSE,FALSE,FALSE,FALSE,,,FALSE,FALSE,FALSE,FALSE,26,27,20,20,
03/02/2024,22/07/1445,Saturday,Riyadh,No Holiday,,FALSE,FALSE,FALSE,FALSE,FALSE,FALSE,FALSE,,,FALSE,FALSE,FALSE,FALSE,25,26,21,19,
04/02/2024,23/07/1445,Sunday,Riyadh,No Holiday,,TRUE,FALSE,FALSE,FALSE,FALSE,FALSE,FALSE,Arsenal FC vs Liverpool FC,"Preimer League, La liga",FALSE,FALSE,FALSE,FALSE,24,25,22,18,
05/02/2024,24/07/1445,Monday,Riyadh,No Holiday,,TRUE,FALSE,FALSE,FALSE,FALSE,FALSE,FALSE,,,FALSE,FALSE,FALSE,FALSE,23,24,23,17,
06/02/2024,25/07/1445,Tuesday,Riyadh,No Holiday,,TRUE,FALSE,FALSE,FALSE,FALSE,FALSE,FALSE,,,FALSE,FALSE,FALSE,FALSE,22,23,24,16,
07/02/2024,26/07/1445,Wednesday,Riyadh,No Holiday,,TRUE,FALSE,FALSE,FALSE,FALSE,FALSE,FALSE,,,FALSE,FALSE,FALSE,FALSE,21,22,25,15,
08/02/2024,27/07/1445,Thursday,Riyadh,No Holiday,,TRUE,FALSE,FALSE,FALSE,FALSE,FALSE,FALSE,Al Hilal vs Al Nassr,KSA League,FALSE,FALSE,FALSE,FALSE,20,21,26,14,
09/02/2024,28/07/1445,Friday,Riyadh,No Holiday,,FALSE,FALSE,FALSE,FALSE,FALSE,FALSE,FALSE,,,FALSE,FALSE,FALSE,FALSE,19,20,27,13,
10/02/2024,29/07/1445,Saturday,Riyadh,No Holiday,,FALSE,FALSE,FALSE,FALSE,FALSE,FALSE,TRUE,,,FALSE,FALSE,FALSE,FALSE,18,19,28,12,
11/02/2024,1/8/1445,Sunday,Riyadh,No Holiday,,TRUE,FALSE,FALSE,FALSE,FALSE,FALSE,TRUE,,,FALSE,FALSE,FALSE,FALSE,17,18,29,11,
12/02/2024,2/8/1445,Monday,Riyadh,No Holiday,,TRUE,FALSE,FALSE,FALSE,FALSE,TRUE,FALSE,,,FALSE,FALSE,FALSE,FALSE,16,17,30,10,
13/02/2024,3/8/1445,Tuesday,Riyadh,No Holiday,,TRUE,FALSE,FALSE,FALSE,FALSE,TRUE,FALSE,,UEFA CL,FALSE,FALSE,FALSE,FALSE,15,16,31,9,
14/02/2024,4/8/1445,Wednesday,Riyadh,No Holiday,,TRUE,FALSE,FALSE,FALSE,FALSE,FALSE,FALSE,,UEFA CL,FALSE,FALSE,FALSE,FALSE,14,15,32,8,
15/02/2024,5/8/1445,Thursday,Riyadh,No Holiday,,TRUE,FALSE,FALSE,FALSE,FALSE,FALSE,FALSE,,,FALSE,FALSE,FALSE,FALSE,13,14,33,7,
16/02/2024,6/8/1445,Friday,Riyadh,No Holiday,,FALSE,FALSE,FALSE,TRUE,FALSE,FALSE,TRUE,,,FALSE,FALSE,FALSE,FALSE,12,13,34,6,
17/02/2024,7/8/1445,Saturday,Riyadh,No Holiday,,FALSE,FALSE,FALSE,FALSE,FALSE,FALSE,FALSE,Manchester City FC vs Chelsea FC,Preimer League,FALSE,FALSE,FALSE,FALSE,11,12,35,5,
18/02/2024,8/8/1445,Sunday,Riyadh,No Holiday,,TRUE,FALSE,FALSE,FALSE,FALSE,FALSE,FALSE,,,FALSE,FALSE,FALSE,FALSE,10,11,36,4,
19/02/2024,9/8/1445,Monday,Riyadh,No Holiday,,TRUE,FALSE,FALSE,FALSE,FALSE,FALSE,FALSE,,,FALSE,FALSE,FALSE,FALSE,9,10,37,3,
20/02/2024,10/8/1445,Tuesday,Riyadh,No Holiday,,TRUE,FALSE,FALSE,FALSE,FALSE,FALSE,FALSE,,,FALSE,FALSE,FALSE,FALSE,8,9,38,2,
21/02/2024,11/8/1445,Wednesday,Riyadh,No Holiday,,TRUE,FALSE,FALSE,FALSE,FALSE,FALSE,FALSE,,,FALSE,FALSE,FALSE,FALSE,7,8,39,1,
22/02/2024,12/8/1445,Thursday,Riyadh,Founding Day,Founding Day is a national holiday in Saudi Arabia,FALSE,FALSE,FALSE,FALSE,FALSE,FALSE,FALSE,,,FALSE,FALSE,FALSE,FALSE,6,7,"Vacation	",Vacation,
23/02/2024,13/08/1445,Friday,Riyadh,No Holiday,,FALSE,FALSE,FALSE,FALSE,FALSE,FALSE,FALSE,,,FALSE,FALSE,FALSE,FALSE,5,6,"Vacation	",Vacation,
24/02/2024,14/08/1445,Saturday,Riyadh,No Holiday,,FALSE,FALSE,FALSE,FALSE,FALSE,FALSE,FALSE,,,FALSE,FALSE,FALSE,FALSE,4,5,"Vacation	",Vacation,
25/02/2024,15/08/1445,Sunday,Riyadh,No Holiday,,FALSE,FALSE,TRUE,FALSE,FALSE,FALSE,FALSE,,La liga,FALSE,FALSE,FALSE,FALSE,3,4,"Vacation	",Vacation,
26/02/2024,16/08/1445,Monday,Riyadh,No Holiday,,FALSE,FALSE,FALSE,FALSE,FALSE,FALSE,FALSE,,,FALSE,FALSE,FALSE,FALSE,2,3,"Vacation	",Vacation,
27/02/2024,17/08/1445,Tuesday,Riyadh,No Holiday,,FALSE,FALSE,TRUE,TRUE,FALSE,FALSE,FALSE,,,FALSE,FALSE,FALSE,TRUE,31,2,"Vacation	",Vacation,
28/02/2024,18/08/1445,Wednesday,Riyadh,No Holiday,,FALSE,FALSE,TRUE,TRUE,FALSE,FALSE,FALSE,,,FALSE,FALSE,FALSE,FALSE,30,1,"Vacation	",Vacation,
29/02/2024,19/08/1445,Thursday,Riyadh,No Holiday,,FALSE,FALSE,FALSE,FALSE,FALSE,FALSE,FALSE,,,FALSE,FALSE,FALSE,FALSE,29,0,"Vacation	",Vacation,
01/03/2024,20/08/1445,Friday,Riyadh,No Holiday,,FALSE,FALSE,FALSE,FALSE,FALSE,FALSE,FALSE,Al Ittihad vs Al Nassr,KSA League,FALSE,FALSE,FALSE,FALSE,28,30,"Vacation	",Vacation,
02/03/2024,21/08/1445,Saturday,Riyadh,No Holiday,,FALSE,FALSE,FALSE,FALSE,FALSE,FALSE,FALSE,,,FALSE,FALSE,FALSE,FALSE,27,29,"Vacation	",Vacation,
03/03/2024,22/08/1445,Sunday,Riyadh,No Holiday,,TRUE,FALSE,TRUE,FALSE,FALSE,FALSE,FALSE,Manchester City FC vs Manchester United FC,Preimer League,FALSE,FALSE,FALSE,FALSE,26,28,1,99,3 - 1445
04/03/2024,23/08/1445,Monday,Riyadh,No Holiday,,TRUE,FALSE,FALSE,FALSE,FALSE,FALSE,FALSE,,,FALSE,FALSE,FALSE,FALSE,25,27,2,98,
05/03/2024,24/08/1445,Tuesday,Riyadh,No Holiday,,TRUE,FALSE,FALSE,FALSE,FALSE,FALSE,FALSE,Al Ittihad vs Al Nassr,"UEFA CL, KSA League",FALSE,FALSE,FALSE,FALSE,24,26,3,97,
06/03/2024,25/08/1445,Wednesday,Riyadh,No Holiday,,TRUE,FALSE,FALSE,FALSE,FALSE,FALSE,FALSE,,UEFA CL,FALSE,FALSE,FALSE,FALSE,23,25,4,96,
07/03/2024,26/08/1445,Thursday,Riyadh,No Holiday,,TRUE,FALSE,FALSE,FALSE,FALSE,FALSE,FALSE,,,FALSE,FALSE,FALSE,FALSE,22,24,5,95,
08/03/2024,27/08/1445,Friday,Riyadh,No Holiday,,FALSE,FALSE,FALSE,FALSE,FALSE,FALSE,FALSE,,,FALSE,FALSE,FALSE,FALSE,21,23,6,94,
09/03/2024,28/08/1445,Saturday,Riyadh,No Holiday,,FALSE,FALSE,FALSE,FALSE,FALSE,FALSE,FALSE,,,FALSE,FALSE,FALSE,FALSE,20,22,7,93,
10/03/2024,29/08/1445,Sunday,Riyadh,No Holiday,,TRUE,FALSE,FALSE,FALSE,FALSE,FALSE,FALSE,Liverpool FC vs Manchester City FC,Preimer League,FALSE,FALSE,FALSE,FALSE,19,21,8,92,
11/03/2024,1/9/1445,Monday,Riyadh,No Holiday,,TRUE,FALSE,FALSE,TRUE,FALSE,FALSE,FALSE,"Ramadan is a period of prayer, reflection and fasting for many Muslims worldwide. It is the ninth month in the Islamic calendar.",UEFA CL,FALSE,FALSE,FALSE,FALSE,18,20,9,91,
12/03/2024,2/9/1445,Tuesday,Riyadh,No Holiday,,TRUE,FALSE,FALSE,FALSE,FALSE,FALSE,FALSE,Al Ittihad vs Al Nassr,"UEFA CL, KSA League",FALSE,FALSE,FALSE,FALSE,17,19,10,90,
13/03/2024,3/9/1445,Wednesday,Riyadh,No Holiday,,TRUE,FALSE,FALSE,FALSE,FALSE,FALSE,FALSE,,,FALSE,FALSE,FALSE,FALSE,16,18,11,89,
14/03/2024,4/9/1445,Thursday,Riyadh,No Holiday,,TRUE,FALSE,FALSE,FALSE,FALSE,FALSE,FALSE,,,FALSE,FALSE,FALSE,FALSE,15,17,12,88,
15/03/2024,5/9/1445,Friday,Riyadh,No Holiday,,FALSE,TRUE,FALSE,FALSE,FALSE,FALSE,FALSE,,,FALSE,FALSE,FALSE,FALSE,14,16,13,87,
16/03/2024,6/9/1445,Saturday,Riyadh,No Holiday,,FALSE,FALSE,FALSE,FALSE,FALSE,FALSE,FALSE,,,FALSE,FALSE,FALSE,FALSE,13,15,14,86,
17/03/2024,7/9/1445,Sunday,Riyadh,No Holiday,,TRUE,FALSE,FALSE,FALSE,FALSE,FALSE,FALSE,,La liga,FALSE,FALSE,FALSE,FALSE,12,14,15,85,
18/03/2024,8/9/1445,Monday,Riyadh,No Holiday,,TRUE,TRUE,FALSE,FALSE,FALSE,FALSE,TRUE,,,FALSE,FALSE,FALSE,FALSE,11,13,16,84,
19/03/2024,9/9/1445,Tuesday,Riyadh,No Holiday,,TRUE,TRUE,FALSE,FALSE,FALSE,FALSE,TRUE,,,FALSE,FALSE,FALSE,FALSE,10,12,17,83,
20/03/2024,10/9/1445,Wednesday,Riyadh,No Holiday,,TRUE,FALSE,FALSE,FALSE,FALSE,TRUE,FALSE,,,FALSE,FALSE,FALSE,FALSE,9,11,18,82,
21/03/2024,11/9/1445,Thursday,Riyadh,No Holiday,,TRUE,FALSE,FALSE,FALSE,FALSE,FALSE,FALSE,,World Cup,FALSE,FALSE,FALSE,FALSE,8,10,19,81,
22/03/2024,12/9/1445,Friday,Riyadh,No Holiday,,FALSE,FALSE,FALSE,FALSE,FALSE,FALSE,TRUE,,,FALSE,FALSE,FALSE,FALSE,7,9,20,80,
23/03/2024,13/09/1445,Saturday,Riyadh,No Holiday,,FALSE,FALSE,FALSE,FALSE,FALSE,FALSE,TRUE,March Equinox in Saudi Arabia (Riyadh),,FALSE,FALSE,FALSE,FALSE,6,8,21,79,
24/03/2024,14/09/1445,Sunday,Riyadh,No Holiday,,TRUE,TRUE,TRUE,TRUE,FALSE,FALSE,TRUE,,,FALSE,FALSE,FALSE,FALSE,5,7,22,78,
25/03/2024,15/09/1445,Monday,Riyadh,No Holiday,,TRUE,FALSE,FALSE,TRUE,FALSE,FALSE,FALSE,,,FALSE,FALSE,FALSE,FALSE,4,6,23,77,
26/03/2024,16/09/1445,Tuesday,Riyadh,No Holiday,,TRUE,FALSE,FALSE,FALSE,FALSE,FALSE,FALSE,,World Cup,FALSE,FALSE,FALSE,FALSE,3,5,24,76,
27/03/2024,17/09/1445,Wednesday,Riyadh,No Holiday,,TRUE,FALSE,FALSE,FALSE,FALSE,FALSE,FALSE,,,FALSE,FALSE,FALSE,TRUE,31,4,25,75,
28/03/2024,18/09/1445,Thursday,Riyadh,No Holiday,,FALSE,FALSE,FALSE,FALSE,FALSE,FALSE,FALSE,,,FALSE,FALSE,FALSE,FALSE,30,3,26,74,
29/03/2024,19/09/1445,Friday,Riyadh,No Holiday,,FALSE,FALSE,FALSE,FALSE,FALSE,FALSE,FALSE,,,FALSE,FALSE,FALSE,FALSE,29,2,27,73,
30/03/2024,20/09/1445,Saturday,Riyadh,No Holiday,,FALSE,TRUE,FALSE,FALSE,FALSE,FALSE,FALSE,"Al Shabab vs. Al Hilal,Score: 3:4, Audience: 12,087, King Fahd Staduim",KSA League,FALSE,FALSE,FALSE,FALSE,28,1,28,72,
31/03/2024,21/09/1445,Sunday,Riyadh,No Holiday,,FALSE,FALSE,FALSE,FALSE,FALSE,FALSE,TRUE,Manchester City FC vs Arsenal FC,Preimer League,FALSE,FALSE,FALSE,FALSE,27,0,29,71,
01/04/2024,22/09/1445,Monday,Riyadh,No Holiday,,FALSE,TRUE,FALSE,FALSE,FALSE,FALSE,TRUE,,,FALSE,FALSE,FALSE,FALSE,26,29,30,70,
02/04/2024,23/09/1445,Tuesday,Riyadh,No Holiday,,FALSE,FALSE,FALSE,FALSE,FALSE,FALSE,FALSE,,,FALSE,FALSE,FALSE,FALSE,25,28,31,69,
03/04/2024,24/09/1445,Wednesday,Riyadh,No Holiday,,FALSE,FALSE,FALSE,FALSE,FALSE,FALSE,TRUE,,,FALSE,FALSE,FALSE,FALSE,24,27,32,68,
04/04/2024,25/09/1445,Thursday,Riyadh,No Holiday,,FALSE,FALSE,FALSE,FALSE,FALSE,FALSE,FALSE,Chelsea FC vs Manchester United FC,Preimer League,FALSE,FALSE,FALSE,FALSE,23,26,33,67,
05/04/2024,26/09/1445,Friday,Riyadh,No Holiday,,FALSE,FALSE,FALSE,FALSE,FALSE,FALSE,FALSE,,,FALSE,FALSE,FALSE,FALSE,22,25,34,66,
06/04/2024,27/09/1445,Saturday,Riyadh,No Holiday,,FALSE,FALSE,FALSE,FALSE,FALSE,FALSE,FALSE,,,FALSE,FALSE,FALSE,FALSE,21,24,35,65,
07/04/2024,28/09/1445,Sunday,Riyadh,No Holiday,,FALSE,TRUE,TRUE,FALSE,FALSE,FALSE,TRUE,Manchester United FC vs Liverpool FC,Preimer League,FALSE,FALSE,FALSE,FALSE,20,23,36,64,
08/04/2024,29/09/1445,Monday,Riyadh,Eid al-Fitr Holiday,Eid al-Fitr Holiday is a national holiday in Saudi Arabia,FALSE,TRUE,FALSE,FALSE,FALSE,FALSE,TRUE,Al Hilal vs Al Nassr,KSA League,FALSE,FALSE,FALSE,FALSE,19,22,37,63,
09/04/2024,30/09/1445,Tuesday,Riyadh,Eid al-Fitr Holiday,Eid al-Fitr Holiday is a national holiday in Saudi Arabia,FALSE,TRUE,FALSE,FALSE,FALSE,FALSE,FALSE,,UEFA CL,FALSE,FALSE,FALSE,FALSE,18,21,38,62,
10/04/2024,1/10/1445,Wednesday,Riyadh,Eid al-Fitr Holiday,Eid al-Fitr Holiday is a national holiday in Saudi Arabia,FALSE,TRUE,FALSE,FALSE,FALSE,FALSE,TRUE,,UEFA CL,FALSE,FALSE,FALSE,FALSE,17,20,39,61,
11/04/2024,2/10/1445,Thursday,Riyadh,Eid al-Fitr Holiday,Eid al-Fitr Holiday is a national holiday in Saudi Arabia,FALSE,FALSE,FALSE,FALSE,FALSE,FALSE,FALSE,Al Ittihad vs Al Nassr,KSA League,FALSE,FALSE,FALSE,FALSE,16,19,40,60,
12/04/2024,3/10/1445,Friday,Riyadh,Eid al-Fitr Holiday,Eid al-Fitr Holiday is a national holiday in Saudi Arabia,FALSE,FALSE,FALSE,FALSE,FALSE,FALSE,FALSE,,,FALSE,FALSE,FALSE,FALSE,15,18,41,59,
13/04/2024,4/10/1445,Saturday,Riyadh,Eid al-Fitr Holiday,"Eid al-Fitr is a holiday to mark the end of the Islamic month of Ramadan, during which Muslims fast during the hours of daylight.",FALSE,FALSE,FALSE,FALSE,FALSE,FALSE,FALSE,,,FALSE,FALSE,FALSE,FALSE,14,17,42,58,
14/04/2024,5/10/1445,Sunday,Riyadh,No Holiday,,FALSE,FALSE,FALSE,FALSE,FALSE,FALSE,FALSE,,,FALSE,FALSE,FALSE,FALSE,13,16,43,57,
15/04/2024,6/10/1445,Monday,Riyadh,No Holiday,,TRUE,FALSE,TRUE,TRUE,FALSE,FALSE,FALSE,,,FALSE,FALSE,FALSE,FALSE,12,15,44,56,
16/04/2024,7/10/1445,Tuesday,Riyadh,No Holiday,,TRUE,FALSE,FALSE,TRUE,FALSE,FALSE,FALSE,,UEFA CL,FALSE,FALSE,FALSE,FALSE,11,14,45,55,
17/04/2024,8/10/1445,Wednesday,Riyadh,No Holiday,,TRUE,FALSE,FALSE,FALSE,FALSE,FALSE,FALSE,,UEFA CL,FALSE,FALSE,FALSE,FALSE,10,13,46,54,
18/04/2024,9/10/1445,Thursday,Riyadh,No Holiday,,TRUE,FALSE,FALSE,FALSE,FALSE,FALSE,FALSE,,,FALSE,FALSE,FALSE,FALSE,9,12,47,53,
19/04/2024,10/10/1445,Friday,Riyadh,No Holiday,,FALSE,FALSE,FALSE,FALSE,FALSE,FALSE,FALSE,,,FALSE,FALSE,FALSE,FALSE,8,11,48,52,
20/04/2024,11/10/1445,Saturday,Riyadh,No Holiday,,FALSE,FALSE,FALSE,FALSE,FALSE,FALSE,FALSE,,,FALSE,FALSE,FALSE,FALSE,7,10,49,51,
21/04/2024,12/10/1445,Sunday,Riyadh,No Holiday,,TRUE,FALSE,FALSE,FALSE,FALSE,FALSE,FALSE,,La liga,FALSE,FALSE,FALSE,FALSE,6,9,50,50,
22/04/2024,13/10/1445,Monday,Riyadh,No Holiday,,TRUE,FALSE,FALSE,FALSE,FALSE,FALSE,FALSE,,,FALSE,FALSE,FALSE,FALSE,5,8,51,49,
23/04/2024,14/10/1445,Tuesday,Riyadh,No Holiday,,TRUE,FALSE,FALSE,FALSE,FALSE,FALSE,FALSE,Arsenal FC vs Chelsea FC,Preimer League,FALSE,FALSE,FALSE,FALSE,4,7,52,48,
24/04/2024,15/10/1445,Wednesday,Riyadh,No Holiday,,TRUE,FALSE,FALSE,FALSE,FALSE,FALSE,FALSE,,,FALSE,FALSE,FALSE,FALSE,3,6,53,47,
25/04/2024,16/10/1445,Thursday,Riyadh,No Holiday,,TRUE,FALSE,FALSE,FALSE,FALSE,FALSE,FALSE,,,FALSE,FALSE,FALSE,FALSE,2,5,54,46,
26/04/2024,17/10/1445,Friday,Riyadh,No Holiday,,FALSE,FALSE,FALSE,FALSE,FALSE,FALSE,FALSE,,,FALSE,FALSE,FALSE,FALSE,1,4,55,45,
27/04/2024,18/10/1445,Saturday,Riyadh,No Holiday,,FALSE,FALSE,FALSE,FALSE,FALSE,FALSE,FALSE,,,FALSE,FALSE,FALSE,FALSE,0,3,56,44,
28/04/2024,19/10/1445,Sunday,Riyadh,No Holiday,,TRUE,TRUE,FALSE,TRUE,FALSE,FALSE,TRUE,Tottenham Hotspur FC vs Arsenal FC,Preimer League,FALSE,FALSE,FALSE,TRUE,31,2,57,43,
29/04/2024,20/10/1445,Monday,Riyadh,No Holiday,,TRUE,TRUE,FALSE,TRUE,FALSE,FALSE,FALSE,,,FALSE,FALSE,FALSE,FALSE,30,1,58,42,
30/04/2024,21/10/1445,Tuesday,Riyadh,No Holiday,,TRUE,FALSE,FALSE,FALSE,FALSE,FALSE,TRUE,Al Ittihad vs Al Nassr,"UEFA CL, KSA League",FALSE,FALSE,FALSE,FALSE,29,0,59,41,
01/05/2024,22/10/1445,Wednesday,Riyadh,No Holiday,,TRUE,FALSE,FALSE,TRUE,FALSE,FALSE,TRUE,,UEFA CL,FALSE,FALSE,FALSE,FALSE,28,30,60,40,
02/05/2024,23/10/1445,Thursday,Riyadh,No Holiday,,FALSE,FALSE,FALSE,FALSE,FALSE,FALSE,FALSE,Chelsea FC vs Tottenham Hotspur FC,Preimer League,FALSE,FALSE,FALSE,FALSE,27,29,61,39,
03/05/2024,24/10/1445,Friday,Riyadh,No Holiday,,FALSE,FALSE,FALSE,FALSE,FALSE,FALSE,FALSE,,,FALSE,FALSE,FALSE,FALSE,26,28,62,38,
04/05/2024,25/10/1445,Saturday,Riyadh,No Holiday,,FALSE,FALSE,FALSE,FALSE,FALSE,FALSE,FALSE,,,FALSE,FALSE,FALSE,FALSE,25,27,63,37,
05/05/2024,26/10/1445,Sunday,Riyadh,No Holiday,,TRUE,FALSE,FALSE,FALSE,FALSE,FALSE,FALSE,Liverpool FC vs Tottenham Hotspur FC,Preimer League,FALSE,FALSE,FALSE,FALSE,24,26,64,36,
06/05/2024,27/10/1445,Monday,Riyadh,No Holiday,,TRUE,FALSE,FALSE,FALSE,FALSE,FALSE,FALSE,,,FALSE,FALSE,FALSE,FALSE,23,25,65,35,
07/05/2024,28/10/1445,Tuesday,Riyadh,No Holiday,,TRUE,FALSE,FALSE,FALSE,FALSE,FALSE,FALSE,,UEFA CL,FALSE,FALSE,FALSE,FALSE,22,24,66,34,
08/05/2024,29/10/1445,Wednesday,Riyadh,No Holiday,,TRUE,FALSE,FALSE,FALSE,FALSE,FALSE,FALSE,,UEFA CL,FALSE,FALSE,FALSE,FALSE,21,23,67,33,
09/05/2024,1/11/1445,Thursday,Riyadh,No Holiday,,TRUE,FALSE,FALSE,FALSE,FALSE,FALSE,FALSE,,,FALSE,FALSE,FALSE,FALSE,20,22,68,32,
10/05/2024,2/11/1445,Friday,Riyadh,No Holiday,,FALSE,FALSE,FALSE,FALSE,FALSE,FALSE,FALSE,,,FALSE,FALSE,FALSE,FALSE,19,21,69,31,
11/05/2024,3/11/1445,Saturday,Riyadh,No Holiday,,FALSE,FALSE,FALSE,FALSE,FALSE,FALSE,FALSE,,,FALSE,FALSE,FALSE,FALSE,18,20,70,30,
12/05/2024,4/11/1445,Sunday,Riyadh,No Holiday,,TRUE,FALSE,FALSE,FALSE,FALSE,FALSE,FALSE,Manchester United FC vs Arsenal FC,Preimer League,FALSE,FALSE,FALSE,FALSE,17,19,71,29,
13/05/2024,5/11/1445,Monday,Riyadh,No Holiday,,TRUE,FALSE,FALSE,FALSE,FALSE,FALSE,FALSE,,,FALSE,FALSE,FALSE,FALSE,16,18,72,28,
14/05/2024,6/11/1445,Tuesday,Riyadh,No Holiday,,TRUE,FALSE,TRUE,FALSE,FALSE,FALSE,FALSE,Tottenham Hotspur FC vs Manchester City FC,Preimer League,FALSE,FALSE,FALSE,FALSE,15,17,73,27,
15/05/2024,7/11/1445,Wednesday,Riyadh,No Holiday,,TRUE,FALSE,FALSE,FALSE,FALSE,FALSE,FALSE,,,FALSE,FALSE,FALSE,FALSE,14,16,74,26,
16/05/2024,8/11/1445,Thursday,Riyadh,No Holiday,,TRUE,FALSE,TRUE,FALSE,FALSE,FALSE,FALSE,,,FALSE,FALSE,FALSE,FALSE,13,15,75,25,
17/05/2024,9/11/1445,Friday,Riyadh,No Holiday,,FALSE,FALSE,TRUE,FALSE,FALSE,FALSE,FALSE,"Al Hilal vs Al Nassr, Al Awwal Park",KSA League,FALSE,FALSE,FALSE,FALSE,12,14,76,24,
18/05/2024,10/11/1445,Saturday,Riyadh,No Holiday,,FALSE,FALSE,FALSE,FALSE,FALSE,FALSE,FALSE,,,FALSE,FALSE,FALSE,FALSE,11,13,77,23,
19/05/2024,11/11/1445,Sunday,Riyadh,No Holiday,,TRUE,FALSE,FALSE,FALSE,FALSE,FALSE,FALSE,,Preimer League,FALSE,FALSE,FALSE,FALSE,10,12,78,22,
20/05/2024,12/11/1445,Monday,Riyadh,No Holiday,,TRUE,FALSE,FALSE,FALSE,FALSE,FALSE,FALSE,,,FALSE,FALSE,FALSE,FALSE,9,11,79,21,
21/05/2024,13/11/1445,Tuesday,Riyadh,No Holiday,,TRUE,FALSE,FALSE,FALSE,FALSE,FALSE,FALSE,,,FALSE,FALSE,FALSE,FALSE,8,10,80,20,
22/05/2024,14/11/1445,Wednesday,Riyadh,No Holiday,,TRUE,FALSE,FALSE,FALSE,FALSE,FALSE,FALSE,,,FALSE,FALSE,FALSE,FALSE,7,9,81,19,
23/05/2024,15/11/1445,Thursday,Riyadh,No Holiday,,TRUE,FALSE,FALSE,FALSE,FALSE,FALSE,FALSE,,,FALSE,FALSE,FALSE,FALSE,6,8,82,18,
24/05/2024,16/11/1445,Friday,Riyadh,No Holiday,,FALSE,FALSE,FALSE,FALSE,FALSE,FALSE,FALSE,,,FALSE,FALSE,FALSE,FALSE,5,7,83,17,
25/05/2024,17/11/1445,Saturday,Riyadh,No Holiday,,FALSE,FALSE,FALSE,FALSE,FALSE,FALSE,FALSE,,,FALSE,FALSE,FALSE,FALSE,4,6,84,16,
26/05/2024,18/11/1445,Sunday,Riyadh,No Holiday,,TRUE,FALSE,FALSE,FALSE,FALSE,FALSE,FALSE,,La liga,FALSE,FALSE,FALSE,FALSE,3,5,85,15,
27/05/2024,19/11/1445,Monday,Riyadh,No Holiday,,TRUE,FALSE,FALSE,FALSE,FALSE,FALSE,FALSE,"Al Ittihad vs Al Nassr, Al Awwal Park",KSA League,FALSE,FALSE,FALSE,TRUE,31,4,86,14,
28/05/2024,20/11/1445,Tuesday,Riyadh,No Holiday,,TRUE,FALSE,FALSE,FALSE,FALSE,FALSE,FALSE,,,FALSE,FALSE,FALSE,FALSE,30,3,87,13,
29/05/2024,21/11/1445,Wednesday,Riyadh,No Holiday,,TRUE,FALSE,FALSE,FALSE,FALSE,FALSE,FALSE,,,FALSE,FALSE,FALSE,FALSE,29,2,88,12,
30/05/2024,22/11/1445,Thursday,Riyadh,No Holiday,,TRUE,FALSE,FALSE,FALSE,FALSE,FALSE,FALSE,,,FALSE,FALSE,FALSE,FALSE,28,1,89,11,
31/05/2024,23/11/1445,Friday,Riyadh,No Holiday,,FALSE,FALSE,FALSE,FALSE,FALSE,FALSE,FALSE,Al Hilal vs Al Nassr,KSA League,FALSE,FALSE,FALSE,FALSE,27,0,90,10,
01/06/2024,24/11/1445,Saturday,Riyadh,No Holiday,,FALSE,FALSE,FALSE,FALSE,FALSE,FALSE,FALSE,,UEFA CL,FALSE,FALSE,FALSE,FALSE,26,29,91,9,
02/06/2024,25/11/1445,Sunday,Riyadh,No Holiday,,TRUE,FALSE,FALSE,FALSE,FALSE,FALSE,FALSE,,,FALSE,FALSE,FALSE,FALSE,25,28,92,8,
03/06/2024,26/11/1445,Monday,Riyadh,No Holiday,,TRUE,FALSE,FALSE,FALSE,FALSE,FALSE,FALSE,,,FALSE,FALSE,FALSE,FALSE,24,27,93,7,
04/06/2024,27/11/1445,Tuesday,Riyadh,No Holiday,,TRUE,FALSE,FALSE,FALSE,FALSE,FALSE,FALSE,,,FALSE,FALSE,FALSE,FALSE,23,26,94,6,
05/06/2024,28/11/1445,Wednesday,Riyadh,No Holiday,,TRUE,FALSE,FALSE,FALSE,FALSE,FALSE,FALSE,,,FALSE,FALSE,FALSE,FALSE,22,25,95,5,
06/06/2024,29/11/1445,Thursday,Riyadh,No Holiday,,TRUE,FALSE,FALSE,FALSE,FALSE,FALSE,FALSE,,World Cup,FALSE,FALSE,FALSE,FALSE,21,24,96,4,
07/06/2024,1/12/1445,Friday,Riyadh,No Holiday,,FALSE,FALSE,FALSE,FALSE,FALSE,FALSE,FALSE,,,FALSE,FALSE,FALSE,FALSE,20,23,97,3,
08/06/2024,2/12/1445,Saturday,Riyadh,No Holiday,,FALSE,FALSE,FALSE,FALSE,FALSE,FALSE,FALSE,,,FALSE,FALSE,FALSE,FALSE,19,22,98,2,
09/06/2024,3/12/1445,Sunday,Riyadh,No Holiday,,TRUE,FALSE,FALSE,FALSE,FALSE,FALSE,FALSE,,,FALSE,FALSE,FALSE,FALSE,18,21,99,1,
10/06/2024,4/12/1445,Monday,Riyadh,No Holiday,,FALSE,FALSE,FALSE,FALSE,FALSE,FALSE,FALSE,,,FALSE,FALSE,FALSE,FALSE,17,20,"Vacation	",Vacation,
11/06/2024,5/12/1445,Tuesday,Riyadh,No Holiday,,FALSE,FALSE,FALSE,FALSE,FALSE,FALSE,FALSE,,World Cup,FALSE,FALSE,FALSE,FALSE,16,19,"Vacation	",Vacation,
12/06/2024,6/12/1445,Wednesday,Riyadh,No Holiday,,FALSE,FALSE,FALSE,FALSE,FALSE,FALSE,FALSE,,,FALSE,FALSE,FALSE,FALSE,15,18,"Vacation	",Vacation,
13/06/2024,7/12/1445,Thursday,Riyadh,No Holiday,,FALSE,FALSE,FALSE,FALSE,FALSE,FALSE,FALSE,,,FALSE,FALSE,FALSE,FALSE,14,17,"Vacation	",Vacation,
14/06/2024,8/12/1445,Friday,Riyadh,No Holiday,,FALSE,FALSE,FALSE,FALSE,FALSE,FALSE,FALSE,,,FALSE,FALSE,FALSE,FALSE,13,16,"Vacation	",Vacation,
15/06/2024,9/12/1445,Saturday,Riyadh,Arafat Day,Arafat Day is a national holiday in Saudi Arabia,FALSE,FALSE,FALSE,FALSE,FALSE,FALSE,FALSE,,,FALSE,FALSE,FALSE,FALSE,12,15,"Vacation	",Vacation,
16/06/2024,10/12/1445,Sunday,Riyadh,Eid al-Adha Holiday,Eid al-Adha Holiday is a national holiday in Saudi Arabia,FALSE,FALSE,FALSE,FALSE,FALSE,FALSE,FALSE,,,FALSE,FALSE,FALSE,FALSE,11,14,"Vacation	",Vacation,
17/06/2024,11/12/1445,Monday,Riyadh,Eid al-Adha Holiday,Eid al-Adha Holiday is a national holiday in Saudi Arabia,FALSE,FALSE,FALSE,FALSE,FALSE,FALSE,FALSE,,,FALSE,FALSE,FALSE,FALSE,10,13,"Vacation	",Vacation,
18/06/2024,12/12/1445,Tuesday,Riyadh,Eid al-Adha Holiday,Eid al-Adha Holiday is a national holiday in Saudi Arabia,FALSE,FALSE,FALSE,FALSE,FALSE,FALSE,FALSE,,,FALSE,FALSE,FALSE,FALSE,9,12,"Vacation	",Vacation,
19/06/2024,13/12/1445,Wednesday,Riyadh,Eid al-Adha Holiday,Eid al-Adha (Id ul-Adha) is an Islamic festival falling on the 10th day of the month of Dhul Hijja (Thou al-Hijja) to commemorate the willingness of Ibrahim (Abraham) to sacrifice his son.,FALSE,FALSE,FALSE,FALSE,FALSE,FALSE,FALSE,,,FALSE,FALSE,FALSE,FALSE,8,11,"Vacation	",Vacation,
20/06/2024,14/12/1445,Thursday,Riyadh,No Holiday,,FALSE,FALSE,TRUE,FALSE,FALSE,FALSE,FALSE,,,FALSE,FALSE,FALSE,FALSE,7,10,"Vacation	",Vacation,
21/06/2024,15/12/1445,Friday,Riyadh,No Holiday,,FALSE,FALSE,FALSE,FALSE,FALSE,FALSE,FALSE,,,FALSE,FALSE,FALSE,FALSE,6,9,"Vacation	",Vacation,
22/06/2024,16/12/1445,Saturday,Riyadh,No Holiday,,FALSE,FALSE,FALSE,FALSE,FALSE,FALSE,FALSE,,,FALSE,FALSE,FALSE,FALSE,5,8,"Vacation	",Vacation,
23/06/2024,17/12/1445,Sunday,Riyadh,No Holiday,,FALSE,FALSE,FALSE,FALSE,FALSE,FALSE,FALSE,June Solstice in Saudi Arabia (Riyadh),,FALSE,FALSE,FALSE,FALSE,4,7,"Vacation	",Vacation,
24/06/2024,18/12/1445,Monday,Riyadh,No Holiday,,FALSE,FALSE,FALSE,FALSE,FALSE,FALSE,FALSE,,,FALSE,FALSE,FALSE,FALSE,3,6,"Vacation	",Vacation,
25/06/2024,19/12/1445,Tuesday,Riyadh,No Holiday,,FALSE,FALSE,FALSE,FALSE,FALSE,FALSE,FALSE,,,FALSE,FALSE,FALSE,FALSE,2,5,"Vacation	",Vacation,
26/06/2024,20/12/1445,Wednesday,Riyadh,No Holiday,,FALSE,FALSE,FALSE,FALSE,FALSE,FALSE,FALSE,,,FALSE,FALSE,FALSE,FALSE,1,4,"Vacation	",Vacation,
27/06/2024,21/12/1445,Thursday,Riyadh,No Holiday,,FALSE,FALSE,FALSE,FALSE,FALSE,FALSE,FALSE,,,FALSE,FALSE,FALSE,TRUE,31,3,"Vacation	",Vacation,
28/06/2024,22/12/1445,Friday,Riyadh,No Holiday,,FALSE,FALSE,FALSE,FALSE,FALSE,FALSE,FALSE,,,FALSE,FALSE,FALSE,FALSE,30,2,"Vacation	",Vacation,
29/06/2024,23/12/1445,Saturday,Riyadh,No Holiday,,FALSE,FALSE,FALSE,FALSE,FALSE,FALSE,FALSE,,,FALSE,FALSE,FALSE,FALSE,29,1,"Vacation	",Vacation,
30/06/2024,24/12/1445,Sunday,Riyadh,No Holiday,,FALSE,FALSE,FALSE,FALSE,FALSE,FALSE,FALSE,,,FALSE,FALSE,FALSE,FALSE,28,0,"Vacation	",Vacation,
01/07/2024,25/12/1445,Monday,Riyadh,No Holiday,,FALSE,FALSE,FALSE,FALSE,FALSE,FALSE,FALSE,,,FALSE,FALSE,FALSE,FALSE,27,30,"Vacation	",Vacation,
02/07/2024,26/12/1445,Tuesday,Riyadh,No Holiday,,FALSE,FALSE,FALSE,FALSE,FALSE,FALSE,FALSE,,,FALSE,FALSE,FALSE,FALSE,26,29,"Vacation	",Vacation,
03/07/2024,27/12/1445,Wednesday,Riyadh,No Holiday,,FALSE,FALSE,FALSE,FALSE,FALSE,FALSE,FALSE,,,FALSE,FALSE,FALSE,FALSE,25,28,"Vacation	",Vacation,
04/07/2024,28/12/1445,Thursday,Riyadh,No Holiday,,FALSE,FALSE,FALSE,FALSE,FALSE,FALSE,FALSE,,,FALSE,FALSE,FALSE,FALSE,24,27,"Vacation	",Vacation,
05/07/2024,29/12/1445,Friday,Riyadh,No Holiday,,FALSE,FALSE,FALSE,FALSE,FALSE,FALSE,FALSE,,,FALSE,FALSE,FALSE,FALSE,23,26,"Vacation	",Vacation,
06/07/2024,30/12/1445,Saturday,Riyadh,No Holiday,,FALSE,FALSE,FALSE,FALSE,FALSE,FALSE,FALSE,,,FALSE,FALSE,FALSE,FALSE,22,25,"Vacation	",Vacation,
07/07/2024,1/1/1446,Sunday,Riyadh,No Holiday,,FALSE,FALSE,FALSE,FALSE,FALSE,FALSE,FALSE,,,FALSE,FALSE,FALSE,FALSE,21,24,"Vacation	",Vacation,
08/07/2024,2/1/1446,Monday,Riyadh,No Holiday,,FALSE,FALSE,FALSE,FALSE,FALSE,FALSE,FALSE,,,FALSE,FALSE,FALSE,FALSE,20,23,"Vacation	",Vacation,
09/07/2024,3/1/1446,Tuesday,Riyadh,No Holiday,,FALSE,FALSE,FALSE,FALSE,FALSE,FALSE,FALSE,,,FALSE,FALSE,FALSE,FALSE,19,22,"Vacation	",Vacation,
10/07/2024,4/1/1446,Wednesday,Riyadh,No Holiday,,FALSE,FALSE,FALSE,FALSE,FALSE,FALSE,FALSE,Muharram is the first month of the Islamic calendar and a time of remembrance or mourning.,,FALSE,FALSE,FALSE,FALSE,18,21,"Vacation	",Vacation,
11/07/2024,5/1/1446,Thursday,Riyadh,No Holiday,,FALSE,FALSE,FALSE,FALSE,FALSE,FALSE,FALSE,,,FALSE,FALSE,FALSE,FALSE,17,20,"Vacation	",Vacation,
12/07/2024,6/1/1446,Friday,Riyadh,No Holiday,,FALSE,FALSE,FALSE,FALSE,FALSE,FALSE,FALSE,,,FALSE,FALSE,FALSE,FALSE,16,19,"Vacation	",Vacation,
13/07/2024,7/1/1446,Saturday,Riyadh,No Holiday,,FALSE,FALSE,FALSE,FALSE,FALSE,FALSE,FALSE,,,FALSE,FALSE,FALSE,FALSE,15,18,"Vacation	",Vacation,
14/07/2024,8/1/1446,Sunday,Riyadh,No Holiday,,FALSE,FALSE,FALSE,FALSE,FALSE,FALSE,FALSE,,,FALSE,FALSE,FALSE,FALSE,14,17,"Vacation	",Vacation,
15/07/2024,9/1/1446,Monday,Riyadh,No Holiday,,FALSE,FALSE,FALSE,FALSE,FALSE,FALSE,FALSE,,,FALSE,FALSE,FALSE,FALSE,13,16,"Vacation	",Vacation,
16/07/2024,10/1/1446,Tuesday,Riyadh,No Holiday,,FALSE,FALSE,FALSE,FALSE,FALSE,FALSE,FALSE,,,FALSE,FALSE,FALSE,FALSE,12,15,"Vacation	",Vacation,
17/07/2024,11/1/1446,Wednesday,Riyadh,No Holiday,,FALSE,FALSE,FALSE,FALSE,FALSE,FALSE,FALSE,,,FALSE,FALSE,FALSE,FALSE,11,14,"Vacation	",Vacation,
18/07/2024,12/1/1446,Thursday,Riyadh,No Holiday,,FALSE,FALSE,FALSE,FALSE,FALSE,FALSE,FALSE,,,FALSE,FALSE,FALSE,FALSE,10,13,"Vacation	",Vacation,
19/07/2024,13/01/1446,Friday,Riyadh,No Holiday,,FALSE,FALSE,FALSE,FALSE,FALSE,FALSE,FALSE,,,FALSE,FALSE,FALSE,FALSE,9,12,"Vacation	",Vacation,
20/07/2024,14/01/1446,Saturday,Riyadh,No Holiday,,FALSE,FALSE,FALSE,FALSE,FALSE,FALSE,FALSE,,,FALSE,FALSE,FALSE,FALSE,8,11,"Vacation	",Vacation,
21/07/2024,15/01/1446,Sunday,Riyadh,No Holiday,,FALSE,FALSE,FALSE,FALSE,FALSE,FALSE,FALSE,,,FALSE,FALSE,FALSE,FALSE,7,10,"Vacation	",Vacation,
22/07/2024,16/01/1446,Monday,Riyadh,No Holiday,,FALSE,FALSE,FALSE,FALSE,FALSE,FALSE,FALSE,,,FALSE,FALSE,FALSE,FALSE,6,9,"Vacation	",Vacation,
23/07/2024,17/01/1446,Tuesday,Riyadh,No Holiday,,FALSE,FALSE,FALSE,FALSE,FALSE,FALSE,FALSE,,,FALSE,FALSE,FALSE,FALSE,5,8,"Vacation	",Vacation,
24/07/2024,18/01/1446,Wednesday,Riyadh,No Holiday,,FALSE,FALSE,FALSE,FALSE,FALSE,FALSE,FALSE,,,FALSE,FALSE,FALSE,FALSE,4,7,"Vacation	",Vacation,
25/07/2024,19/01/1446,Thursday,Riyadh,No Holiday,,FALSE,FALSE,FALSE,FALSE,FALSE,FALSE,FALSE,,,FALSE,FALSE,FALSE,FALSE,3,6,"Vacation	",Vacation,
26/07/2024,20/01/1446,Friday,Riyadh,No Holiday,,FALSE,FALSE,FALSE,FALSE,FALSE,FALSE,FALSE,,,FALSE,FALSE,FALSE,FALSE,2,5,"Vacation	",Vacation,
27/07/2024,21/01/1446,Saturday,Riyadh,No Holiday,,FALSE,FALSE,FALSE,FALSE,FALSE,FALSE,FALSE,,,FALSE,FALSE,FALSE,FALSE,1,4,"Vacation	",Vacation,
28/07/2024,22/01/1446,Sunday,Riyadh,No Holiday,,FALSE,FALSE,FALSE,FALSE,FALSE,FALSE,FALSE,,,FALSE,FALSE,FALSE,TRUE,31,3,"Vacation	",Vacation,
29/07/2024,23/01/1446,Monday,Riyadh,No Holiday,,FALSE,FALSE,FALSE,FALSE,FALSE,FALSE,FALSE,,,FALSE,FALSE,FALSE,FALSE,30,2,"Vacation	",Vacation,
30/07/2024,24/01/1446,Tuesday,Riyadh,No Holiday,,FALSE,FALSE,FALSE,FALSE,FALSE,FALSE,FALSE,,,FALSE,FALSE,FALSE,FALSE,29,1,"Vacation	",Vacation,
31/07/2024,25/01/1446,Wednesday,Riyadh,No Holiday,,FALSE,FALSE,FALSE,FALSE,FALSE,FALSE,FALSE,,,FALSE,FALSE,FALSE,FALSE,28,0,"Vacation	",Vacation,
01/08/2024,26/01/1446,Thursday,Riyadh,No Holiday,,FALSE,FALSE,FALSE,FALSE,FALSE,FALSE,FALSE,,,FALSE,FALSE,FALSE,FALSE,27,30,"Vacation	",Vacation,
02/08/2024,27/01/1446,Friday,Riyadh,No Holiday,,FALSE,FALSE,FALSE,FALSE,FALSE,FALSE,FALSE,,,FALSE,FALSE,FALSE,FALSE,26,29,"Vacation	",Vacation,
03/08/2024,28/01/1446,Saturday,Riyadh,No Holiday,,FALSE,FALSE,FALSE,FALSE,FALSE,FALSE,FALSE,,,FALSE,FALSE,FALSE,FALSE,25,28,"Vacation	",Vacation,
04/08/2024,29/01/1446,Sunday,Riyadh,No Holiday,,FALSE,FALSE,FALSE,FALSE,FALSE,FALSE,FALSE,,,FALSE,FALSE,FALSE,FALSE,24,27,"Vacation	",Vacation,
05/08/2024,1/2/1446,Monday,Riyadh,No Holiday,,FALSE,FALSE,FALSE,TRUE,FALSE,FALSE,FALSE,,,FALSE,FALSE,FALSE,FALSE,23,26,"Vacation	",Vacation,
06/08/2024,2/2/1446,Tuesday,Riyadh,No Holiday,,FALSE,FALSE,FALSE,FALSE,FALSE,FALSE,FALSE,,,FALSE,FALSE,FALSE,FALSE,22,25,"Vacation	",Vacation,
07/08/2024,3/2/1446,Wednesday,Riyadh,No Holiday,,FALSE,FALSE,FALSE,FALSE,FALSE,FALSE,FALSE,,,FALSE,FALSE,FALSE,FALSE,21,24,"Vacation	",Vacation,
08/08/2024,4/2/1446,Thursday,Riyadh,No Holiday,,FALSE,FALSE,FALSE,FALSE,FALSE,FALSE,FALSE,,,FALSE,FALSE,FALSE,FALSE,20,23,"Vacation	",Vacation,
09/08/2024,5/2/1446,Friday,Riyadh,No Holiday,,FALSE,FALSE,FALSE,FALSE,FALSE,FALSE,FALSE,,,FALSE,FALSE,FALSE,FALSE,19,22,"Vacation	",Vacation,
10/08/2024,6/2/1446,Saturday,Riyadh,No Holiday,,FALSE,FALSE,FALSE,FALSE,FALSE,FALSE,FALSE,,,FALSE,FALSE,FALSE,FALSE,18,21,"Vacation	",Vacation,
11/08/2024,7/2/1446,Sunday,Riyadh,No Holiday,,FALSE,FALSE,FALSE,FALSE,FALSE,FALSE,FALSE,,,FALSE,FALSE,FALSE,FALSE,17,20,"Vacation	",Vacation,
12/08/2024,8/2/1446,Monday,Riyadh,No Holiday,,FALSE,FALSE,FALSE,FALSE,FALSE,FALSE,FALSE,,,FALSE,FALSE,FALSE,FALSE,16,19,"Vacation	",Vacation,
13/08/2024,9/2/1446,Tuesday,Riyadh,No Holiday,,FALSE,FALSE,FALSE,FALSE,FALSE,FALSE,FALSE,,,FALSE,FALSE,FALSE,FALSE,15,18,"Vacation	",Vacation,
14/08/2024,10/2/1446,Wednesday,Riyadh,No Holiday,,FALSE,FALSE,FALSE,FALSE,FALSE,FALSE,FALSE,,,FALSE,FALSE,FALSE,FALSE,14,17,"Vacation	",Vacation,
15/08/2024,11/2/1446,Thursday,Riyadh,No Holiday,,FALSE,FALSE,FALSE,FALSE,FALSE,FALSE,FALSE,,,FALSE,FALSE,FALSE,FALSE,13,16,"Vacation	",Vacation,
16/08/2024,12/2/1446,Friday,Riyadh,No Holiday,,FALSE,FALSE,FALSE,,FALSE,FALSE,FALSE,,,FALSE,FALSE,FALSE,FALSE,12,15,"Vacation	",Vacation,
17/08/2024,13/02/1446,Saturday,Riyadh,No Holiday,,FALSE,FALSE,FALSE,,FALSE,FALSE,FALSE,"Al Hilal vs Al Nassr, King Fahd Stadium",KSA League,FALSE,FALSE,FALSE,FALSE,11,14,"Vacation	",Vacation,
18/08/2024,14/02/1446,Sunday,Riyadh,No Holiday,,TRUE,FALSE,FALSE,,FALSE,FALSE,FALSE,Chelsea FC vs Manchester City FC,Preimer League,FALSE,FALSE,FALSE,FALSE,10,13,1,81,1 - 1446
19/08/2024,15/02/1446,Monday,Riyadh,No Holiday,,TRUE,FALSE,FALSE,,FALSE,FALSE,FALSE,,,FALSE,FALSE,FALSE,FALSE,9,12,2,80,
20/08/2024,16/02/1446,Tuesday,Riyadh,No Holiday,,TRUE,FALSE,FALSE,FALSE,FALSE,FALSE,FALSE,,,FALSE,FALSE,FALSE,FALSE,8,11,3,79,
21/08/2024,17/02/1446,Wednesday,Riyadh,No Holiday,,TRUE,FALSE,FALSE,FALSE,FALSE,FALSE,FALSE,,,FALSE,FALSE,FALSE,FALSE,7,10,4,78,
22/08/2024,18/02/1446,Thursday,Riyadh,No Holiday,,TRUE,FALSE,FALSE,FALSE,FALSE,FALSE,FALSE,,,FALSE,FALSE,FALSE,FALSE,6,9,5,77,
23/08/2024,19/02/1446,Friday,Riyadh,No Holiday,,FALSE,FALSE,FALSE,FALSE,FALSE,FALSE,FALSE,,,FALSE,FALSE,FALSE,FALSE,5,8,6,76,
24/08/2024,20/02/1446,Saturday,Riyadh,No Holiday,,FALSE,FALSE,FALSE,,FALSE,FALSE,FALSE,,,FALSE,FALSE,FALSE,FALSE,4,7,7,75,
25/08/2024,21/02/1446,Sunday,Riyadh,No Holiday,,TRUE,FALSE,FALSE,,FALSE,FALSE,FALSE,,,FALSE,FALSE,FALSE,FALSE,3,6,8,74,
26/08/2024,22/02/1446,Monday,Riyadh,No Holiday,,TRUE,FALSE,FALSE,FALSE,FALSE,FALSE,FALSE,,,FALSE,FALSE,FALSE,FALSE,2,5,9,73,
27/08/2024,23/02/1446,Tuesday,Riyadh,No Holiday,,TRUE,FALSE,FALSE,FALSE,FALSE,FALSE,FALSE,,,FALSE,FALSE,FALSE,TRUE,31,4,10,72,
28/08/2024,24/02/1446,Wednesday,Riyadh,No Holiday,,TRUE,FALSE,FALSE,FALSE,FALSE,FALSE,FALSE,,,FALSE,FALSE,FALSE,FALSE,30,3,11,71,
29/08/2024,25/02/1446,Thursday,Riyadh,No Holiday,,TRUE,FALSE,FALSE,FALSE,FALSE,FALSE,FALSE,,,FALSE,FALSE,FALSE,FALSE,29,2,12,70,
30/08/2024,26/02/1446,Friday,Riyadh,No Holiday,,FALSE,FALSE,FALSE,FALSE,FALSE,FALSE,FALSE,,,FALSE,FALSE,FALSE,FALSE,28,1,13,69,
31/08/2024,27/02/1446,Saturday,Riyadh,No Holiday,,FALSE,FALSE,FALSE,,FALSE,FALSE,FALSE,,,FALSE,FALSE,FALSE,FALSE,27,0,14,68,
01/09/2024,28/02/1446,Sunday,Riyadh,No Holiday,,TRUE,FALSE,FALSE,,FALSE,FALSE,FALSE,Manchester United FC vs Liverpool FC,Preimer League,FALSE,FALSE,FALSE,FALSE,26,29,15,67,
02/09/2024,29/02/1446,Monday,Riyadh,No Holiday,,TRUE,FALSE,FALSE,FALSE,FALSE,FALSE,FALSE,,,FALSE,FALSE,FALSE,FALSE,25,28,16,66,
03/09/2024,30/02/1446,Tuesday,Riyadh,No Holiday,,TRUE,FALSE,FALSE,FALSE,FALSE,FALSE,FALSE,,,FALSE,FALSE,FALSE,FALSE,24,27,17,65,
04/09/2024,1/3/1446,Wednesday,Riyadh,No Holiday,,TRUE,FALSE,FALSE,FALSE,FALSE,FALSE,FALSE,,,FALSE,FALSE,FALSE,FALSE,23,26,18,64,
05/09/2024,2/3/1446,Thursday,Riyadh,No Holiday,,TRUE,FALSE,FALSE,FALSE,FALSE,FALSE,FALSE,,World Cup,FALSE,FALSE,FALSE,FALSE,22,25,19,63,
06/09/2024,3/3/1446,Friday,Riyadh,No Holiday,,FALSE,FALSE,FALSE,FALSE,FALSE,FALSE,FALSE,,,FALSE,FALSE,FALSE,FALSE,21,24,20,62,
07/09/2024,4/3/1446,Saturday,Riyadh,No Holiday,,FALSE,FALSE,FALSE,FALSE,FALSE,FALSE,FALSE,,,FALSE,FALSE,FALSE,FALSE,20,23,21,61,
08/09/2024,5/3/1446,Sunday,Riyadh,No Holiday,,TRUE,FALSE,FALSE,FALSE,FALSE,FALSE,FALSE,,,FALSE,FALSE,FALSE,FALSE,19,22,22,60,
09/09/2024,6/3/1446,Monday,Riyadh,No Holiday,,TRUE,FALSE,FALSE,FALSE,FALSE,FALSE,FALSE,,,FALSE,FALSE,FALSE,FALSE,18,21,23,59,
10/09/2024,7/3/1446,Tuesday,Riyadh,No Holiday,,TRUE,FALSE,FALSE,FALSE,FALSE,FALSE,FALSE,,World Cup,FALSE,FALSE,FALSE,FALSE,17,20,24,58,
11/09/2024,8/3/1446,Wednesday,Riyadh,No Holiday,,TRUE,FALSE,FALSE,FALSE,FALSE,FALSE,FALSE,,,FALSE,FALSE,FALSE,FALSE,16,19,25,57,
12/09/2024,9/3/1446,Thursday,Riyadh,No Holiday,,TRUE,FALSE,FALSE,FALSE,FALSE,FALSE,FALSE,,,FALSE,FALSE,FALSE,FALSE,15,18,26,56,
13/09/2024,10/3/1446,Friday,Riyadh,No Holiday,,FALSE,FALSE,FALSE,FALSE,FALSE,FALSE,FALSE,,,FALSE,FALSE,FALSE,FALSE,14,17,27,55,
14/09/2024,11/3/1446,Saturday,Riyadh,No Holiday,,FALSE,FALSE,FALSE,,FALSE,FALSE,FALSE,,,FALSE,FALSE,FALSE,FALSE,13,16,28,54,
15/09/2024,12/3/1446,Sunday,Riyadh,No Holiday,,TRUE,FALSE,FALSE,,FALSE,FALSE,FALSE,Tottenham Hotspur FC vs Arsenal FC,Preimer League,FALSE,FALSE,FALSE,FALSE,12,15,29,53,
16/09/2024,13/03/1446,Monday,Riyadh,No Holiday,,TRUE,FALSE,FALSE,FALSE,FALSE,FALSE,FALSE,,,FALSE,FALSE,FALSE,FALSE,11,14,30,52,
17/09/2024,14/03/1446,Tuesday,Riyadh,No Holiday,,TRUE,FALSE,FALSE,FALSE,FALSE,FALSE,FALSE,,UEFA CL,FALSE,FALSE,FALSE,FALSE,10,13,31,51,
18/09/2024,15/03/1446,Wednesday,Riyadh,No Holiday,,TRUE,FALSE,FALSE,FALSE,FALSE,FALSE,FALSE,,UEFA CL,FALSE,FALSE,FALSE,FALSE,9,12,32,50,
19/09/2024,16/03/1446,Thursday,Riyadh,No Holiday,,TRUE,FALSE,FALSE,FALSE,FALSE,FALSE,FALSE,Al Ittihad vs Al Nassr,"UEFA CL, KSA League",FALSE,FALSE,FALSE,FALSE,8,11,33,49,
20/09/2024,17/03/1446,Friday,Riyadh,No Holiday,,FALSE,FALSE,FALSE,FALSE,FALSE,FALSE,FALSE,,,FALSE,FALSE,FALSE,FALSE,7,10,34,48,
21/09/2024,18/03/1446,Saturday,Riyadh,No Holiday,,FALSE,FALSE,FALSE,,FALSE,FALSE,FALSE,Al Ittihad vs Al Nassr,KSA League,FALSE,FALSE,FALSE,FALSE,6,9,35,47,
22/09/2024,19/03/1446,Sunday,Riyadh,No Holiday,,FALSE,FALSE,FALSE,,FALSE,FALSE,FALSE,Manchester City FC vs Arsenal FC,Preimer League,FALSE,FALSE,FALSE,FALSE,5,8,36,46,
23/09/2024,20/03/1446,Monday,Riyadh,Saudi National Day,Saudi National Day is a national holiday in Saudi Arabia,FALSE,FALSE,FALSE,FALSE,FALSE,FALSE,FALSE,,,FALSE,FALSE,FALSE,FALSE,4,7,37,45,
24/09/2024,21/03/1446,Tuesday,Riyadh,No Holiday,,TRUE,FALSE,FALSE,FALSE,FALSE,FALSE,FALSE,,,FALSE,FALSE,FALSE,FALSE,3,6,38,44,
25/09/2024,22/03/1446,Wednesday,Riyadh,No Holiday,,TRUE,FALSE,FALSE,FALSE,FALSE,FALSE,FALSE,September Equinox in Saudi Arabia (Riyadh),,FALSE,FALSE,FALSE,FALSE,2,5,39,43,
26/09/2024,23/03/1446,Thursday,Riyadh,No Holiday,,TRUE,FALSE,TRUE,FALSE,FALSE,FALSE,FALSE,,,FALSE,FALSE,FALSE,TRUE,31,4,40,42,
27/09/2024,24/03/1446,Friday,Riyadh,No Holiday,,FALSE,FALSE,FALSE,FALSE,FALSE,FALSE,FALSE,,,FALSE,FALSE,FALSE,FALSE,30,3,41,41,
28/09/2024,25/03/1446,Saturday,Riyadh,No Holiday,,FALSE,FALSE,FALSE,,FALSE,FALSE,FALSE,,,FALSE,FALSE,FALSE,FALSE,29,2,42,40,
29/09/2024,26/03/1446,Sunday,Riyadh,No Holiday,,TRUE,FALSE,FALSE,,FALSE,FALSE,FALSE,Manchester United FC vs Tottenham Hotspur FC,"Preimer League, La liga",FALSE,FALSE,FALSE,FALSE,28,1,43,39,
30/09/2024,27/03/1446,Monday,Riyadh,No Holiday,,TRUE,FALSE,FALSE,,FALSE,FALSE,FALSE,,,FALSE,FALSE,FALSE,FALSE,27,0,44,38,
01/10/2024,28/03/1446,Tuesday,Riyadh,No Holiday,,TRUE,FALSE,FALSE,FALSE,FALSE,FALSE,FALSE,,UEFA CL,FALSE,FALSE,FALSE,FALSE,26,30,45,37,
02/10/2024,29/03/1446,Wednesday,Riyadh,No Holiday,,TRUE,FALSE,FALSE,FALSE,FALSE,FALSE,FALSE,,UEFA CL,FALSE,FALSE,FALSE,FALSE,25,29,46,36,
03/10/2024,30/03/1446,Thursday,Riyadh,No Holiday,,TRUE,FALSE,FALSE,FALSE,FALSE,FALSE,FALSE,,,FALSE,FALSE,FALSE,FALSE,24,28,47,35,
04/10/2024,1/4/1446,Friday,Riyadh,No Holiday,,FALSE,FALSE,FALSE,FALSE,FALSE,FALSE,FALSE,,,FALSE,FALSE,FALSE,FALSE,23,27,48,34,
05/10/2024,2/4/1446,Saturday,Riyadh,No Holiday,,FALSE,FALSE,FALSE,,FALSE,FALSE,FALSE,,,FALSE,FALSE,FALSE,FALSE,22,26,49,33,
06/10/2024,3/4/1446,Sunday,Riyadh,No Holiday,,TRUE,FALSE,FALSE,,FALSE,FALSE,FALSE,,,FALSE,FALSE,FALSE,FALSE,21,25,50,32,
07/10/2024,4/4/1446,Monday,Riyadh,No Holiday,,TRUE,FALSE,FALSE,FALSE,FALSE,FALSE,FALSE,,,FALSE,FALSE,FALSE,FALSE,20,24,51,31,
08/10/2024,5/4/1446,Tuesday,Riyadh,No Holiday,,TRUE,FALSE,FALSE,FALSE,FALSE,FALSE,FALSE,,,FALSE,FALSE,FALSE,FALSE,19,23,52,30,
09/10/2024,6/4/1446,Wednesday,Riyadh,No Holiday,,TRUE,FALSE,FALSE,FALSE,FALSE,FALSE,FALSE,,,FALSE,FALSE,FALSE,FALSE,18,22,53,29,
10/10/2024,7/4/1446,Thursday,Riyadh,No Holiday,,TRUE,FALSE,FALSE,FALSE,FALSE,FALSE,FALSE,,World Cup,FALSE,FALSE,FALSE,FALSE,17,21,54,28,
11/10/2024,8/4/1446,Friday,Riyadh,No Holiday,,FALSE,FALSE,FALSE,FALSE,FALSE,FALSE,FALSE,,,FALSE,FALSE,FALSE,FALSE,16,20,55,27,
12/10/2024,9/4/1446,Saturday,Riyadh,No Holiday,,FALSE,FALSE,FALSE,FALSE,FALSE,FALSE,FALSE,,,بدء موسم الرياض 2024,"توسعة مناطق الترفيه بنسبة 40%، وإضافة مناطق جديدة مثل ""THE VENUE"".",رابط,FALSE,15,19,56,26,
13/10/2024,10/4/1446,Sunday,Riyadh,No Holiday,,TRUE,FALSE,FALSE,FALSE,FALSE,FALSE,FALSE,,,FALSE,FALSE,FALSE,FALSE,14,18,57,25,
14/10/2024,11/4/1446,Monday,Riyadh,No Holiday,,TRUE,FALSE,FALSE,FALSE,FALSE,FALSE,FALSE,,,FALSE,FALSE,FALSE,FALSE,13,17,58,24,
15/10/2024,12/4/1446,Tuesday,Riyadh,No Holiday,,TRUE,FALSE,FALSE,FALSE,FALSE,FALSE,FALSE,,World Cup,FALSE,FALSE,FALSE,FALSE,12,16,59,23,
16/10/2024,13/04/1446,Wednesday,Riyadh,No Holiday,,TRUE,FALSE,FALSE,FALSE,FALSE,FALSE,FALSE,,,FALSE,FALSE,FALSE,FALSE,11,15,60,22,
17/10/2024,14/04/1446,Thursday,Riyadh,No Holiday,,FALSE,FALSE,FALSE,FALSE,FALSE,FALSE,FALSE,Long weekend,,FALSE,FALSE,FALSE,FALSE,10,14,61,21,
18/10/2024,15/04/1446,Friday,Riyadh,No Holiday,,FALSE,FALSE,FALSE,FALSE,FALSE,FALSE,FALSE,,,FALSE,FALSE,FALSE,FALSE,9,13,62,20,
19/10/2024,16/04/1446,Saturday,Riyadh,No Holiday,,FALSE,FALSE,FALSE,,FALSE,FALSE,FALSE,,,FALSE,FALSE,FALSE,FALSE,8,12,63,19,
20/10/2024,17/04/1446,Sunday,Riyadh,No Holiday,,TRUE,FALSE,FALSE,,FALSE,FALSE,FALSE,Liverpool FC vs Chelsea FC,"Preimer League, La liga",FALSE,FALSE,FALSE,FALSE,7,11,64,18,
21/10/2024,18/04/1446,Monday,Riyadh,No Holiday,,TRUE,FALSE,FALSE,,FALSE,FALSE,FALSE,,,FALSE,FALSE,FALSE,FALSE,6,10,65,17,
22/10/2024,19/04/1446,Tuesday,Riyadh,No Holiday,,TRUE,FALSE,FALSE,FALSE,FALSE,FALSE,FALSE,,UEFA CL,FALSE,FALSE,FALSE,FALSE,5,9,66,16,
23/10/2024,20/04/1446,Wednesday,Riyadh,No Holiday,,TRUE,FALSE,TRUE,TRUE,FALSE,FALSE,FALSE,,UEFA CL,FALSE,FALSE,FALSE,FALSE,4,8,67,15,
24/10/2024,21/04/1446,Thursday,Riyadh,No Holiday,,TRUE,FALSE,TRUE,FALSE,FALSE,FALSE,FALSE,,,"افتتاح مدينة ""سيكس فلاجز القدية""",أكبر مدينة ملاهي في العالم، مما جعلها نقطة جذب سياحي رئيسية.,رابط,FALSE,3,7,68,14,
25/10/2024,22/04/1446,Friday,Riyadh,No Holiday,,FALSE,FALSE,FALSE,,FALSE,FALSE,FALSE,,,FALSE,FALSE,FALSE,FALSE,2,6,69,13,
26/10/2024,23/04/1446,Saturday,Riyadh,No Holiday,,FALSE,FALSE,FALSE,,FALSE,FALSE,FALSE,,La liga,FALSE,FALSE,FALSE,FALSE,1,5,70,12,
27/10/2024,24/04/1446,Sunday,Riyadh,No Holiday,,TRUE,FALSE,FALSE,,FALSE,FALSE,FALSE,Arsenal FC vs Liverpool FC,Preimer League,FALSE,FALSE,FALSE,TRUE,31,4,71,11,
28/10/2024,25/04/1446,Monday,Riyadh,No Holiday,,TRUE,FALSE,FALSE,FALSE,FALSE,FALSE,FALSE,,,FALSE,FALSE,FALSE,FALSE,30,3,72,10,
29/10/2024,26/04/1446,Tuesday,Riyadh,No Holiday,,TRUE,FALSE,FALSE,FALSE,FALSE,FALSE,FALSE,,,FALSE,FALSE,FALSE,FALSE,29,2,73,9,
30/10/2024,27/04/1446,Wednesday,Riyadh,No Holiday,,TRUE,FALSE,FALSE,FALSE,FALSE,FALSE,FALSE,,,FALSE,FALSE,FALSE,FALSE,28,1,74,8,
31/10/2024,28/04/1446,Thursday,Riyadh,No Holiday,,TRUE,TRUE,FALSE,FALSE,FALSE,FALSE,FALSE,,,FALSE,FALSE,FALSE,FALSE,27,0,75,7,
01/11/2024,29/04/1446,Friday,Riyadh,No Holiday,,FALSE,TRUE,FALSE,FALSE,FALSE,FALSE,TRUE,Al Hilal vs Al Nassr,KSA League,FALSE,FALSE,FALSE,FALSE,26,29,76,6,
02/11/2024,30/04/1446,Saturday,Riyadh,No Holiday,,FALSE,FALSE,FALSE,,FALSE,FALSE,FALSE,,,FALSE,FALSE,FALSE,FALSE,25,28,77,5,
03/11/2024,1/5/1446,Sunday,Riyadh,No Holiday,,TRUE,FALSE,FALSE,,FALSE,FALSE,FALSE,Manchester United FC vs Chelsea FC,Preimer League,FALSE,FALSE,FALSE,FALSE,24,27,78,4,
04/11/2024,2/5/1446,Monday,Riyadh,No Holiday,,TRUE,FALSE,FALSE,,FALSE,FALSE,FALSE,,,FALSE,FALSE,FALSE,FALSE,23,26,79,3,
05/11/2024,3/5/1446,Tuesday,Riyadh,No Holiday,,TRUE,FALSE,FALSE,FALSE,FALSE,FALSE,FALSE,,UEFA CL,FALSE,FALSE,FALSE,FALSE,22,25,80,2,
06/11/2024,4/5/1446,Wednesday,Riyadh,No Holiday,,TRUE,FALSE,FALSE,FALSE,FALSE,FALSE,FALSE,,UEFA CL,FALSE,FALSE,FALSE,FALSE,21,24,81,1,
07/11/2024,5/5/1446,Thursday,Riyadh,No Holiday,,FALSE,FALSE,FALSE,FALSE,FALSE,FALSE,FALSE,,,FALSE,FALSE,FALSE,FALSE,20,23,"Vacation	",Vacation,
08/11/2024,6/5/1446,Friday,Riyadh,No Holiday,,FALSE,FALSE,FALSE,FALSE,FALSE,FALSE,FALSE,,,FALSE,FALSE,FALSE,FALSE,19,22,"Vacation	",Vacation,
09/11/2024,7/5/1446,Saturday,Riyadh,No Holiday,,FALSE,FALSE,FALSE,,FALSE,FALSE,FALSE,,,FALSE,FALSE,FALSE,FALSE,18,21,"Vacation	",Vacation,
10/11/2024,8/5/1446,Sunday,Riyadh,No Holiday,,FALSE,FALSE,FALSE,,FALSE,FALSE,FALSE,Chelsea FC vs Arsenal FC,Preimer League,FALSE,FALSE,FALSE,FALSE,17,20,"Vacation	",Vacation,
11/11/2024,9/5/1446,Monday,Riyadh,No Holiday,,FALSE,FALSE,FALSE,FALSE,FALSE,FALSE,FALSE,,,القمة العربية الإسلامية الاستثنائية الثانية,"امتداد للقمة السابقة، ناقشت تصعيد العدوان الإسرائيلي في لبنان وغزة، وحضرها ممثلون عن 57 دولة إسلامية و22 دولة عربية. ركزت على الدعوة لوقف ""الإبادة الجماعية"" في غزة وتقديم دعم مالي وسياسي لفلسطين ولبنان.",رابط,FALSE,16,19,"Vacation	",Vacation,
12/11/2024,10/5/1446,Tuesday,Riyadh,No Holiday,,FALSE,FALSE,FALSE,FALSE,FALSE,FALSE,FALSE,,,FALSE,FALSE,FALSE,FALSE,15,18,"Vacation	",Vacation,
13/11/2024,11/5/1446,Wednesday,Riyadh,No Holiday,,FALSE,FALSE,FALSE,FALSE,FALSE,FALSE,FALSE,,,FALSE,FALSE,FALSE,FALSE,14,17,"Vacation	",Vacation,
14/11/2024,12/5/1446,Thursday,Riyadh,No Holiday,,FALSE,FALSE,FALSE,FALSE,FALSE,FALSE,FALSE,,World Cup,FALSE,FALSE,FALSE,FALSE,13,16,"Vacation	",Vacation,
15/11/2024,13/05/1446,Friday,Riyadh,No Holiday,,FALSE,FALSE,FALSE,FALSE,FALSE,FALSE,FALSE,,,FALSE,FALSE,FALSE,FALSE,12,15,"Vacation	",Vacation,
16/11/2024,14/05/1446,Saturday,Riyadh,No Holiday,,FALSE,FALSE,FALSE,FALSE,FALSE,FALSE,FALSE,,,FALSE,FALSE,FALSE,FALSE,11,14,"Vacation	",Vacation,
17/11/2024,15/05/1446,Sunday,Riyadh,No Holiday,,TRUE,FALSE,FALSE,FALSE,FALSE,FALSE,FALSE,,,FALSE,FALSE,FALSE,FALSE,10,13,1,95,2 - 1446
18/11/2024,16/05/1446,Monday,Riyadh,No Holiday,,TRUE,FALSE,FALSE,FALSE,FALSE,FALSE,FALSE,,,FALSE,FALSE,FALSE,FALSE,9,12,2,94,
19/11/2024,17/05/1446,Tuesday,Riyadh,No Holiday,,TRUE,FALSE,FALSE,FALSE,FALSE,FALSE,FALSE,,World Cup,FALSE,FALSE,FALSE,FALSE,8,11,3,93,
20/11/2024,18/05/1446,Wednesday,Riyadh,No Holiday,,TRUE,FALSE,FALSE,FALSE,FALSE,FALSE,FALSE,,,FALSE,FALSE,FALSE,FALSE,7,10,4,92,
21/11/2024,19/05/1446,Thursday,Riyadh,No Holiday,,TRUE,FALSE,FALSE,FALSE,FALSE,FALSE,FALSE,,,FALSE,FALSE,FALSE,FALSE,6,9,5,91,
22/11/2024,20/05/1446,Friday,Riyadh,No Holiday,,FALSE,FALSE,FALSE,FALSE,FALSE,FALSE,FALSE,,,FALSE,FALSE,FALSE,FALSE,5,8,6,90,
23/11/2024,21/05/1446,Saturday,Riyadh,No Holiday,,FALSE,FALSE,FALSE,,FALSE,FALSE,FALSE,Manchester City FC vs Tottenham Hotspur FC,Preimer League,FALSE,FALSE,FALSE,FALSE,4,7,7,89,
24/11/2024,22/05/1446,Sunday,Riyadh,No Holiday,,TRUE,FALSE,FALSE,,FALSE,FALSE,FALSE,,,FALSE,FALSE,FALSE,FALSE,3,6,8,88,
25/11/2024,23/05/1446,Monday,Riyadh,No Holiday,,TRUE,FALSE,FALSE,,FALSE,FALSE,FALSE,,,FALSE,FALSE,FALSE,FALSE,2,5,9,87,
26/11/2024,24/05/1446,Tuesday,Riyadh,No Holiday,,TRUE,FALSE,FALSE,FALSE,FALSE,FALSE,FALSE,,UEFA CL,FALSE,FALSE,FALSE,FALSE,1,4,10,86,
27/11/2024,25/05/1446,Wednesday,Riyadh,No Holiday,,TRUE,FALSE,FALSE,TRUE,FALSE,TRUE,FALSE,,UEFA CL,FALSE,FALSE,FALSE,TRUE,31,3,11,85,
28/11/2024,26/05/1446,Thursday,Riyadh,No Holiday,,TRUE,FALSE,FALSE,FALSE,FALSE,FALSE,TRUE,,,FALSE,FALSE,FALSE,FALSE,30,2,12,84,
29/11/2024,27/05/1446,Friday,Riyadh,No Holiday,,FALSE,FALSE,FALSE,,FALSE,FALSE,FALSE,,,FALSE,FALSE,FALSE,FALSE,29,1,13,83,
30/11/2024,28/05/1446,Saturday,Riyadh,No Holiday,,FALSE,FALSE,FALSE,,FALSE,FALSE,FALSE,,,FALSE,FALSE,FALSE,FALSE,28,0,14,82,
01/12/2024,29/05/1446,Sunday,Riyadh,No Holiday,,TRUE,FALSE,FALSE,,FALSE,FALSE,FALSE,Liverpool FC vs Manchester City FC,Preimer League,FALSE,FALSE,FALSE,FALSE,27,30,15,81,
02/12/2024,1/6/1446,Monday,Riyadh,No Holiday,,TRUE,FALSE,FALSE,FALSE,FALSE,FALSE,FALSE,,,FALSE,FALSE,FALSE,FALSE,26,29,16,80,
03/12/2024,2/6/1446,Tuesday,Riyadh,No Holiday,,TRUE,FALSE,FALSE,,FALSE,FALSE,FALSE,,,FALSE,FALSE,FALSE,FALSE,25,28,17,79,
04/12/2024,3/6/1446,Wednesday,Riyadh,No Holiday,,TRUE,FALSE,FALSE,,FALSE,FALSE,FALSE,Arsenal FC vs Manchester United FC,Preimer League,FALSE,FALSE,FALSE,FALSE,24,27,18,78,
05/12/2024,4/6/1446,Thursday,Riyadh,No Holiday,,TRUE,FALSE,FALSE,,FALSE,FALSE,FALSE,,,FALSE,FALSE,FALSE,FALSE,23,26,19,77,
06/12/2024,5/6/1446,Friday,Riyadh,No Holiday,,FALSE,FALSE,FALSE,FALSE,FALSE,FALSE,FALSE,Al Ittihad vs Al Nassr,KSA League,FALSE,FALSE,FALSE,FALSE,22,25,20,76,
07/12/2024,6/6/1446,Saturday,Riyadh,No Holiday,,FALSE,FALSE,FALSE,,FALSE,TRUE,FALSE,,,FALSE,FALSE,FALSE,FALSE,21,24,21,75,
08/12/2024,7/6/1446,Sunday,Riyadh,No Holiday,,TRUE,FALSE,FALSE,,FALSE,FALSE,FALSE,Tottenham Hotspur FC vs Chelsea FC,Preimer League,FALSE,FALSE,FALSE,FALSE,20,23,22,74,
09/12/2024,8/6/1446,Monday,Riyadh,No Holiday,,TRUE,FALSE,FALSE,,FALSE,FALSE,FALSE,,,FALSE,FALSE,FALSE,FALSE,19,22,23,73,
10/12/2024,9/6/1446,Tuesday,Riyadh,No Holiday,,TRUE,FALSE,FALSE,FALSE,FALSE,FALSE,FALSE,,UEFA CL,FALSE,FALSE,FALSE,FALSE,18,21,24,72,
11/12/2024,10/6/1446,Wednesday,Riyadh,No Holiday,,FALSE,FALSE,FALSE,FALSE,FALSE,FALSE,FALSE,,UEFA CL,FALSE,FALSE,FALSE,FALSE,17,20,25,71,
12/12/2024,11/6/1446,Thursday,Riyadh,No Holiday,,FALSE,FALSE,FALSE,FALSE,FALSE,FALSE,FALSE,,,FALSE,FALSE,FALSE,FALSE,16,19,26,70,
13/12/2024,12/6/1446,Friday,Riyadh,No Holiday,,FALSE,FALSE,FALSE,FALSE,FALSE,FALSE,FALSE,,,FALSE,FALSE,FALSE,FALSE,15,18,27,69,
14/12/2024,13/06/1446,Saturday,Riyadh,No Holiday,,FALSE,FALSE,FALSE,,FALSE,FALSE,FALSE,,,FALSE,FALSE,FALSE,FALSE,14,17,28,68,
15/12/2024,14/06/1446,Sunday,Riyadh,No Holiday,,TRUE,FALSE,FALSE,,FALSE,FALSE,FALSE,Manchester City FC vs Manchester United FC,Preimer League,FALSE,FALSE,FALSE,FALSE,13,16,29,67,
16/12/2024,15/06/1446,Monday,Riyadh,No Holiday,,TRUE,FALSE,FALSE,,FALSE,FALSE,FALSE,,,FALSE,FALSE,FALSE,FALSE,12,15,30,66,
17/12/2024,16/06/1446,Tuesday,Riyadh,No Holiday,,TRUE,FALSE,FALSE,FALSE,FALSE,FALSE,FALSE,,,FALSE,FALSE,FALSE,FALSE,11,14,31,65,
18/12/2024,17/06/1446,Wednesday,Riyadh,No Holiday,,TRUE,FALSE,FALSE,FALSE,FALSE,FALSE,FALSE,,,FALSE,FALSE,FALSE,FALSE,10,13,32,64,
19/12/2024,18/06/1446,Thursday,Riyadh,No Holiday,,TRUE,FALSE,FALSE,FALSE,FALSE,FALSE,FALSE,,,FALSE,FALSE,FALSE,FALSE,9,12,33,63,
20/12/2024,19/06/1446,Friday,Riyadh,No Holiday,,FALSE,FALSE,FALSE,FALSE,FALSE,FALSE,FALSE,,,FALSE,FALSE,FALSE,FALSE,8,11,34,62,
21/12/2024,20/06/1446,Saturday,Riyadh,No Holiday,,FALSE,FALSE,FALSE,,FALSE,FALSE,FALSE,,"La liga, Gulf Cup",FALSE,FALSE,FALSE,FALSE,7,10,35,61,
22/12/2024,21/06/1446,Sunday,Riyadh,No Holiday,,TRUE,FALSE,FALSE,,FALSE,FALSE,FALSE,Tottenham Hotspur FC vs Liverpool FC,"Preimer League, La liga, Gulf Cup",FALSE,FALSE,FALSE,FALSE,6,9,36,60,
23/12/2024,22/06/1446,Monday,Riyadh,No Holiday,,TRUE,FALSE,FALSE,FALSE,FALSE,FALSE,FALSE,,,FALSE,FALSE,FALSE,FALSE,5,8,37,59,
24/12/2024,23/06/1446,Tuesday,Riyadh,No Holiday,,TRUE,FALSE,FALSE,FALSE,FALSE,FALSE,FALSE,December Solstice in Saudi Arabia (Riyadh),Gulf Cup,FALSE,FALSE,FALSE,FALSE,4,7,38,58,
25/12/2024,24/06/1446,Wednesday,Riyadh,No Holiday,,TRUE,FALSE,FALSE,FALSE,FALSE,FALSE,FALSE,,Gulf Cup,FALSE,FALSE,FALSE,FALSE,3,6,39,57,
26/12/2024,25/06/1446,Thursday,Riyadh,No Holiday,,TRUE,FALSE,FALSE,,FALSE,FALSE,,,,FALSE,FALSE,FALSE,TRUE,31,5,40,56,
27/12/2024,26/06/1446,Friday,Riyadh,No Holiday,,FALSE,FALSE,FALSE,,FALSE,FALSE,,,Gulf Cup,FALSE,FALSE,FALSE,FALSE,30,4,41,55,
28/12/2024,27/06/1446,Saturday,Riyadh,No Holiday,,FALSE,FALSE,FALSE,FALSE,FALSE,FALSE,FALSE,,Gulf Cup,FALSE,FALSE,FALSE,FALSE,29,3,42,54,
29/12/2024,28/06/1446,Sunday,Riyadh,No Holiday,,TRUE,FALSE,FALSE,,FALSE,FALSE,,,,FALSE,FALSE,FALSE,FALSE,28,2,43,53,
30/12/2024,29/06/1446,Monday,Riyadh,No Holiday,,TRUE,FALSE,FALSE,,FALSE,FALSE,,,,FALSE,FALSE,FALSE,FALSE,27,1,44,52,
31/12/2024,30/06/1446,Tuesday,Riyadh,No Holiday,,TRUE,FALSE,FALSE,FALSE,FALSE,FALSE,FALSE,,Gulf Cup,FALSE,FALSE,FALSE,FALSE,26,0,45,51,
01/01/2025,1/7/1446,Wednesday,Riyadh,No Holiday,,TRUE,FALSE,FALSE,,FALSE,FALSE,,,,FALSE,FALSE,FALSE,-,25,30,46,50,
02/01/2025,2/7/1446,Thursday,Riyadh,No Holiday,,TRUE,FALSE,FALSE,FALSE,FALSE,FALSE,FALSE,,,FALSE,FALSE,FALSE,-,24,29,47,49,
03/01/2025,3/7/1446,Friday,Riyadh,No Holiday,,FALSE,FALSE,FALSE,FALSE,FALSE,FALSE,FALSE,,,FALSE,FALSE,FALSE,-,23,28,48,48,
04/01/2025,4/7/1446,Saturday,Riyadh,No Holiday,,FALSE,FALSE,FALSE,,FALSE,FALSE,,,Gulf Cup,FALSE,FALSE,FALSE,-,22,27,49,47,
05/01/2025,5/7/1446,Sunday,Riyadh,No Holiday,,FALSE,FALSE,FALSE,,FALSE,FALSE,,Liverpool FC vs Manchester United FC,Preimer League,افتتاح المسار البرتقالي لقطار الرياض,تعزيز شبكة النقل العام وتسهيل حركة السكان والزوار.,رابط,-,21,26,50,46,
06/01/2025,6/7/1446,Monday,Riyadh,No Holiday,,FALSE,FALSE,TRUE,,FALSE,FALSE,,,,FALSE,FALSE,FALSE,-,20,25,51,45,
07/01/2025,7/7/1446,Tuesday,Riyadh,No Holiday,,FALSE,FALSE,FALSE,FALSE,FALSE,FALSE,FALSE,Al Ittihad vs Al Nassr,KSA League,FALSE,FALSE,FALSE,-,19,24,52,44,
08/01/2025,8/7/1446,Wednesday,Riyadh,No Holiday,,FALSE,FALSE,FALSE,FALSE,FALSE,FALSE,FALSE,,,FALSE,FALSE,FALSE,-,18,23,53,43,
09/01/2025,9/7/1446,Thursday,Riyadh,No Holiday,,FALSE,FALSE,FALSE,FALSE,FALSE,TRUE,FALSE,,,FALSE,FALSE,FALSE,-,17,22,54,42,
10/01/2025,10/7/1446,Friday,Riyadh,No Holiday,,FALSE,FALSE,FALSE,FALSE,FALSE,FALSE,FALSE,,,FALSE,FALSE,FALSE,-,16,21,55,41,
11/01/2025,11/7/1446,Saturday,Riyadh,No Holiday,,FALSE,FALSE,FALSE,FALSE,FALSE,FALSE,FALSE,,,FALSE,FALSE,FALSE,-,15,20,56,40,
12/01/2025,12/7/1446,Sunday,Riyadh,No Holiday,,TRUE,TRUE,FALSE,FALSE,FALSE,FALSE,TRUE,,,FALSE,FALSE,FALSE,-,14,19,57,39,
13/01/2025,13/07/1446,Monday,Riyadh,No Holiday,,TRUE,FALSE,FALSE,FALSE,FALSE,FALSE,FALSE,,,FALSE,FALSE,FALSE,-,13,18,58,38,
14/01/2025,14/07/1446,Tuesday,Riyadh,No Holiday,,TRUE,FALSE,FALSE,,FALSE,FALSE,,,,FALSE,FALSE,FALSE,-,12,17,59,37,
15/01/2025,15/07/1446,Wednesday,Riyadh,No Holiday,,TRUE,FALSE,FALSE,,FALSE,FALSE,,Arsenal FC vs Tottenham Hotspur FC,Preimer League,FALSE,FALSE,FALSE,-,11,16,60,36,
16/01/2025,16/07/1446,Thursday,Riyadh,No Holiday,,TRUE,FALSE,FALSE,,FALSE,FALSE,,,,FALSE,FALSE,FALSE,-,10,15,61,35,
17/01/2025,17/07/1446,Friday,Riyadh,No Holiday,,FALSE,FALSE,FALSE,FALSE,FALSE,FALSE,FALSE,,,FALSE,FALSE,FALSE,-,9,14,62,34,
18/01/2025,18/07/1446,Saturday,Riyadh,No Holiday,,FALSE,FALSE,FALSE,,FALSE,FALSE,,,,FALSE,FALSE,FALSE,-,8,13,63,33,
19/01/2025,19/07/1446,Sunday,Riyadh,No Holiday,,TRUE,FALSE,FALSE,,FALSE,FALSE,,,,FALSE,FALSE,FALSE,-,7,12,64,32,
20/01/2025,20/07/1446,Monday,Riyadh,No Holiday,,TRUE,FALSE,FALSE,,FALSE,FALSE,,,,FALSE,FALSE,FALSE,-,6,11,65,31,
21/01/2025,21/07/1446,Tuesday,Riyadh,No Holiday,,TRUE,FALSE,FALSE,FALSE,FALSE,FALSE,FALSE,,UEFA CL,FALSE,FALSE,FALSE,-,5,10,66,30,
22/01/2025,22/07/1446,Wednesday,Riyadh,No Holiday,,TRUE,FALSE,FALSE,FALSE,FALSE,FALSE,FALSE,,UEFA CL,FALSE,FALSE,FALSE,-,4,9,67,29,
23/01/2025,23/07/1446,Thursday,Riyadh,No Holiday,,TRUE,FALSE,FALSE,FALSE,FALSE,FALSE,FALSE,,,FALSE,FALSE,FALSE,-,3,8,68,28,
24/01/2025,24/07/1446,Friday,Riyadh,No Holiday,,FALSE,FALSE,FALSE,FALSE,FALSE,FALSE,FALSE,,,FALSE,FALSE,FALSE,-,2,7,69,27,
25/01/2025,25/07/1446,Saturday,Riyadh,No Holiday,,FALSE,FALSE,FALSE,,FALSE,FALSE,,Manchester City FC vs Chelsea FC,Preimer League,FALSE,FALSE,FALSE,-,1,6,70,26,
26/01/2025,26/07/1446,Sunday,Riyadh,No Holiday,,TRUE,TRUE,FALSE,,FALSE,FALSE,,,,FALSE,FALSE,FALSE,-,0,5,71,25,
27/01/2025,27/07/1446,Monday,Riyadh,No Holiday,,TRUE,FALSE,FALSE,FALSE,FALSE,TRUE,FALSE,,,"إطلاق مشاريع ضخمة مثل ""حديقة الملك سلمان"" و""وادي السلي""",تحسين البنية التحتية والمساحات الخضراء، مما يعزز جودة الحياة في الرياض.,رابط,-,,4,72,24,
28/01/2025,28/07/1446,Tuesday,Riyadh,No Holiday,,TRUE,FALSE,FALSE,FALSE,FALSE,TRUE,FALSE,,,FALSE,FALSE,FALSE,-,,3,73,23,
29/01/2025,29/07/1446,Wednesday,Riyadh,No Holiday,,TRUE,,,,,,,,UEFA CL,FALSE,FALSE,FALSE,-,,2,74,22,
30/01/2025,30/07/1446,Thursday,Riyadh,No Holiday,,TRUE,,,,,,,,,FALSE,FALSE,FALSE,-,,1,75,21,
31/01/2025,1/8/1446,Friday,Riyadh,No Holiday,,FALSE,,,,,,,,,FALSE,FALSE,FALSE,-,,0,76,20,
01/02/2025,2/8/1446,Saturday,Riyadh,No Holiday,,FALSE,,,,,,,,,"فعالية ""ليلة صوت الأرض"" تكريمًا للفنان طلال مداح",زيادة الاهتمام بالفنون والثقافة المحلية، مع مشاركة نجوم عالميين.,رابط,-,,,77,19,
02/02/2025,3/8/1446,Sunday,Riyadh,No Holiday,,TRUE,,,,,,,Arsenal FC vs Manchester City FC,Preimer League,FALSE,FALSE,FALSE,-,,,78,18,
03/02/2025,4/8/1446,Monday,Riyadh,No Holiday,,TRUE,,,,,,,,,FALSE,FALSE,FALSE,-,,,79,17,
04/02/2025,5/8/1446,Tuesday,Riyadh,No Holiday,,TRUE,,,,,,,,,FALSE,FALSE,FALSE,-,,,80,16,
05/02/2025,6/8/1446,Wednesday,Riyadh,No Holiday,,TRUE,,,,,,,,,FALSE,FALSE,FALSE,-,,,81,15,
06/02/2025,7/8/1446,Thursday,Riyadh,No Holiday,,TRUE,,,,,,,,,FALSE,FALSE,FALSE,-,,,82,14,
07/02/2025,8/8/1446,Friday,Riyadh,No Holiday,,FALSE,,,,,,,,,FALSE,FALSE,FALSE,-,,,83,13,
08/02/2025,9/8/1446,Saturday,Riyadh,No Holiday,,FALSE,,,,,,,,La liga,FALSE,FALSE,FALSE,-,,,84,12,
09/02/2025,10/8/1446,Sunday,Riyadh,No Holiday,,TRUE,,,,,,,,La liga,FALSE,FALSE,FALSE,-,,,85,11,
10/02/2025,11/8/1446,Monday,Riyadh,No Holiday,,TRUE,,,,,,,,,FALSE,FALSE,FALSE,-,,,86,10,
11/02/2025,12/8/1446,Tuesday,Riyadh,No Holiday,,TRUE,,,,,,,,,FALSE,FALSE,FALSE,-,,,87,9,
12/02/2025,,,,,,,,,,,,,,,FALSE,FALSE,FALSE,-,,,88,8,
13/02/2025,,,,,,,,,,,,,,,FALSE,FALSE,FALSE,,,,89,7,
14/02/2025,,,,,,,,,,,,,,,FALSE,FALSE,FALSE,,,,90,6,
15/02/2025,,,,,,,,,,,,,,,FALSE,FALSE,FALSE,,,,91,5,
16/02/2025,,,,,,,,,,,,,,,FALSE,FALSE,FALSE,,,,92,4,
17/02/2025,,,,,,,,,,,,,,,FALSE,FALSE,FALSE,,,,93,3,
18/02/2025,,,,,,,,,,,,,,,FALSE,FALSE,FALSE,,,,94,2,
19/02/2025,,,,,,,,,,,,,,,FALSE,FALSE,FALSE,,,,95,1,
20/02/2025,,,,,,,,,,,,,,,FALSE,FALSE,FALSE,,,,"Vacation	",Vacation,
21/02/2025,,,,,,,,,,,,,,,FALSE,FALSE,FALSE,,,,"Vacation	",Vacation,
22/02/2025,,,,,,,,,,,,,,,احتفالات يوم التأسيس السعودي,فعاليات ثقافية وترفيهية تعكس تاريخ وتراث المملكة.,رابط,,,,"Vacation	",Vacation,
